id,family_id,split,style,question,intent,skill,entities,expected_action,backend_sources,response_strategy,must_do,must_not,clarification_question,notes
GREET_001-01,GREET_001,train,natural,Chào shop,GREETING,,{},GREET_AND_DISCOVER_NEED,[],SHORT_DISCOVERY,"[""Greet briefly and ask what product category or need the customer has.""]","[""Do not dump a long list of capabilities.""]",,
GREET_001-02,GREET_001,train,no_accent,Chao shop,GREETING,,{},GREET_AND_DISCOVER_NEED,[],SHORT_DISCOVERY,"[""Greet briefly and ask what product category or need the customer has.""]","[""Do not dump a long list of capabilities.""]",,
GREET_001-03,GREET_001,train,natural,Shop ơi tư vấn giúp mình với,GREETING,,{},GREET_AND_DISCOVER_NEED,[],SHORT_DISCOVERY,"[""Greet briefly and ask what product category or need the customer has.""]","[""Do not dump a long list of capabilities.""]",,
GREET_001-04,GREET_001,train,no_accent,Shop oi tu van giup minh voi,GREETING,,{},GREET_AND_DISCOVER_NEED,[],SHORT_DISCOVERY,"[""Greet briefly and ask what product category or need the customer has.""]","[""Do not dump a long list of capabilities.""]",,
GREET_001-05,GREET_001,train,slang,shop ơi tu van giúp mình với,GREETING,,{},GREET_AND_DISCOVER_NEED,[],SHORT_DISCOVERY,"[""Greet briefly and ask what product category or need the customer has.""]","[""Do not dump a long list of capabilities.""]",,
GREET_001-06,GREET_001,train,natural,Có ai tư vấn không?,GREETING,,{},GREET_AND_DISCOVER_NEED,[],SHORT_DISCOVERY,"[""Greet briefly and ask what product category or need the customer has.""]","[""Do not dump a long list of capabilities.""]",,
GREET_001-07,GREET_001,train,no_accent,Co ai tu van khong?,GREETING,,{},GREET_AND_DISCOVER_NEED,[],SHORT_DISCOVERY,"[""Greet briefly and ask what product category or need the customer has.""]","[""Do not dump a long list of capabilities.""]",,
GREET_001-08,GREET_001,train,slang,có ai tu van ko?,GREETING,,{},GREET_AND_DISCOVER_NEED,[],SHORT_DISCOVERY,"[""Greet briefly and ask what product category or need the customer has.""]","[""Do not dump a long list of capabilities.""]",,
GREET_001-09,GREET_001,train,natural,Tôi muốn mua đồ điện máy,GREETING,,{},GREET_AND_DISCOVER_NEED,[],SHORT_DISCOVERY,"[""Greet briefly and ask what product category or need the customer has.""]","[""Do not dump a long list of capabilities.""]",,
GREET_001-10,GREET_001,train,no_accent,Toi muon mua do dien may,GREETING,,{},GREET_AND_DISCOVER_NEED,[],SHORT_DISCOVERY,"[""Greet briefly and ask what product category or need the customer has.""]","[""Do not dump a long list of capabilities.""]",,
GREET_001-11,GREET_001,train,natural,"Hello, mình cần tư vấn sản phẩm",GREETING,,{},GREET_AND_DISCOVER_NEED,[],SHORT_DISCOVERY,"[""Greet briefly and ask what product category or need the customer has.""]","[""Do not dump a long list of capabilities.""]",,
GREET_001-12,GREET_001,train,no_accent,"Hello, minh can tu van san pham",GREETING,,{},GREET_AND_DISCOVER_NEED,[],SHORT_DISCOVERY,"[""Greet briefly and ask what product category or need the customer has.""]","[""Do not dump a long list of capabilities.""]",,
GREET_001-13,GREET_001,train,slang,"hello, mình cần tu van sản phẩm",GREETING,,{},GREET_AND_DISCOVER_NEED,[],SHORT_DISCOVERY,"[""Greet briefly and ask what product category or need the customer has.""]","[""Do not dump a long list of capabilities.""]",,
CAT_001-01,CAT_001,test,natural,Shop đang bán những loại điều hòa nào?,CATEGORY_DISCOVERY,,"{""category_or_feature"": ""extract""}",QUERY_CATALOG_CATEGORY,"[""PRODUCT_DB"", ""CATEGORY_DB""]",CATEGORY_LIST,"[""Return only categories/types actually available in catalog.""]","[""Do not invent product, price, stock, promotion, ranking or specification."", ""Use only verified backend/system data for factual commerce claims.""]",,
CAT_001-02,CAT_001,test,no_accent,Shop dang ban nhung loai dieu hoa nao?,CATEGORY_DISCOVERY,,"{""category_or_feature"": ""extract""}",QUERY_CATALOG_CATEGORY,"[""PRODUCT_DB"", ""CATEGORY_DB""]",CATEGORY_LIST,"[""Return only categories/types actually available in catalog.""]","[""Do not invent product, price, stock, promotion, ranking or specification."", ""Use only verified backend/system data for factual commerce claims.""]",,
CAT_001-03,CAT_001,test,slang,shop đang bán những loại dieu hoa nào?,CATEGORY_DISCOVERY,,"{""category_or_feature"": ""extract""}",QUERY_CATALOG_CATEGORY,"[""PRODUCT_DB"", ""CATEGORY_DB""]",CATEGORY_LIST,"[""Return only categories/types actually available in catalog.""]","[""Do not invent product, price, stock, promotion, ranking or specification."", ""Use only verified backend/system data for factual commerce claims.""]",,
CAT_001-04,CAT_001,test,natural,Bên mình có những dòng máy giặt nào?,CATEGORY_DISCOVERY,,"{""category_or_feature"": ""extract""}",QUERY_CATALOG_CATEGORY,"[""PRODUCT_DB"", ""CATEGORY_DB""]",CATEGORY_LIST,"[""Return only categories/types actually available in catalog.""]","[""Do not invent product, price, stock, promotion, ranking or specification."", ""Use only verified backend/system data for factual commerce claims.""]",,
CAT_001-05,CAT_001,test,no_accent,Ben minh co nhung dong may giat nao?,CATEGORY_DISCOVERY,,"{""category_or_feature"": ""extract""}",QUERY_CATALOG_CATEGORY,"[""PRODUCT_DB"", ""CATEGORY_DB""]",CATEGORY_LIST,"[""Return only categories/types actually available in catalog.""]","[""Do not invent product, price, stock, promotion, ranking or specification."", ""Use only verified backend/system data for factual commerce claims.""]",,
CAT_001-06,CAT_001,test,slang,bên mình có những dòng may giat nào?,CATEGORY_DISCOVERY,,"{""category_or_feature"": ""extract""}",QUERY_CATALOG_CATEGORY,"[""PRODUCT_DB"", ""CATEGORY_DB""]",CATEGORY_LIST,"[""Return only categories/types actually available in catalog.""]","[""Do not invent product, price, stock, promotion, ranking or specification."", ""Use only verified backend/system data for factual commerce claims.""]",,
CAT_001-07,CAT_001,test,natural,Có tủ lạnh side by side không?,CATEGORY_DISCOVERY,,"{""category_or_feature"": ""extract""}",QUERY_CATALOG_CATEGORY,"[""PRODUCT_DB"", ""CATEGORY_DB""]",CATEGORY_LIST,"[""Return only categories/types actually available in catalog.""]","[""Do not invent product, price, stock, promotion, ranking or specification."", ""Use only verified backend/system data for factual commerce claims.""]",,
CAT_001-08,CAT_001,test,no_accent,Co tu lanh side by side khong?,CATEGORY_DISCOVERY,,"{""category_or_feature"": ""extract""}",QUERY_CATALOG_CATEGORY,"[""PRODUCT_DB"", ""CATEGORY_DB""]",CATEGORY_LIST,"[""Return only categories/types actually available in catalog.""]","[""Do not invent product, price, stock, promotion, ranking or specification."", ""Use only verified backend/system data for factual commerce claims.""]",,
CAT_001-09,CAT_001,test,slang,có tu lanh side by side ko?,CATEGORY_DISCOVERY,,"{""category_or_feature"": ""extract""}",QUERY_CATALOG_CATEGORY,"[""PRODUCT_DB"", ""CATEGORY_DB""]",CATEGORY_LIST,"[""Return only categories/types actually available in catalog.""]","[""Do not invent product, price, stock, promotion, ranking or specification."", ""Use only verified backend/system data for factual commerce claims.""]",,
CAT_001-10,CAT_001,test,natural,Shop có TV OLED không?,CATEGORY_DISCOVERY,,"{""category_or_feature"": ""extract""}",QUERY_CATALOG_CATEGORY,"[""PRODUCT_DB"", ""CATEGORY_DB""]",CATEGORY_LIST,"[""Return only categories/types actually available in catalog.""]","[""Do not invent product, price, stock, promotion, ranking or specification."", ""Use only verified backend/system data for factual commerce claims.""]",,
CAT_001-11,CAT_001,test,no_accent,Shop co TV OLED khong?,CATEGORY_DISCOVERY,,"{""category_or_feature"": ""extract""}",QUERY_CATALOG_CATEGORY,"[""PRODUCT_DB"", ""CATEGORY_DB""]",CATEGORY_LIST,"[""Return only categories/types actually available in catalog.""]","[""Do not invent product, price, stock, promotion, ranking or specification."", ""Use only verified backend/system data for factual commerce claims.""]",,
CAT_001-12,CAT_001,test,slang,shop có tv oled ko?,CATEGORY_DISCOVERY,,"{""category_or_feature"": ""extract""}",QUERY_CATALOG_CATEGORY,"[""PRODUCT_DB"", ""CATEGORY_DB""]",CATEGORY_LIST,"[""Return only categories/types actually available in catalog.""]","[""Do not invent product, price, stock, promotion, ranking or specification."", ""Use only verified backend/system data for factual commerce claims.""]",,
CAT_001-13,CAT_001,test,natural,Có máy sấy quần áo không?,CATEGORY_DISCOVERY,,"{""category_or_feature"": ""extract""}",QUERY_CATALOG_CATEGORY,"[""PRODUCT_DB"", ""CATEGORY_DB""]",CATEGORY_LIST,"[""Return only categories/types actually available in catalog.""]","[""Do not invent product, price, stock, promotion, ranking or specification."", ""Use only verified backend/system data for factual commerce claims.""]",,
CAT_001-14,CAT_001,test,no_accent,Co may say quan ao khong?,CATEGORY_DISCOVERY,,"{""category_or_feature"": ""extract""}",QUERY_CATALOG_CATEGORY,"[""PRODUCT_DB"", ""CATEGORY_DB""]",CATEGORY_LIST,"[""Return only categories/types actually available in catalog.""]","[""Do not invent product, price, stock, promotion, ranking or specification."", ""Use only verified backend/system data for factual commerce claims.""]",,
CAT_001-15,CAT_001,test,slang,có máy sấy quần áo ko?,CATEGORY_DISCOVERY,,"{""category_or_feature"": ""extract""}",QUERY_CATALOG_CATEGORY,"[""PRODUCT_DB"", ""CATEGORY_DB""]",CATEGORY_LIST,"[""Return only categories/types actually available in catalog.""]","[""Do not invent product, price, stock, promotion, ranking or specification."", ""Use only verified backend/system data for factual commerce claims.""]",,
PSEARCH_EXACT_001-01,PSEARCH_EXACT_001,train,natural,Shop có Daikin FTKB35 không?,PRODUCT_SEARCH_EXACT,,"{""model"": ""extract"", ""brand"": ""extract_if_present""}",RESOLVE_EXACT_PRODUCT,"[""PRODUCT_DB""]",PRODUCT_CARD,"[""Resolve exact SKU/model first.""]","[""Do not invent product, price, stock, promotion, ranking or specification."", ""Use only verified backend/system data for factual commerce claims.""]",,
PSEARCH_EXACT_001-02,PSEARCH_EXACT_001,train,no_accent,Shop co Daikin FTKB35 khong?,PRODUCT_SEARCH_EXACT,,"{""model"": ""extract"", ""brand"": ""extract_if_present""}",RESOLVE_EXACT_PRODUCT,"[""PRODUCT_DB""]",PRODUCT_CARD,"[""Resolve exact SKU/model first.""]","[""Do not invent product, price, stock, promotion, ranking or specification."", ""Use only verified backend/system data for factual commerce claims.""]",,
PSEARCH_EXACT_001-03,PSEARCH_EXACT_001,train,slang,shop có daikin ftkb35 ko?,PRODUCT_SEARCH_EXACT,,"{""model"": ""extract"", ""brand"": ""extract_if_present""}",RESOLVE_EXACT_PRODUCT,"[""PRODUCT_DB""]",PRODUCT_CARD,"[""Resolve exact SKU/model first.""]","[""Do not invent product, price, stock, promotion, ranking or specification."", ""Use only verified backend/system data for factual commerce claims.""]",,
PSEARCH_EXACT_001-04,PSEARCH_EXACT_001,train,natural,Tìm giúp LG FV1412S3BA,PRODUCT_SEARCH_EXACT,,"{""model"": ""extract"", ""brand"": ""extract_if_present""}",RESOLVE_EXACT_PRODUCT,"[""PRODUCT_DB""]",PRODUCT_CARD,"[""Resolve exact SKU/model first.""]","[""Do not invent product, price, stock, promotion, ranking or specification."", ""Use only verified backend/system data for factual commerce claims.""]",,
PSEARCH_EXACT_001-05,PSEARCH_EXACT_001,train,no_accent,Tim giup LG FV1412S3BA,PRODUCT_SEARCH_EXACT,,"{""model"": ""extract"", ""brand"": ""extract_if_present""}",RESOLVE_EXACT_PRODUCT,"[""PRODUCT_DB""]",PRODUCT_CARD,"[""Resolve exact SKU/model first.""]","[""Do not invent product, price, stock, promotion, ranking or specification."", ""Use only verified backend/system data for factual commerce claims.""]",,
PSEARCH_EXACT_001-06,PSEARCH_EXACT_001,train,natural,Có model Panasonic XPU12XKH-8 không?,PRODUCT_SEARCH_EXACT,,"{""model"": ""extract"", ""brand"": ""extract_if_present""}",RESOLVE_EXACT_PRODUCT,"[""PRODUCT_DB""]",PRODUCT_CARD,"[""Resolve exact SKU/model first.""]","[""Do not invent product, price, stock, promotion, ranking or specification."", ""Use only verified backend/system data for factual commerce claims.""]",,
PSEARCH_EXACT_001-07,PSEARCH_EXACT_001,train,no_accent,Co model Panasonic XPU12XKH-8 khong?,PRODUCT_SEARCH_EXACT,,"{""model"": ""extract"", ""brand"": ""extract_if_present""}",RESOLVE_EXACT_PRODUCT,"[""PRODUCT_DB""]",PRODUCT_CARD,"[""Resolve exact SKU/model first.""]","[""Do not invent product, price, stock, promotion, ranking or specification."", ""Use only verified backend/system data for factual commerce claims.""]",,
PSEARCH_EXACT_001-08,PSEARCH_EXACT_001,train,slang,có model panasonic xpu12xkh-8 ko?,PRODUCT_SEARCH_EXACT,,"{""model"": ""extract"", ""brand"": ""extract_if_present""}",RESOLVE_EXACT_PRODUCT,"[""PRODUCT_DB""]",PRODUCT_CARD,"[""Resolve exact SKU/model first.""]","[""Do not invent product, price, stock, promotion, ranking or specification."", ""Use only verified backend/system data for factual commerce claims.""]",,
PSEARCH_EXACT_001-09,PSEARCH_EXACT_001,train,natural,Kiểm tra giúp Samsung QA65S95D,PRODUCT_SEARCH_EXACT,,"{""model"": ""extract"", ""brand"": ""extract_if_present""}",RESOLVE_EXACT_PRODUCT,"[""PRODUCT_DB""]",PRODUCT_CARD,"[""Resolve exact SKU/model first.""]","[""Do not invent product, price, stock, promotion, ranking or specification."", ""Use only verified backend/system data for factual commerce claims.""]",,
PSEARCH_EXACT_001-10,PSEARCH_EXACT_001,train,no_accent,Kiem tra giup Samsung QA65S95D,PRODUCT_SEARCH_EXACT,,"{""model"": ""extract"", ""brand"": ""extract_if_present""}",RESOLVE_EXACT_PRODUCT,"[""PRODUCT_DB""]",PRODUCT_CARD,"[""Resolve exact SKU/model first.""]","[""Do not invent product, price, stock, promotion, ranking or specification."", ""Use only verified backend/system data for factual commerce claims.""]",,
PSEARCH_EXACT_001-11,PSEARCH_EXACT_001,train,natural,Bên mình có Casper GC-09IS35 không?,PRODUCT_SEARCH_EXACT,,"{""model"": ""extract"", ""brand"": ""extract_if_present""}",RESOLVE_EXACT_PRODUCT,"[""PRODUCT_DB""]",PRODUCT_CARD,"[""Resolve exact SKU/model first.""]","[""Do not invent product, price, stock, promotion, ranking or specification."", ""Use only verified backend/system data for factual commerce claims.""]",,
PSEARCH_EXACT_001-12,PSEARCH_EXACT_001,train,no_accent,Ben minh co Casper GC-09IS35 khong?,PRODUCT_SEARCH_EXACT,,"{""model"": ""extract"", ""brand"": ""extract_if_present""}",RESOLVE_EXACT_PRODUCT,"[""PRODUCT_DB""]",PRODUCT_CARD,"[""Resolve exact SKU/model first.""]","[""Do not invent product, price, stock, promotion, ranking or specification."", ""Use only verified backend/system data for factual commerce claims.""]",,
PSEARCH_EXACT_001-13,PSEARCH_EXACT_001,train,slang,bên mình có casper gc-09is35 ko?,PRODUCT_SEARCH_EXACT,,"{""model"": ""extract"", ""brand"": ""extract_if_present""}",RESOLVE_EXACT_PRODUCT,"[""PRODUCT_DB""]",PRODUCT_CARD,"[""Resolve exact SKU/model first.""]","[""Do not invent product, price, stock, promotion, ranking or specification."", ""Use only verified backend/system data for factual commerce claims.""]",,
PSEARCH_FUZZY_001-01,PSEARCH_FUZZY_001,validation,natural,Tìm điều hòa Daikin 12k inverter,PRODUCT_SEARCH_FUZZY,,"{""brand"": ""extract"", ""category"": ""extract"", ""attributes"": ""extract""}",NORMALIZE_AND_SEARCH,"[""PRODUCT_DB"", ""ALIAS_INDEX""]",PRODUCT_LIST,"[""Normalize brand/category/capacity/size synonyms before search.""]","[""Do not invent product, price, stock, promotion, ranking or specification."", ""Use only verified backend/system data for factual commerce claims.""]",,
PSEARCH_FUZZY_001-02,PSEARCH_FUZZY_001,validation,no_accent,Tim dieu hoa Daikin 12k inverter,PRODUCT_SEARCH_FUZZY,,"{""brand"": ""extract"", ""category"": ""extract"", ""attributes"": ""extract""}",NORMALIZE_AND_SEARCH,"[""PRODUCT_DB"", ""ALIAS_INDEX""]",PRODUCT_LIST,"[""Normalize brand/category/capacity/size synonyms before search.""]","[""Do not invent product, price, stock, promotion, ranking or specification."", ""Use only verified backend/system data for factual commerce claims.""]",,
PSEARCH_FUZZY_001-03,PSEARCH_FUZZY_001,validation,slang,tìm dieu hoa daikin 12k inverter,PRODUCT_SEARCH_FUZZY,,"{""brand"": ""extract"", ""category"": ""extract"", ""attributes"": ""extract""}",NORMALIZE_AND_SEARCH,"[""PRODUCT_DB"", ""ALIAS_INDEX""]",PRODUCT_LIST,"[""Normalize brand/category/capacity/size synonyms before search.""]","[""Do not invent product, price, stock, promotion, ranking or specification."", ""Use only verified backend/system data for factual commerce claims.""]",,
PSEARCH_FUZZY_001-04,PSEARCH_FUZZY_001,validation,natural,Có máy lạnh Panasonic 1.5 ngựa không?,PRODUCT_SEARCH_FUZZY,,"{""brand"": ""extract"", ""category"": ""extract"", ""attributes"": ""extract""}",NORMALIZE_AND_SEARCH,"[""PRODUCT_DB"", ""ALIAS_INDEX""]",PRODUCT_LIST,"[""Normalize brand/category/capacity/size synonyms before search.""]","[""Do not invent product, price, stock, promotion, ranking or specification."", ""Use only verified backend/system data for factual commerce claims.""]",,
PSEARCH_FUZZY_001-05,PSEARCH_FUZZY_001,validation,no_accent,Co may lanh Panasonic 1.5 ngua khong?,PRODUCT_SEARCH_FUZZY,,"{""brand"": ""extract"", ""category"": ""extract"", ""attributes"": ""extract""}",NORMALIZE_AND_SEARCH,"[""PRODUCT_DB"", ""ALIAS_INDEX""]",PRODUCT_LIST,"[""Normalize brand/category/capacity/size synonyms before search.""]","[""Do not invent product, price, stock, promotion, ranking or specification."", ""Use only verified backend/system data for factual commerce claims.""]",,
PSEARCH_FUZZY_001-06,PSEARCH_FUZZY_001,validation,slang,có may lanh panasonic 1.5 ngựa ko?,PRODUCT_SEARCH_FUZZY,,"{""brand"": ""extract"", ""category"": ""extract"", ""attributes"": ""extract""}",NORMALIZE_AND_SEARCH,"[""PRODUCT_DB"", ""ALIAS_INDEX""]",PRODUCT_LIST,"[""Normalize brand/category/capacity/size synonyms before search.""]","[""Do not invent product, price, stock, promotion, ranking or specification."", ""Use only verified backend/system data for factual commerce claims.""]",,
PSEARCH_FUZZY_001-07,PSEARCH_FUZZY_001,validation,natural,Cho mình máy giặt LG 12kg,PRODUCT_SEARCH_FUZZY,,"{""brand"": ""extract"", ""category"": ""extract"", ""attributes"": ""extract""}",NORMALIZE_AND_SEARCH,"[""PRODUCT_DB"", ""ALIAS_INDEX""]",PRODUCT_LIST,"[""Normalize brand/category/capacity/size synonyms before search.""]","[""Do not invent product, price, stock, promotion, ranking or specification."", ""Use only verified backend/system data for factual commerce claims.""]",,
PSEARCH_FUZZY_001-08,PSEARCH_FUZZY_001,validation,no_accent,Cho minh may giat LG 12kg,PRODUCT_SEARCH_FUZZY,,"{""brand"": ""extract"", ""category"": ""extract"", ""attributes"": ""extract""}",NORMALIZE_AND_SEARCH,"[""PRODUCT_DB"", ""ALIAS_INDEX""]",PRODUCT_LIST,"[""Normalize brand/category/capacity/size synonyms before search.""]","[""Do not invent product, price, stock, promotion, ranking or specification."", ""Use only verified backend/system data for factual commerce claims.""]",,
PSEARCH_FUZZY_001-09,PSEARCH_FUZZY_001,validation,slang,cho mình may giat lg 12kg,PRODUCT_SEARCH_FUZZY,,"{""brand"": ""extract"", ""category"": ""extract"", ""attributes"": ""extract""}",NORMALIZE_AND_SEARCH,"[""PRODUCT_DB"", ""ALIAS_INDEX""]",PRODUCT_LIST,"[""Normalize brand/category/capacity/size synonyms before search.""]","[""Do not invent product, price, stock, promotion, ranking or specification."", ""Use only verified backend/system data for factual commerce claims.""]",,
PSEARCH_FUZZY_001-10,PSEARCH_FUZZY_001,validation,natural,Tìm TV Samsung 65 inch QLED,PRODUCT_SEARCH_FUZZY,,"{""brand"": ""extract"", ""category"": ""extract"", ""attributes"": ""extract""}",NORMALIZE_AND_SEARCH,"[""PRODUCT_DB"", ""ALIAS_INDEX""]",PRODUCT_LIST,"[""Normalize brand/category/capacity/size synonyms before search.""]","[""Do not invent product, price, stock, promotion, ranking or specification."", ""Use only verified backend/system data for factual commerce claims.""]",,
PSEARCH_FUZZY_001-11,PSEARCH_FUZZY_001,validation,no_accent,Tim TV Samsung 65 inch QLED,PRODUCT_SEARCH_FUZZY,,"{""brand"": ""extract"", ""category"": ""extract"", ""attributes"": ""extract""}",NORMALIZE_AND_SEARCH,"[""PRODUCT_DB"", ""ALIAS_INDEX""]",PRODUCT_LIST,"[""Normalize brand/category/capacity/size synonyms before search.""]","[""Do not invent product, price, stock, promotion, ranking or specification."", ""Use only verified backend/system data for factual commerce claims.""]",,
PSEARCH_FUZZY_001-12,PSEARCH_FUZZY_001,validation,natural,Tủ lạnh Panasonic khoảng 400 lít inverter,PRODUCT_SEARCH_FUZZY,,"{""brand"": ""extract"", ""category"": ""extract"", ""attributes"": ""extract""}",NORMALIZE_AND_SEARCH,"[""PRODUCT_DB"", ""ALIAS_INDEX""]",PRODUCT_LIST,"[""Normalize brand/category/capacity/size synonyms before search.""]","[""Do not invent product, price, stock, promotion, ranking or specification."", ""Use only verified backend/system data for factual commerce claims.""]",,
PSEARCH_FUZZY_001-13,PSEARCH_FUZZY_001,validation,no_accent,Tu lanh Panasonic khoang 400 lit inverter,PRODUCT_SEARCH_FUZZY,,"{""brand"": ""extract"", ""category"": ""extract"", ""attributes"": ""extract""}",NORMALIZE_AND_SEARCH,"[""PRODUCT_DB"", ""ALIAS_INDEX""]",PRODUCT_LIST,"[""Normalize brand/category/capacity/size synonyms before search.""]","[""Do not invent product, price, stock, promotion, ranking or specification."", ""Use only verified backend/system data for factual commerce claims.""]",,
PSEARCH_FUZZY_001-14,PSEARCH_FUZZY_001,validation,slang,tu lanh panasonic khoảng 400 lít inverter,PRODUCT_SEARCH_FUZZY,,"{""brand"": ""extract"", ""category"": ""extract"", ""attributes"": ""extract""}",NORMALIZE_AND_SEARCH,"[""PRODUCT_DB"", ""ALIAS_INDEX""]",PRODUCT_LIST,"[""Normalize brand/category/capacity/size synonyms before search.""]","[""Do not invent product, price, stock, promotion, ranking or specification."", ""Use only verified backend/system data for factual commerce claims.""]",,
PRICE_001-01,PRICE_001,train,natural,FTKB35 giá bao nhiêu?,PRODUCT_PRICE,,"{""product"": ""resolve""}",GET_CURRENT_PRICE,"[""PRICE_SERVICE"", ""PRODUCT_DB""]",DIRECT_TEMPLATE,"[""Return current verified price and sale price if present.""]","[""Do not invent product, price, stock, promotion, ranking or specification."", ""Use only verified backend/system data for factual commerce claims."", ""Do not answer from model memory.""]",,
PRICE_001-02,PRICE_001,train,no_accent,FTKB35 gia bao nhieu?,PRODUCT_PRICE,,"{""product"": ""resolve""}",GET_CURRENT_PRICE,"[""PRICE_SERVICE"", ""PRODUCT_DB""]",DIRECT_TEMPLATE,"[""Return current verified price and sale price if present.""]","[""Do not invent product, price, stock, promotion, ranking or specification."", ""Use only verified backend/system data for factual commerce claims."", ""Do not answer from model memory.""]",,
PRICE_001-03,PRICE_001,train,slang,ftkb35 gia bn?,PRODUCT_PRICE,,"{""product"": ""resolve""}",GET_CURRENT_PRICE,"[""PRICE_SERVICE"", ""PRODUCT_DB""]",DIRECT_TEMPLATE,"[""Return current verified price and sale price if present.""]","[""Do not invent product, price, stock, promotion, ranking or specification."", ""Use only verified backend/system data for factual commerce claims."", ""Do not answer from model memory.""]",,
PRICE_001-04,PRICE_001,train,natural,Giá con Daikin này bao nhiêu?,PRODUCT_PRICE,,"{""product"": ""resolve""}",GET_CURRENT_PRICE,"[""PRICE_SERVICE"", ""PRODUCT_DB""]",DIRECT_TEMPLATE,"[""Return current verified price and sale price if present.""]","[""Do not invent product, price, stock, promotion, ranking or specification."", ""Use only verified backend/system data for factual commerce claims."", ""Do not answer from model memory.""]",,
PRICE_001-05,PRICE_001,train,no_accent,Gia con Daikin nay bao nhieu?,PRODUCT_PRICE,,"{""product"": ""resolve""}",GET_CURRENT_PRICE,"[""PRICE_SERVICE"", ""PRODUCT_DB""]",DIRECT_TEMPLATE,"[""Return current verified price and sale price if present.""]","[""Do not invent product, price, stock, promotion, ranking or specification."", ""Use only verified backend/system data for factual commerce claims."", ""Do not answer from model memory.""]",,
PRICE_001-06,PRICE_001,train,slang,gia con daikin này bn?,PRODUCT_PRICE,,"{""product"": ""resolve""}",GET_CURRENT_PRICE,"[""PRICE_SERVICE"", ""PRODUCT_DB""]",DIRECT_TEMPLATE,"[""Return current verified price and sale price if present.""]","[""Do not invent product, price, stock, promotion, ranking or specification."", ""Use only verified backend/system data for factual commerce claims."", ""Do not answer from model memory.""]",,
PRICE_001-07,PRICE_001,train,natural,LG FV1412S3BA hiện giá bao nhiêu?,PRODUCT_PRICE,,"{""product"": ""resolve""}",GET_CURRENT_PRICE,"[""PRICE_SERVICE"", ""PRODUCT_DB""]",DIRECT_TEMPLATE,"[""Return current verified price and sale price if present.""]","[""Do not invent product, price, stock, promotion, ranking or specification."", ""Use only verified backend/system data for factual commerce claims."", ""Do not answer from model memory.""]",,
PRICE_001-08,PRICE_001,train,no_accent,LG FV1412S3BA hien gia bao nhieu?,PRODUCT_PRICE,,"{""product"": ""resolve""}",GET_CURRENT_PRICE,"[""PRICE_SERVICE"", ""PRODUCT_DB""]",DIRECT_TEMPLATE,"[""Return current verified price and sale price if present.""]","[""Do not invent product, price, stock, promotion, ranking or specification."", ""Use only verified backend/system data for factual commerce claims."", ""Do not answer from model memory.""]",,
PRICE_001-09,PRICE_001,train,slang,lg fv1412s3ba hiện gia bn?,PRODUCT_PRICE,,"{""product"": ""resolve""}",GET_CURRENT_PRICE,"[""PRICE_SERVICE"", ""PRODUCT_DB""]",DIRECT_TEMPLATE,"[""Return current verified price and sale price if present.""]","[""Do not invent product, price, stock, promotion, ranking or specification."", ""Use only verified backend/system data for factual commerce claims."", ""Do not answer from model memory.""]",,
PRICE_001-10,PRICE_001,train,natural,Con Panasonic XPU12 bao nhiêu tiền?,PRODUCT_PRICE,,"{""product"": ""resolve""}",GET_CURRENT_PRICE,"[""PRICE_SERVICE"", ""PRODUCT_DB""]",DIRECT_TEMPLATE,"[""Return current verified price and sale price if present.""]","[""Do not invent product, price, stock, promotion, ranking or specification."", ""Use only verified backend/system data for factual commerce claims."", ""Do not answer from model memory.""]",,
PRICE_001-11,PRICE_001,train,no_accent,Con Panasonic XPU12 bao nhieu tien?,PRODUCT_PRICE,,"{""product"": ""resolve""}",GET_CURRENT_PRICE,"[""PRICE_SERVICE"", ""PRODUCT_DB""]",DIRECT_TEMPLATE,"[""Return current verified price and sale price if present.""]","[""Do not invent product, price, stock, promotion, ranking or specification."", ""Use only verified backend/system data for factual commerce claims."", ""Do not answer from model memory.""]",,
PRICE_001-12,PRICE_001,train,slang,con panasonic xpu12 bn tiền?,PRODUCT_PRICE,,"{""product"": ""resolve""}",GET_CURRENT_PRICE,"[""PRICE_SERVICE"", ""PRODUCT_DB""]",DIRECT_TEMPLATE,"[""Return current verified price and sale price if present.""]","[""Do not invent product, price, stock, promotion, ranking or specification."", ""Use only verified backend/system data for factual commerce claims."", ""Do not answer from model memory.""]",,
PRICE_001-13,PRICE_001,train,natural,Giá hiện tại của Casper GC-09IS35?,PRODUCT_PRICE,,"{""product"": ""resolve""}",GET_CURRENT_PRICE,"[""PRICE_SERVICE"", ""PRODUCT_DB""]",DIRECT_TEMPLATE,"[""Return current verified price and sale price if present.""]","[""Do not invent product, price, stock, promotion, ranking or specification."", ""Use only verified backend/system data for factual commerce claims."", ""Do not answer from model memory.""]",,
PRICE_001-14,PRICE_001,train,no_accent,Gia hien tai cua Casper GC-09IS35?,PRODUCT_PRICE,,"{""product"": ""resolve""}",GET_CURRENT_PRICE,"[""PRICE_SERVICE"", ""PRODUCT_DB""]",DIRECT_TEMPLATE,"[""Return current verified price and sale price if present.""]","[""Do not invent product, price, stock, promotion, ranking or specification."", ""Use only verified backend/system data for factual commerce claims."", ""Do not answer from model memory.""]",,
PRICE_001-15,PRICE_001,train,slang,gia hiện tại của casper gc-09is35?,PRODUCT_PRICE,,"{""product"": ""resolve""}",GET_CURRENT_PRICE,"[""PRICE_SERVICE"", ""PRODUCT_DB""]",DIRECT_TEMPLATE,"[""Return current verified price and sale price if present.""]","[""Do not invent product, price, stock, promotion, ranking or specification."", ""Use only verified backend/system data for factual commerce claims."", ""Do not answer from model memory.""]",,
PROMO_001-01,PROMO_001,train,natural,Con này đang có khuyến mại gì?,PRODUCT_PROMOTION,,"{""product_or_brand"": ""resolve""}",GET_ACTIVE_PROMOTIONS,"[""PROMOTION_SERVICE"", ""PRODUCT_DB""]",DIRECT_TEMPLATE,"[""Check validity dates and applicable product/brand/category.""]","[""Do not invent product, price, stock, promotion, ranking or specification."", ""Use only verified backend/system data for factual commerce claims.""]",,
PROMO_001-02,PROMO_001,train,no_accent,Con nay dang co khuyen mai gi?,PRODUCT_PROMOTION,,"{""product_or_brand"": ""resolve""}",GET_ACTIVE_PROMOTIONS,"[""PROMOTION_SERVICE"", ""PRODUCT_DB""]",DIRECT_TEMPLATE,"[""Check validity dates and applicable product/brand/category.""]","[""Do not invent product, price, stock, promotion, ranking or specification."", ""Use only verified backend/system data for factual commerce claims.""]",,
PROMO_001-03,PROMO_001,train,natural,Mua điều hòa có được miễn phí lắp đặt không?,PRODUCT_PROMOTION,,"{""product_or_brand"": ""resolve""}",GET_ACTIVE_PROMOTIONS,"[""PROMOTION_SERVICE"", ""PRODUCT_DB""]",DIRECT_TEMPLATE,"[""Check validity dates and applicable product/brand/category.""]","[""Do not invent product, price, stock, promotion, ranking or specification."", ""Use only verified backend/system data for factual commerce claims.""]",,
PROMO_001-04,PROMO_001,train,no_accent,Mua dieu hoa co duoc mien phi lap dat khong?,PRODUCT_PROMOTION,,"{""product_or_brand"": ""resolve""}",GET_ACTIVE_PROMOTIONS,"[""PROMOTION_SERVICE"", ""PRODUCT_DB""]",DIRECT_TEMPLATE,"[""Check validity dates and applicable product/brand/category.""]","[""Do not invent product, price, stock, promotion, ranking or specification."", ""Use only verified backend/system data for factual commerce claims.""]",,
PROMO_001-05,PROMO_001,train,slang,mua dieu hoa có dc miễn phí lắp đặt ko?,PRODUCT_PROMOTION,,"{""product_or_brand"": ""resolve""}",GET_ACTIVE_PROMOTIONS,"[""PROMOTION_SERVICE"", ""PRODUCT_DB""]",DIRECT_TEMPLATE,"[""Check validity dates and applicable product/brand/category.""]","[""Do not invent product, price, stock, promotion, ranking or specification."", ""Use only verified backend/system data for factual commerce claims.""]",,
PROMO_001-06,PROMO_001,train,natural,Midea hôm nay có chương trình giảm giá gì?,PRODUCT_PROMOTION,,"{""product_or_brand"": ""resolve""}",GET_ACTIVE_PROMOTIONS,"[""PROMOTION_SERVICE"", ""PRODUCT_DB""]",DIRECT_TEMPLATE,"[""Check validity dates and applicable product/brand/category.""]","[""Do not invent product, price, stock, promotion, ranking or specification."", ""Use only verified backend/system data for factual commerce claims.""]",,
PROMO_001-07,PROMO_001,train,no_accent,Midea hom nay co chuong trinh giam gia gi?,PRODUCT_PROMOTION,,"{""product_or_brand"": ""resolve""}",GET_ACTIVE_PROMOTIONS,"[""PROMOTION_SERVICE"", ""PRODUCT_DB""]",DIRECT_TEMPLATE,"[""Check validity dates and applicable product/brand/category.""]","[""Do not invent product, price, stock, promotion, ranking or specification."", ""Use only verified backend/system data for factual commerce claims.""]",,
PROMO_001-08,PROMO_001,train,slang,midea hôm nay có chương trình giảm gia gì?,PRODUCT_PROMOTION,,"{""product_or_brand"": ""resolve""}",GET_ACTIVE_PROMOTIONS,"[""PROMOTION_SERVICE"", ""PRODUCT_DB""]",DIRECT_TEMPLATE,"[""Check validity dates and applicable product/brand/category.""]","[""Do not invent product, price, stock, promotion, ranking or specification."", ""Use only verified backend/system data for factual commerce claims.""]",,
PROMO_001-09,PROMO_001,train,natural,TV Sony này có quà tặng không?,PRODUCT_PROMOTION,,"{""product_or_brand"": ""resolve""}",GET_ACTIVE_PROMOTIONS,"[""PROMOTION_SERVICE"", ""PRODUCT_DB""]",DIRECT_TEMPLATE,"[""Check validity dates and applicable product/brand/category.""]","[""Do not invent product, price, stock, promotion, ranking or specification."", ""Use only verified backend/system data for factual commerce claims.""]",,
PROMO_001-10,PROMO_001,train,no_accent,TV Sony nay co qua tang khong?,PRODUCT_PROMOTION,,"{""product_or_brand"": ""resolve""}",GET_ACTIVE_PROMOTIONS,"[""PROMOTION_SERVICE"", ""PRODUCT_DB""]",DIRECT_TEMPLATE,"[""Check validity dates and applicable product/brand/category.""]","[""Do not invent product, price, stock, promotion, ranking or specification."", ""Use only verified backend/system data for factual commerce claims.""]",,
PROMO_001-11,PROMO_001,train,slang,tv sony này có quà tặng ko?,PRODUCT_PROMOTION,,"{""product_or_brand"": ""resolve""}",GET_ACTIVE_PROMOTIONS,"[""PROMOTION_SERVICE"", ""PRODUCT_DB""]",DIRECT_TEMPLATE,"[""Check validity dates and applicable product/brand/category.""]","[""Do not invent product, price, stock, promotion, ranking or specification."", ""Use only verified backend/system data for factual commerce claims.""]",,
PROMO_001-12,PROMO_001,train,natural,Máy giặt LG đang giảm bao nhiêu?,PRODUCT_PROMOTION,,"{""product_or_brand"": ""resolve""}",GET_ACTIVE_PROMOTIONS,"[""PROMOTION_SERVICE"", ""PRODUCT_DB""]",DIRECT_TEMPLATE,"[""Check validity dates and applicable product/brand/category.""]","[""Do not invent product, price, stock, promotion, ranking or specification."", ""Use only verified backend/system data for factual commerce claims.""]",,
PROMO_001-13,PROMO_001,train,no_accent,May giat LG dang giam bao nhieu?,PRODUCT_PROMOTION,,"{""product_or_brand"": ""resolve""}",GET_ACTIVE_PROMOTIONS,"[""PROMOTION_SERVICE"", ""PRODUCT_DB""]",DIRECT_TEMPLATE,"[""Check validity dates and applicable product/brand/category.""]","[""Do not invent product, price, stock, promotion, ranking or specification."", ""Use only verified backend/system data for factual commerce claims.""]",,
PROMO_001-14,PROMO_001,train,slang,may giat lg đang giảm bn?,PRODUCT_PROMOTION,,"{""product_or_brand"": ""resolve""}",GET_ACTIVE_PROMOTIONS,"[""PROMOTION_SERVICE"", ""PRODUCT_DB""]",DIRECT_TEMPLATE,"[""Check validity dates and applicable product/brand/category.""]","[""Do not invent product, price, stock, promotion, ranking or specification."", ""Use only verified backend/system data for factual commerce claims.""]",,
STOCK_001-01,STOCK_001,train,natural,FTKB35 còn hàng không?,PRODUCT_STOCK,,"{""product"": ""resolve""}",GET_CURRENT_STOCK,"[""INVENTORY_SERVICE"", ""PRODUCT_DB""]",DIRECT_TEMPLATE,"[""Use current inventory data; distinguish exact quantity vs availability if policy hides quantity.""]","[""Do not invent product, price, stock, promotion, ranking or specification."", ""Use only verified backend/system data for factual commerce claims.""]",,
STOCK_001-02,STOCK_001,train,no_accent,FTKB35 con hang khong?,PRODUCT_STOCK,,"{""product"": ""resolve""}",GET_CURRENT_STOCK,"[""INVENTORY_SERVICE"", ""PRODUCT_DB""]",DIRECT_TEMPLATE,"[""Use current inventory data; distinguish exact quantity vs availability if policy hides quantity.""]","[""Do not invent product, price, stock, promotion, ranking or specification."", ""Use only verified backend/system data for factual commerce claims.""]",,
STOCK_001-03,STOCK_001,train,slang,ftkb35 con hang ko?,PRODUCT_STOCK,,"{""product"": ""resolve""}",GET_CURRENT_STOCK,"[""INVENTORY_SERVICE"", ""PRODUCT_DB""]",DIRECT_TEMPLATE,"[""Use current inventory data; distinguish exact quantity vs availability if policy hides quantity.""]","[""Do not invent product, price, stock, promotion, ranking or specification."", ""Use only verified backend/system data for factual commerce claims.""]",,
STOCK_001-04,STOCK_001,train,natural,Con này còn mấy cái?,PRODUCT_STOCK,,"{""product"": ""resolve""}",GET_CURRENT_STOCK,"[""INVENTORY_SERVICE"", ""PRODUCT_DB""]",DIRECT_TEMPLATE,"[""Use current inventory data; distinguish exact quantity vs availability if policy hides quantity.""]","[""Do not invent product, price, stock, promotion, ranking or specification."", ""Use only verified backend/system data for factual commerce claims.""]",,
STOCK_001-05,STOCK_001,train,no_accent,Con nay con may cai?,PRODUCT_STOCK,,"{""product"": ""resolve""}",GET_CURRENT_STOCK,"[""INVENTORY_SERVICE"", ""PRODUCT_DB""]",DIRECT_TEMPLATE,"[""Use current inventory data; distinguish exact quantity vs availability if policy hides quantity.""]","[""Do not invent product, price, stock, promotion, ranking or specification."", ""Use only verified backend/system data for factual commerce claims.""]",,
STOCK_001-06,STOCK_001,train,natural,Daikin 18000 BTU còn hàng không?,PRODUCT_STOCK,,"{""product"": ""resolve""}",GET_CURRENT_STOCK,"[""INVENTORY_SERVICE"", ""PRODUCT_DB""]",DIRECT_TEMPLATE,"[""Use current inventory data; distinguish exact quantity vs availability if policy hides quantity.""]","[""Do not invent product, price, stock, promotion, ranking or specification."", ""Use only verified backend/system data for factual commerce claims.""]",,
STOCK_001-07,STOCK_001,train,no_accent,Daikin 18000 BTU con hang khong?,PRODUCT_STOCK,,"{""product"": ""resolve""}",GET_CURRENT_STOCK,"[""INVENTORY_SERVICE"", ""PRODUCT_DB""]",DIRECT_TEMPLATE,"[""Use current inventory data; distinguish exact quantity vs availability if policy hides quantity.""]","[""Do not invent product, price, stock, promotion, ranking or specification."", ""Use only verified backend/system data for factual commerce claims.""]",,
STOCK_001-08,STOCK_001,train,slang,daikin 18000 btu con hang ko?,PRODUCT_STOCK,,"{""product"": ""resolve""}",GET_CURRENT_STOCK,"[""INVENTORY_SERVICE"", ""PRODUCT_DB""]",DIRECT_TEMPLATE,"[""Use current inventory data; distinguish exact quantity vs availability if policy hides quantity.""]","[""Do not invent product, price, stock, promotion, ranking or specification."", ""Use only verified backend/system data for factual commerce claims.""]",,
STOCK_001-09,STOCK_001,train,natural,LG FV1412 có sẵn hàng không?,PRODUCT_STOCK,,"{""product"": ""resolve""}",GET_CURRENT_STOCK,"[""INVENTORY_SERVICE"", ""PRODUCT_DB""]",DIRECT_TEMPLATE,"[""Use current inventory data; distinguish exact quantity vs availability if policy hides quantity.""]","[""Do not invent product, price, stock, promotion, ranking or specification."", ""Use only verified backend/system data for factual commerce claims.""]",,
STOCK_001-10,STOCK_001,train,no_accent,LG FV1412 co san hang khong?,PRODUCT_STOCK,,"{""product"": ""resolve""}",GET_CURRENT_STOCK,"[""INVENTORY_SERVICE"", ""PRODUCT_DB""]",DIRECT_TEMPLATE,"[""Use current inventory data; distinguish exact quantity vs availability if policy hides quantity.""]","[""Do not invent product, price, stock, promotion, ranking or specification."", ""Use only verified backend/system data for factual commerce claims.""]",,
STOCK_001-11,STOCK_001,train,slang,lg fv1412 có sẵn hàng ko?,PRODUCT_STOCK,,"{""product"": ""resolve""}",GET_CURRENT_STOCK,"[""INVENTORY_SERVICE"", ""PRODUCT_DB""]",DIRECT_TEMPLATE,"[""Use current inventory data; distinguish exact quantity vs availability if policy hides quantity.""]","[""Do not invent product, price, stock, promotion, ranking or specification."", ""Use only verified backend/system data for factual commerce claims.""]",,
STOCK_001-12,STOCK_001,train,natural,Mẫu Panasonic này còn kho không?,PRODUCT_STOCK,,"{""product"": ""resolve""}",GET_CURRENT_STOCK,"[""INVENTORY_SERVICE"", ""PRODUCT_DB""]",DIRECT_TEMPLATE,"[""Use current inventory data; distinguish exact quantity vs availability if policy hides quantity.""]","[""Do not invent product, price, stock, promotion, ranking or specification."", ""Use only verified backend/system data for factual commerce claims.""]",,
STOCK_001-13,STOCK_001,train,no_accent,Mau Panasonic nay con kho khong?,PRODUCT_STOCK,,"{""product"": ""resolve""}",GET_CURRENT_STOCK,"[""INVENTORY_SERVICE"", ""PRODUCT_DB""]",DIRECT_TEMPLATE,"[""Use current inventory data; distinguish exact quantity vs availability if policy hides quantity.""]","[""Do not invent product, price, stock, promotion, ranking or specification."", ""Use only verified backend/system data for factual commerce claims.""]",,
STOCK_001-14,STOCK_001,train,slang,mẫu panasonic này còn kho ko?,PRODUCT_STOCK,,"{""product"": ""resolve""}",GET_CURRENT_STOCK,"[""INVENTORY_SERVICE"", ""PRODUCT_DB""]",DIRECT_TEMPLATE,"[""Use current inventory data; distinguish exact quantity vs availability if policy hides quantity.""]","[""Do not invent product, price, stock, promotion, ranking or specification."", ""Use only verified backend/system data for factual commerce claims.""]",,
BESTSELLER_001-01,BESTSELLER_001,test,natural,Top những điều hòa Midea bán chạy nhất,BEST_SELLER,,"{""brand"": ""extract_if_present"", ""category"": ""extract"", ""time_window"": ""extract_if_present""}",QUERY_VERIFIED_SALES_RANKING,"[""SALES_ANALYTICS"", ""ORDER_DB"", ""PRODUCT_DB""]",RANKED_PRODUCT_LIST,"[""Rank only using an explicit verified sales metric such as unitsSold30d/orders30d.""]","[""Do not invent product, price, stock, promotion, ranking or specification."", ""Use only verified backend/system data for factual commerce claims."", ""Do not label a product 'best seller' if no ranking metric exists.""]","If no ranking data exists, state that verified best-seller ranking is unavailable and offer popular/in-stock alternatives.",
BESTSELLER_001-02,BESTSELLER_001,test,no_accent,Top nhung dieu hoa Midea ban chay nhat,BEST_SELLER,,"{""brand"": ""extract_if_present"", ""category"": ""extract"", ""time_window"": ""extract_if_present""}",QUERY_VERIFIED_SALES_RANKING,"[""SALES_ANALYTICS"", ""ORDER_DB"", ""PRODUCT_DB""]",RANKED_PRODUCT_LIST,"[""Rank only using an explicit verified sales metric such as unitsSold30d/orders30d.""]","[""Do not invent product, price, stock, promotion, ranking or specification."", ""Use only verified backend/system data for factual commerce claims."", ""Do not label a product 'best seller' if no ranking metric exists.""]","If no ranking data exists, state that verified best-seller ranking is unavailable and offer popular/in-stock alternatives.",
BESTSELLER_001-03,BESTSELLER_001,test,slang,top những dieu hoa midea bán chạy nhất,BEST_SELLER,,"{""brand"": ""extract_if_present"", ""category"": ""extract"", ""time_window"": ""extract_if_present""}",QUERY_VERIFIED_SALES_RANKING,"[""SALES_ANALYTICS"", ""ORDER_DB"", ""PRODUCT_DB""]",RANKED_PRODUCT_LIST,"[""Rank only using an explicit verified sales metric such as unitsSold30d/orders30d.""]","[""Do not invent product, price, stock, promotion, ranking or specification."", ""Use only verified backend/system data for factual commerce claims."", ""Do not label a product 'best seller' if no ranking metric exists.""]","If no ranking data exists, state that verified best-seller ranking is unavailable and offer popular/in-stock alternatives.",
BESTSELLER_001-04,BESTSELLER_001,test,natural,Điều hòa nào bán chạy nhất hiện nay?,BEST_SELLER,,"{""brand"": ""extract_if_present"", ""category"": ""extract"", ""time_window"": ""extract_if_present""}",QUERY_VERIFIED_SALES_RANKING,"[""SALES_ANALYTICS"", ""ORDER_DB"", ""PRODUCT_DB""]",RANKED_PRODUCT_LIST,"[""Rank only using an explicit verified sales metric such as unitsSold30d/orders30d.""]","[""Do not invent product, price, stock, promotion, ranking or specification."", ""Use only verified backend/system data for factual commerce claims."", ""Do not label a product 'best seller' if no ranking metric exists.""]","If no ranking data exists, state that verified best-seller ranking is unavailable and offer popular/in-stock alternatives.",
BESTSELLER_001-05,BESTSELLER_001,test,no_accent,Dieu hoa nao ban chay nhat hien nay?,BEST_SELLER,,"{""brand"": ""extract_if_present"", ""category"": ""extract"", ""time_window"": ""extract_if_present""}",QUERY_VERIFIED_SALES_RANKING,"[""SALES_ANALYTICS"", ""ORDER_DB"", ""PRODUCT_DB""]",RANKED_PRODUCT_LIST,"[""Rank only using an explicit verified sales metric such as unitsSold30d/orders30d.""]","[""Do not invent product, price, stock, promotion, ranking or specification."", ""Use only verified backend/system data for factual commerce claims."", ""Do not label a product 'best seller' if no ranking metric exists.""]","If no ranking data exists, state that verified best-seller ranking is unavailable and offer popular/in-stock alternatives.",
BESTSELLER_001-06,BESTSELLER_001,test,slang,dieu hoa nào bán chạy nhất hiện nay?,BEST_SELLER,,"{""brand"": ""extract_if_present"", ""category"": ""extract"", ""time_window"": ""extract_if_present""}",QUERY_VERIFIED_SALES_RANKING,"[""SALES_ANALYTICS"", ""ORDER_DB"", ""PRODUCT_DB""]",RANKED_PRODUCT_LIST,"[""Rank only using an explicit verified sales metric such as unitsSold30d/orders30d.""]","[""Do not invent product, price, stock, promotion, ranking or specification."", ""Use only verified backend/system data for factual commerce claims."", ""Do not label a product 'best seller' if no ranking metric exists.""]","If no ranking data exists, state that verified best-seller ranking is unavailable and offer popular/in-stock alternatives.",
BESTSELLER_001-07,BESTSELLER_001,test,natural,Máy giặt LG nào khách mua nhiều nhất?,BEST_SELLER,,"{""brand"": ""extract_if_present"", ""category"": ""extract"", ""time_window"": ""extract_if_present""}",QUERY_VERIFIED_SALES_RANKING,"[""SALES_ANALYTICS"", ""ORDER_DB"", ""PRODUCT_DB""]",RANKED_PRODUCT_LIST,"[""Rank only using an explicit verified sales metric such as unitsSold30d/orders30d.""]","[""Do not invent product, price, stock, promotion, ranking or specification."", ""Use only verified backend/system data for factual commerce claims."", ""Do not label a product 'best seller' if no ranking metric exists.""]","If no ranking data exists, state that verified best-seller ranking is unavailable and offer popular/in-stock alternatives.",
BESTSELLER_001-08,BESTSELLER_001,test,no_accent,May giat LG nao khach mua nhieu nhat?,BEST_SELLER,,"{""brand"": ""extract_if_present"", ""category"": ""extract"", ""time_window"": ""extract_if_present""}",QUERY_VERIFIED_SALES_RANKING,"[""SALES_ANALYTICS"", ""ORDER_DB"", ""PRODUCT_DB""]",RANKED_PRODUCT_LIST,"[""Rank only using an explicit verified sales metric such as unitsSold30d/orders30d.""]","[""Do not invent product, price, stock, promotion, ranking or specification."", ""Use only verified backend/system data for factual commerce claims."", ""Do not label a product 'best seller' if no ranking metric exists.""]","If no ranking data exists, state that verified best-seller ranking is unavailable and offer popular/in-stock alternatives.",
BESTSELLER_001-09,BESTSELLER_001,test,slang,may giat lg nào khách mua nhiều nhất?,BEST_SELLER,,"{""brand"": ""extract_if_present"", ""category"": ""extract"", ""time_window"": ""extract_if_present""}",QUERY_VERIFIED_SALES_RANKING,"[""SALES_ANALYTICS"", ""ORDER_DB"", ""PRODUCT_DB""]",RANKED_PRODUCT_LIST,"[""Rank only using an explicit verified sales metric such as unitsSold30d/orders30d.""]","[""Do not invent product, price, stock, promotion, ranking or specification."", ""Use only verified backend/system data for factual commerce claims."", ""Do not label a product 'best seller' if no ranking metric exists.""]","If no ranking data exists, state that verified best-seller ranking is unavailable and offer popular/in-stock alternatives.",
BESTSELLER_001-10,BESTSELLER_001,test,natural,Top tủ lạnh bán chạy tháng này,BEST_SELLER,,"{""brand"": ""extract_if_present"", ""category"": ""extract"", ""time_window"": ""extract_if_present""}",QUERY_VERIFIED_SALES_RANKING,"[""SALES_ANALYTICS"", ""ORDER_DB"", ""PRODUCT_DB""]",RANKED_PRODUCT_LIST,"[""Rank only using an explicit verified sales metric such as unitsSold30d/orders30d.""]","[""Do not invent product, price, stock, promotion, ranking or specification."", ""Use only verified backend/system data for factual commerce claims."", ""Do not label a product 'best seller' if no ranking metric exists.""]","If no ranking data exists, state that verified best-seller ranking is unavailable and offer popular/in-stock alternatives.",
BESTSELLER_001-11,BESTSELLER_001,test,no_accent,Top tu lanh ban chay thang nay,BEST_SELLER,,"{""brand"": ""extract_if_present"", ""category"": ""extract"", ""time_window"": ""extract_if_present""}",QUERY_VERIFIED_SALES_RANKING,"[""SALES_ANALYTICS"", ""ORDER_DB"", ""PRODUCT_DB""]",RANKED_PRODUCT_LIST,"[""Rank only using an explicit verified sales metric such as unitsSold30d/orders30d.""]","[""Do not invent product, price, stock, promotion, ranking or specification."", ""Use only verified backend/system data for factual commerce claims."", ""Do not label a product 'best seller' if no ranking metric exists.""]","If no ranking data exists, state that verified best-seller ranking is unavailable and offer popular/in-stock alternatives.",
BESTSELLER_001-12,BESTSELLER_001,test,slang,top tu lanh bán chạy tháng này,BEST_SELLER,,"{""brand"": ""extract_if_present"", ""category"": ""extract"", ""time_window"": ""extract_if_present""}",QUERY_VERIFIED_SALES_RANKING,"[""SALES_ANALYTICS"", ""ORDER_DB"", ""PRODUCT_DB""]",RANKED_PRODUCT_LIST,"[""Rank only using an explicit verified sales metric such as unitsSold30d/orders30d.""]","[""Do not invent product, price, stock, promotion, ranking or specification."", ""Use only verified backend/system data for factual commerce claims."", ""Do not label a product 'best seller' if no ranking metric exists.""]","If no ranking data exists, state that verified best-seller ranking is unavailable and offer popular/in-stock alternatives.",
BESTSELLER_001-13,BESTSELLER_001,test,natural,TV Sony nào bán chạy nhất?,BEST_SELLER,,"{""brand"": ""extract_if_present"", ""category"": ""extract"", ""time_window"": ""extract_if_present""}",QUERY_VERIFIED_SALES_RANKING,"[""SALES_ANALYTICS"", ""ORDER_DB"", ""PRODUCT_DB""]",RANKED_PRODUCT_LIST,"[""Rank only using an explicit verified sales metric such as unitsSold30d/orders30d.""]","[""Do not invent product, price, stock, promotion, ranking or specification."", ""Use only verified backend/system data for factual commerce claims."", ""Do not label a product 'best seller' if no ranking metric exists.""]","If no ranking data exists, state that verified best-seller ranking is unavailable and offer popular/in-stock alternatives.",
BESTSELLER_001-14,BESTSELLER_001,test,no_accent,TV Sony nao ban chay nhat?,BEST_SELLER,,"{""brand"": ""extract_if_present"", ""category"": ""extract"", ""time_window"": ""extract_if_present""}",QUERY_VERIFIED_SALES_RANKING,"[""SALES_ANALYTICS"", ""ORDER_DB"", ""PRODUCT_DB""]",RANKED_PRODUCT_LIST,"[""Rank only using an explicit verified sales metric such as unitsSold30d/orders30d.""]","[""Do not invent product, price, stock, promotion, ranking or specification."", ""Use only verified backend/system data for factual commerce claims."", ""Do not label a product 'best seller' if no ranking metric exists.""]","If no ranking data exists, state that verified best-seller ranking is unavailable and offer popular/in-stock alternatives.",
TREND_001-01,TREND_001,test,natural,Điều hòa nào đang hot?,POPULAR_TRENDING,,"{""category"": ""extract_if_present"", ""time_window"": ""recent""}",QUERY_POPULARITY_METRIC,"[""ANALYTICS"", ""PRODUCT_DB""]",RANKED_PRODUCT_LIST,"[""Use views/clicks/chat interest/orders only if such metrics are available and name the basis if useful.""]","[""Do not invent product, price, stock, promotion, ranking or specification."", ""Use only verified backend/system data for factual commerce claims.""]",,
TREND_001-02,TREND_001,test,no_accent,Dieu hoa nao dang hot?,POPULAR_TRENDING,,"{""category"": ""extract_if_present"", ""time_window"": ""recent""}",QUERY_POPULARITY_METRIC,"[""ANALYTICS"", ""PRODUCT_DB""]",RANKED_PRODUCT_LIST,"[""Use views/clicks/chat interest/orders only if such metrics are available and name the basis if useful.""]","[""Do not invent product, price, stock, promotion, ranking or specification."", ""Use only verified backend/system data for factual commerce claims.""]",,
TREND_001-03,TREND_001,test,slang,dieu hoa nào đang hot?,POPULAR_TRENDING,,"{""category"": ""extract_if_present"", ""time_window"": ""recent""}",QUERY_POPULARITY_METRIC,"[""ANALYTICS"", ""PRODUCT_DB""]",RANKED_PRODUCT_LIST,"[""Use views/clicks/chat interest/orders only if such metrics are available and name the basis if useful.""]","[""Do not invent product, price, stock, promotion, ranking or specification."", ""Use only verified backend/system data for factual commerce claims.""]",,
TREND_001-04,TREND_001,test,natural,Mẫu máy giặt nào đang được quan tâm nhiều?,POPULAR_TRENDING,,"{""category"": ""extract_if_present"", ""time_window"": ""recent""}",QUERY_POPULARITY_METRIC,"[""ANALYTICS"", ""PRODUCT_DB""]",RANKED_PRODUCT_LIST,"[""Use views/clicks/chat interest/orders only if such metrics are available and name the basis if useful.""]","[""Do not invent product, price, stock, promotion, ranking or specification."", ""Use only verified backend/system data for factual commerce claims.""]",,
TREND_001-05,TREND_001,test,no_accent,Mau may giat nao dang duoc quan tam nhieu?,POPULAR_TRENDING,,"{""category"": ""extract_if_present"", ""time_window"": ""recent""}",QUERY_POPULARITY_METRIC,"[""ANALYTICS"", ""PRODUCT_DB""]",RANKED_PRODUCT_LIST,"[""Use views/clicks/chat interest/orders only if such metrics are available and name the basis if useful.""]","[""Do not invent product, price, stock, promotion, ranking or specification."", ""Use only verified backend/system data for factual commerce claims.""]",,
TREND_001-06,TREND_001,test,slang,mẫu may giat nào đang dc quan tâm nhiều?,POPULAR_TRENDING,,"{""category"": ""extract_if_present"", ""time_window"": ""recent""}",QUERY_POPULARITY_METRIC,"[""ANALYTICS"", ""PRODUCT_DB""]",RANKED_PRODUCT_LIST,"[""Use views/clicks/chat interest/orders only if such metrics are available and name the basis if useful.""]","[""Do not invent product, price, stock, promotion, ranking or specification."", ""Use only verified backend/system data for factual commerce claims.""]",,
TREND_001-07,TREND_001,test,natural,TV nào nhiều người xem nhất gần đây?,POPULAR_TRENDING,,"{""category"": ""extract_if_present"", ""time_window"": ""recent""}",QUERY_POPULARITY_METRIC,"[""ANALYTICS"", ""PRODUCT_DB""]",RANKED_PRODUCT_LIST,"[""Use views/clicks/chat interest/orders only if such metrics are available and name the basis if useful.""]","[""Do not invent product, price, stock, promotion, ranking or specification."", ""Use only verified backend/system data for factual commerce claims.""]",,
TREND_001-08,TREND_001,test,no_accent,TV nao nhieu nguoi xem nhat gan day?,POPULAR_TRENDING,,"{""category"": ""extract_if_present"", ""time_window"": ""recent""}",QUERY_POPULARITY_METRIC,"[""ANALYTICS"", ""PRODUCT_DB""]",RANKED_PRODUCT_LIST,"[""Use views/clicks/chat interest/orders only if such metrics are available and name the basis if useful.""]","[""Do not invent product, price, stock, promotion, ranking or specification."", ""Use only verified backend/system data for factual commerce claims.""]",,
TREND_001-09,TREND_001,test,natural,Tủ lạnh nào đang được khách hỏi nhiều?,POPULAR_TRENDING,,"{""category"": ""extract_if_present"", ""time_window"": ""recent""}",QUERY_POPULARITY_METRIC,"[""ANALYTICS"", ""PRODUCT_DB""]",RANKED_PRODUCT_LIST,"[""Use views/clicks/chat interest/orders only if such metrics are available and name the basis if useful.""]","[""Do not invent product, price, stock, promotion, ranking or specification."", ""Use only verified backend/system data for factual commerce claims.""]",,
TREND_001-10,TREND_001,test,no_accent,Tu lanh nao dang duoc khach hoi nhieu?,POPULAR_TRENDING,,"{""category"": ""extract_if_present"", ""time_window"": ""recent""}",QUERY_POPULARITY_METRIC,"[""ANALYTICS"", ""PRODUCT_DB""]",RANKED_PRODUCT_LIST,"[""Use views/clicks/chat interest/orders only if such metrics are available and name the basis if useful.""]","[""Do not invent product, price, stock, promotion, ranking or specification."", ""Use only verified backend/system data for factual commerce claims.""]",,
TREND_001-11,TREND_001,test,slang,tu lanh nào đang dc khách hỏi nhiều?,POPULAR_TRENDING,,"{""category"": ""extract_if_present"", ""time_window"": ""recent""}",QUERY_POPULARITY_METRIC,"[""ANALYTICS"", ""PRODUCT_DB""]",RANKED_PRODUCT_LIST,"[""Use views/clicks/chat interest/orders only if such metrics are available and name the basis if useful.""]","[""Do not invent product, price, stock, promotion, ranking or specification."", ""Use only verified backend/system data for factual commerce claims.""]",,
TREND_001-12,TREND_001,test,natural,Sản phẩm điện máy nào đang nổi bật tuần này?,POPULAR_TRENDING,,"{""category"": ""extract_if_present"", ""time_window"": ""recent""}",QUERY_POPULARITY_METRIC,"[""ANALYTICS"", ""PRODUCT_DB""]",RANKED_PRODUCT_LIST,"[""Use views/clicks/chat interest/orders only if such metrics are available and name the basis if useful.""]","[""Do not invent product, price, stock, promotion, ranking or specification."", ""Use only verified backend/system data for factual commerce claims.""]",,
TREND_001-13,TREND_001,test,no_accent,San pham dien may nao dang noi bat tuan nay?,POPULAR_TRENDING,,"{""category"": ""extract_if_present"", ""time_window"": ""recent""}",QUERY_POPULARITY_METRIC,"[""ANALYTICS"", ""PRODUCT_DB""]",RANKED_PRODUCT_LIST,"[""Use views/clicks/chat interest/orders only if such metrics are available and name the basis if useful.""]","[""Do not invent product, price, stock, promotion, ranking or specification."", ""Use only verified backend/system data for factual commerce claims.""]",,
BUDGET_001-01,BUDGET_001,validation,natural,Điều hòa dưới 10 triệu có những mẫu nào?,BUDGET_SEARCH,,"{""min_price"": ""extract_if_present"", ""max_price"": ""extract"", ""category"": ""extract"", ""size"": ""extract_if_present""}",FILTER_BY_BUDGET,"[""PRODUCT_DB"", ""PRICE_SERVICE""]",PRODUCT_LIST,"[""Use current sale price for budget filtering if business rules define that as customer price.""]","[""Do not invent product, price, stock, promotion, ranking or specification."", ""Use only verified backend/system data for factual commerce claims.""]",,
BUDGET_001-02,BUDGET_001,validation,no_accent,Dieu hoa duoi 10 trieu co nhung mau nao?,BUDGET_SEARCH,,"{""min_price"": ""extract_if_present"", ""max_price"": ""extract"", ""category"": ""extract"", ""size"": ""extract_if_present""}",FILTER_BY_BUDGET,"[""PRODUCT_DB"", ""PRICE_SERVICE""]",PRODUCT_LIST,"[""Use current sale price for budget filtering if business rules define that as customer price.""]","[""Do not invent product, price, stock, promotion, ranking or specification."", ""Use only verified backend/system data for factual commerce claims.""]",,
BUDGET_001-03,BUDGET_001,validation,slang,dieu hoa dưới 10 triệu có những mẫu nào?,BUDGET_SEARCH,,"{""min_price"": ""extract_if_present"", ""max_price"": ""extract"", ""category"": ""extract"", ""size"": ""extract_if_present""}",FILTER_BY_BUDGET,"[""PRODUCT_DB"", ""PRICE_SERVICE""]",PRODUCT_LIST,"[""Use current sale price for budget filtering if business rules define that as customer price.""]","[""Do not invent product, price, stock, promotion, ranking or specification."", ""Use only verified backend/system data for factual commerce claims.""]",,
BUDGET_001-04,BUDGET_001,validation,natural,Tủ lạnh khoảng 15 triệu,BUDGET_SEARCH,,"{""min_price"": ""extract_if_present"", ""max_price"": ""extract"", ""category"": ""extract"", ""size"": ""extract_if_present""}",FILTER_BY_BUDGET,"[""PRODUCT_DB"", ""PRICE_SERVICE""]",PRODUCT_LIST,"[""Use current sale price for budget filtering if business rules define that as customer price.""]","[""Do not invent product, price, stock, promotion, ranking or specification."", ""Use only verified backend/system data for factual commerce claims.""]",,
BUDGET_001-05,BUDGET_001,validation,no_accent,Tu lanh khoang 15 trieu,BUDGET_SEARCH,,"{""min_price"": ""extract_if_present"", ""max_price"": ""extract"", ""category"": ""extract"", ""size"": ""extract_if_present""}",FILTER_BY_BUDGET,"[""PRODUCT_DB"", ""PRICE_SERVICE""]",PRODUCT_LIST,"[""Use current sale price for budget filtering if business rules define that as customer price.""]","[""Do not invent product, price, stock, promotion, ranking or specification."", ""Use only verified backend/system data for factual commerce claims.""]",,
BUDGET_001-06,BUDGET_001,validation,slang,tu lanh khoảng 15 triệu,BUDGET_SEARCH,,"{""min_price"": ""extract_if_present"", ""max_price"": ""extract"", ""category"": ""extract"", ""size"": ""extract_if_present""}",FILTER_BY_BUDGET,"[""PRODUCT_DB"", ""PRICE_SERVICE""]",PRODUCT_LIST,"[""Use current sale price for budget filtering if business rules define that as customer price.""]","[""Do not invent product, price, stock, promotion, ranking or specification."", ""Use only verified backend/system data for factual commerce claims.""]",,
BUDGET_001-07,BUDGET_001,validation,natural,TV 65 inch dưới 20 triệu,BUDGET_SEARCH,,"{""min_price"": ""extract_if_present"", ""max_price"": ""extract"", ""category"": ""extract"", ""size"": ""extract_if_present""}",FILTER_BY_BUDGET,"[""PRODUCT_DB"", ""PRICE_SERVICE""]",PRODUCT_LIST,"[""Use current sale price for budget filtering if business rules define that as customer price.""]","[""Do not invent product, price, stock, promotion, ranking or specification."", ""Use only verified backend/system data for factual commerce claims.""]",,
BUDGET_001-08,BUDGET_001,validation,no_accent,TV 65 inch duoi 20 trieu,BUDGET_SEARCH,,"{""min_price"": ""extract_if_present"", ""max_price"": ""extract"", ""category"": ""extract"", ""size"": ""extract_if_present""}",FILTER_BY_BUDGET,"[""PRODUCT_DB"", ""PRICE_SERVICE""]",PRODUCT_LIST,"[""Use current sale price for budget filtering if business rules define that as customer price.""]","[""Do not invent product, price, stock, promotion, ranking or specification."", ""Use only verified backend/system data for factual commerce claims.""]",,
BUDGET_001-09,BUDGET_001,validation,natural,Máy giặt tầm 8 đến 12 triệu,BUDGET_SEARCH,,"{""min_price"": ""extract_if_present"", ""max_price"": ""extract"", ""category"": ""extract"", ""size"": ""extract_if_present""}",FILTER_BY_BUDGET,"[""PRODUCT_DB"", ""PRICE_SERVICE""]",PRODUCT_LIST,"[""Use current sale price for budget filtering if business rules define that as customer price.""]","[""Do not invent product, price, stock, promotion, ranking or specification."", ""Use only verified backend/system data for factual commerce claims.""]",,
BUDGET_001-10,BUDGET_001,validation,no_accent,May giat tam 8 den 12 trieu,BUDGET_SEARCH,,"{""min_price"": ""extract_if_present"", ""max_price"": ""extract"", ""category"": ""extract"", ""size"": ""extract_if_present""}",FILTER_BY_BUDGET,"[""PRODUCT_DB"", ""PRICE_SERVICE""]",PRODUCT_LIST,"[""Use current sale price for budget filtering if business rules define that as customer price.""]","[""Do not invent product, price, stock, promotion, ranking or specification."", ""Use only verified backend/system data for factual commerce claims.""]",,
BUDGET_001-11,BUDGET_001,validation,slang,may giat tầm 8 đến 12 triệu,BUDGET_SEARCH,,"{""min_price"": ""extract_if_present"", ""max_price"": ""extract"", ""category"": ""extract"", ""size"": ""extract_if_present""}",FILTER_BY_BUDGET,"[""PRODUCT_DB"", ""PRICE_SERVICE""]",PRODUCT_LIST,"[""Use current sale price for budget filtering if business rules define that as customer price.""]","[""Do not invent product, price, stock, promotion, ranking or specification."", ""Use only verified backend/system data for factual commerce claims.""]",,
BUDGET_001-12,BUDGET_001,validation,natural,Có máy sấy nào dưới 15 triệu không?,BUDGET_SEARCH,,"{""min_price"": ""extract_if_present"", ""max_price"": ""extract"", ""category"": ""extract"", ""size"": ""extract_if_present""}",FILTER_BY_BUDGET,"[""PRODUCT_DB"", ""PRICE_SERVICE""]",PRODUCT_LIST,"[""Use current sale price for budget filtering if business rules define that as customer price.""]","[""Do not invent product, price, stock, promotion, ranking or specification."", ""Use only verified backend/system data for factual commerce claims.""]",,
BUDGET_001-13,BUDGET_001,validation,no_accent,Co may say nao duoi 15 trieu khong?,BUDGET_SEARCH,,"{""min_price"": ""extract_if_present"", ""max_price"": ""extract"", ""category"": ""extract"", ""size"": ""extract_if_present""}",FILTER_BY_BUDGET,"[""PRODUCT_DB"", ""PRICE_SERVICE""]",PRODUCT_LIST,"[""Use current sale price for budget filtering if business rules define that as customer price.""]","[""Do not invent product, price, stock, promotion, ranking or specification."", ""Use only verified backend/system data for factual commerce claims.""]",,
BUDGET_001-14,BUDGET_001,validation,slang,có máy sấy nào dưới 15 triệu ko?,BUDGET_SEARCH,,"{""min_price"": ""extract_if_present"", ""max_price"": ""extract"", ""category"": ""extract"", ""size"": ""extract_if_present""}",FILTER_BY_BUDGET,"[""PRODUCT_DB"", ""PRICE_SERVICE""]",PRODUCT_LIST,"[""Use current sale price for budget filtering if business rules define that as customer price.""]","[""Do not invent product, price, stock, promotion, ranking or specification."", ""Use only verified backend/system data for factual commerce claims.""]",,
BRAND_001-01,BRAND_001,train,natural,Cho xem điều hòa Daikin,BRAND_SEARCH,,"{""brand"": ""extract"", ""category"": ""extract""}",FILTER_BY_BRAND_CATEGORY,"[""PRODUCT_DB""]",PRODUCT_LIST,"[""Return actual catalog products only.""]","[""Do not invent product, price, stock, promotion, ranking or specification."", ""Use only verified backend/system data for factual commerce claims.""]",,
BRAND_001-02,BRAND_001,train,no_accent,Cho xem dieu hoa Daikin,BRAND_SEARCH,,"{""brand"": ""extract"", ""category"": ""extract""}",FILTER_BY_BRAND_CATEGORY,"[""PRODUCT_DB""]",PRODUCT_LIST,"[""Return actual catalog products only.""]","[""Do not invent product, price, stock, promotion, ranking or specification."", ""Use only verified backend/system data for factual commerce claims.""]",,
BRAND_001-03,BRAND_001,train,natural,Tủ lạnh Panasonic bên mình có gì?,BRAND_SEARCH,,"{""brand"": ""extract"", ""category"": ""extract""}",FILTER_BY_BRAND_CATEGORY,"[""PRODUCT_DB""]",PRODUCT_LIST,"[""Return actual catalog products only.""]","[""Do not invent product, price, stock, promotion, ranking or specification."", ""Use only verified backend/system data for factual commerce claims.""]",,
BRAND_001-04,BRAND_001,train,no_accent,Tu lanh Panasonic ben minh co gi?,BRAND_SEARCH,,"{""brand"": ""extract"", ""category"": ""extract""}",FILTER_BY_BRAND_CATEGORY,"[""PRODUCT_DB""]",PRODUCT_LIST,"[""Return actual catalog products only.""]","[""Do not invent product, price, stock, promotion, ranking or specification."", ""Use only verified backend/system data for factual commerce claims.""]",,
BRAND_001-05,BRAND_001,train,slang,tu lanh panasonic bên mình có gì?,BRAND_SEARCH,,"{""brand"": ""extract"", ""category"": ""extract""}",FILTER_BY_BRAND_CATEGORY,"[""PRODUCT_DB""]",PRODUCT_LIST,"[""Return actual catalog products only.""]","[""Do not invent product, price, stock, promotion, ranking or specification."", ""Use only verified backend/system data for factual commerce claims.""]",,
BRAND_001-06,BRAND_001,train,natural,Máy giặt LG đang bán những mẫu nào?,BRAND_SEARCH,,"{""brand"": ""extract"", ""category"": ""extract""}",FILTER_BY_BRAND_CATEGORY,"[""PRODUCT_DB""]",PRODUCT_LIST,"[""Return actual catalog products only.""]","[""Do not invent product, price, stock, promotion, ranking or specification."", ""Use only verified backend/system data for factual commerce claims.""]",,
BRAND_001-07,BRAND_001,train,no_accent,May giat LG dang ban nhung mau nao?,BRAND_SEARCH,,"{""brand"": ""extract"", ""category"": ""extract""}",FILTER_BY_BRAND_CATEGORY,"[""PRODUCT_DB""]",PRODUCT_LIST,"[""Return actual catalog products only.""]","[""Do not invent product, price, stock, promotion, ranking or specification."", ""Use only verified backend/system data for factual commerce claims.""]",,
BRAND_001-08,BRAND_001,train,slang,may giat lg đang bán những mẫu nào?,BRAND_SEARCH,,"{""brand"": ""extract"", ""category"": ""extract""}",FILTER_BY_BRAND_CATEGORY,"[""PRODUCT_DB""]",PRODUCT_LIST,"[""Return actual catalog products only.""]","[""Do not invent product, price, stock, promotion, ranking or specification."", ""Use only verified backend/system data for factual commerce claims.""]",,
BRAND_001-09,BRAND_001,train,natural,TV Sony hiện có các dòng nào?,BRAND_SEARCH,,"{""brand"": ""extract"", ""category"": ""extract""}",FILTER_BY_BRAND_CATEGORY,"[""PRODUCT_DB""]",PRODUCT_LIST,"[""Return actual catalog products only.""]","[""Do not invent product, price, stock, promotion, ranking or specification."", ""Use only verified backend/system data for factual commerce claims.""]",,
BRAND_001-10,BRAND_001,train,no_accent,TV Sony hien co cac dong nao?,BRAND_SEARCH,,"{""brand"": ""extract"", ""category"": ""extract""}",FILTER_BY_BRAND_CATEGORY,"[""PRODUCT_DB""]",PRODUCT_LIST,"[""Return actual catalog products only.""]","[""Do not invent product, price, stock, promotion, ranking or specification."", ""Use only verified backend/system data for factual commerce claims.""]",,
BRAND_001-11,BRAND_001,train,natural,Điều hòa Midea có những mẫu nào?,BRAND_SEARCH,,"{""brand"": ""extract"", ""category"": ""extract""}",FILTER_BY_BRAND_CATEGORY,"[""PRODUCT_DB""]",PRODUCT_LIST,"[""Return actual catalog products only.""]","[""Do not invent product, price, stock, promotion, ranking or specification."", ""Use only verified backend/system data for factual commerce claims.""]",,
BRAND_001-12,BRAND_001,train,no_accent,Dieu hoa Midea co nhung mau nao?,BRAND_SEARCH,,"{""brand"": ""extract"", ""category"": ""extract""}",FILTER_BY_BRAND_CATEGORY,"[""PRODUCT_DB""]",PRODUCT_LIST,"[""Return actual catalog products only.""]","[""Do not invent product, price, stock, promotion, ranking or specification."", ""Use only verified backend/system data for factual commerce claims.""]",,
BRAND_001-13,BRAND_001,train,slang,dieu hoa midea có những mẫu nào?,BRAND_SEARCH,,"{""brand"": ""extract"", ""category"": ""extract""}",FILTER_BY_BRAND_CATEGORY,"[""PRODUCT_DB""]",PRODUCT_LIST,"[""Return actual catalog products only.""]","[""Do not invent product, price, stock, promotion, ranking or specification."", ""Use only verified backend/system data for factual commerce claims.""]",,
BRAND_ADVICE_001-01,BRAND_ADVICE_001,train,natural,Điều hòa hãng nào phù hợp nếu ưu tiên bền và tiết kiệm điện?,BRAND_ADVICE,,"{""brands"": ""extract_if_present"", ""category"": ""extract"", ""priorities"": ""extract""}",COMPARE_BRAND_CRITERIA,"[""KNOWLEDGE_DB"", ""PRODUCT_DB""]",BALANCED_ADVICE,"[""Explain by explicit criteria and available product data; avoid absolute claims not supported by data.""]","[""Do not invent product, price, stock, promotion, ranking or specification."", ""Use only verified backend/system data for factual commerce claims."", ""Do not claim one brand is universally best.""]",,
BRAND_ADVICE_001-02,BRAND_ADVICE_001,train,no_accent,Dieu hoa hang nao phu hop neu uu tien ben va tiet kiem dien?,BRAND_ADVICE,,"{""brands"": ""extract_if_present"", ""category"": ""extract"", ""priorities"": ""extract""}",COMPARE_BRAND_CRITERIA,"[""KNOWLEDGE_DB"", ""PRODUCT_DB""]",BALANCED_ADVICE,"[""Explain by explicit criteria and available product data; avoid absolute claims not supported by data.""]","[""Do not invent product, price, stock, promotion, ranking or specification."", ""Use only verified backend/system data for factual commerce claims."", ""Do not claim one brand is universally best.""]",,
BRAND_ADVICE_001-03,BRAND_ADVICE_001,train,slang,dieu hoa hãng nào phù hợp nếu ưu tiên bền và tiết kiệm điện?,BRAND_ADVICE,,"{""brands"": ""extract_if_present"", ""category"": ""extract"", ""priorities"": ""extract""}",COMPARE_BRAND_CRITERIA,"[""KNOWLEDGE_DB"", ""PRODUCT_DB""]",BALANCED_ADVICE,"[""Explain by explicit criteria and available product data; avoid absolute claims not supported by data.""]","[""Do not invent product, price, stock, promotion, ranking or specification."", ""Use only verified backend/system data for factual commerce claims."", ""Do not claim one brand is universally best.""]",,
BRAND_ADVICE_001-04,BRAND_ADVICE_001,train,natural,Daikin và Panasonic khác nhau như nào?,BRAND_ADVICE,,"{""brands"": ""extract_if_present"", ""category"": ""extract"", ""priorities"": ""extract""}",COMPARE_BRAND_CRITERIA,"[""KNOWLEDGE_DB"", ""PRODUCT_DB""]",BALANCED_ADVICE,"[""Explain by explicit criteria and available product data; avoid absolute claims not supported by data.""]","[""Do not invent product, price, stock, promotion, ranking or specification."", ""Use only verified backend/system data for factual commerce claims."", ""Do not claim one brand is universally best.""]",,
BRAND_ADVICE_001-05,BRAND_ADVICE_001,train,no_accent,Daikin va Panasonic khac nhau nhu nao?,BRAND_ADVICE,,"{""brands"": ""extract_if_present"", ""category"": ""extract"", ""priorities"": ""extract""}",COMPARE_BRAND_CRITERIA,"[""KNOWLEDGE_DB"", ""PRODUCT_DB""]",BALANCED_ADVICE,"[""Explain by explicit criteria and available product data; avoid absolute claims not supported by data.""]","[""Do not invent product, price, stock, promotion, ranking or specification."", ""Use only verified backend/system data for factual commerce claims."", ""Do not claim one brand is universally best.""]",,
BRAND_ADVICE_001-06,BRAND_ADVICE_001,train,natural,Midea có ổn không?,BRAND_ADVICE,,"{""brands"": ""extract_if_present"", ""category"": ""extract"", ""priorities"": ""extract""}",COMPARE_BRAND_CRITERIA,"[""KNOWLEDGE_DB"", ""PRODUCT_DB""]",BALANCED_ADVICE,"[""Explain by explicit criteria and available product data; avoid absolute claims not supported by data.""]","[""Do not invent product, price, stock, promotion, ranking or specification."", ""Use only verified backend/system data for factual commerce claims."", ""Do not claim one brand is universally best.""]",,
BRAND_ADVICE_001-07,BRAND_ADVICE_001,train,no_accent,Midea co on khong?,BRAND_ADVICE,,"{""brands"": ""extract_if_present"", ""category"": ""extract"", ""priorities"": ""extract""}",COMPARE_BRAND_CRITERIA,"[""KNOWLEDGE_DB"", ""PRODUCT_DB""]",BALANCED_ADVICE,"[""Explain by explicit criteria and available product data; avoid absolute claims not supported by data.""]","[""Do not invent product, price, stock, promotion, ranking or specification."", ""Use only verified backend/system data for factual commerce claims."", ""Do not claim one brand is universally best.""]",,
BRAND_ADVICE_001-08,BRAND_ADVICE_001,train,slang,midea có ổn ko?,BRAND_ADVICE,,"{""brands"": ""extract_if_present"", ""category"": ""extract"", ""priorities"": ""extract""}",COMPARE_BRAND_CRITERIA,"[""KNOWLEDGE_DB"", ""PRODUCT_DB""]",BALANCED_ADVICE,"[""Explain by explicit criteria and available product data; avoid absolute claims not supported by data.""]","[""Do not invent product, price, stock, promotion, ranking or specification."", ""Use only verified backend/system data for factual commerce claims."", ""Do not claim one brand is universally best.""]",,
BRAND_ADVICE_001-09,BRAND_ADVICE_001,train,natural,Nên chọn tủ lạnh LG hay Panasonic?,BRAND_ADVICE,,"{""brands"": ""extract_if_present"", ""category"": ""extract"", ""priorities"": ""extract""}",COMPARE_BRAND_CRITERIA,"[""KNOWLEDGE_DB"", ""PRODUCT_DB""]",BALANCED_ADVICE,"[""Explain by explicit criteria and available product data; avoid absolute claims not supported by data.""]","[""Do not invent product, price, stock, promotion, ranking or specification."", ""Use only verified backend/system data for factual commerce claims."", ""Do not claim one brand is universally best.""]",,
BRAND_ADVICE_001-10,BRAND_ADVICE_001,train,no_accent,Nen chon tu lanh LG hay Panasonic?,BRAND_ADVICE,,"{""brands"": ""extract_if_present"", ""category"": ""extract"", ""priorities"": ""extract""}",COMPARE_BRAND_CRITERIA,"[""KNOWLEDGE_DB"", ""PRODUCT_DB""]",BALANCED_ADVICE,"[""Explain by explicit criteria and available product data; avoid absolute claims not supported by data.""]","[""Do not invent product, price, stock, promotion, ranking or specification."", ""Use only verified backend/system data for factual commerce claims."", ""Do not claim one brand is universally best.""]",,
BRAND_ADVICE_001-11,BRAND_ADVICE_001,train,slang,nên chọn tu lanh lg hay panasonic?,BRAND_ADVICE,,"{""brands"": ""extract_if_present"", ""category"": ""extract"", ""priorities"": ""extract""}",COMPARE_BRAND_CRITERIA,"[""KNOWLEDGE_DB"", ""PRODUCT_DB""]",BALANCED_ADVICE,"[""Explain by explicit criteria and available product data; avoid absolute claims not supported by data.""]","[""Do not invent product, price, stock, promotion, ranking or specification."", ""Use only verified backend/system data for factual commerce claims."", ""Do not claim one brand is universally best.""]",,
BRAND_ADVICE_001-12,BRAND_ADVICE_001,train,natural,Máy giặt hãng nào phù hợp gia đình 4 người?,BRAND_ADVICE,,"{""brands"": ""extract_if_present"", ""category"": ""extract"", ""priorities"": ""extract""}",COMPARE_BRAND_CRITERIA,"[""KNOWLEDGE_DB"", ""PRODUCT_DB""]",BALANCED_ADVICE,"[""Explain by explicit criteria and available product data; avoid absolute claims not supported by data.""]","[""Do not invent product, price, stock, promotion, ranking or specification."", ""Use only verified backend/system data for factual commerce claims."", ""Do not claim one brand is universally best.""]",,
BRAND_ADVICE_001-13,BRAND_ADVICE_001,train,no_accent,May giat hang nao phu hop gia dinh 4 nguoi?,BRAND_ADVICE,,"{""brands"": ""extract_if_present"", ""category"": ""extract"", ""priorities"": ""extract""}",COMPARE_BRAND_CRITERIA,"[""KNOWLEDGE_DB"", ""PRODUCT_DB""]",BALANCED_ADVICE,"[""Explain by explicit criteria and available product data; avoid absolute claims not supported by data.""]","[""Do not invent product, price, stock, promotion, ranking or specification."", ""Use only verified backend/system data for factual commerce claims."", ""Do not claim one brand is universally best.""]",,
BRAND_ADVICE_001-14,BRAND_ADVICE_001,train,slang,may giat hãng nào phù hợp gia đình 4 người?,BRAND_ADVICE,,"{""brands"": ""extract_if_present"", ""category"": ""extract"", ""priorities"": ""extract""}",COMPARE_BRAND_CRITERIA,"[""KNOWLEDGE_DB"", ""PRODUCT_DB""]",BALANCED_ADVICE,"[""Explain by explicit criteria and available product data; avoid absolute claims not supported by data.""]","[""Do not invent product, price, stock, promotion, ranking or specification."", ""Use only verified backend/system data for factual commerce claims."", ""Do not claim one brand is universally best.""]",,
AC_SIZE_001-01,AC_SIZE_001,train,natural,Phòng ngủ 20m² dùng điều hòa bao nhiêu BTU?,AIR_CONDITIONER_SIZING,AIR_CONDITIONER_SIZING,"{""area_m2"": ""extract"", ""room_type"": ""BEDROOM_if_present"", ""dimensions"": ""extract_if_present""}",CALCULATE_THEN_SEARCH,"[""SKILL_RULES"", ""PRODUCT_DB""]",ADVICE_WITH_PRODUCTS,"[""Calculate sizing before product search."", ""For normal conditions, 20 m² should map around the 12,000 BTU commercial class under the configured rule."", ""Mention important heat-load caveat briefly."", ""Optionally retrieve 3-5 matching real products.""]","[""Do not invent product, price, stock, promotion, ranking or specification."", ""Use only verified backend/system data for factual commerce claims."", ""Do not directly search and recommend 9,000 BTU products before sizing.""]",,
AC_SIZE_001-02,AC_SIZE_001,train,no_accent,Phong ngu 20m² dung dieu hoa bao nhieu BTU?,AIR_CONDITIONER_SIZING,AIR_CONDITIONER_SIZING,"{""area_m2"": ""extract"", ""room_type"": ""BEDROOM_if_present"", ""dimensions"": ""extract_if_present""}",CALCULATE_THEN_SEARCH,"[""SKILL_RULES"", ""PRODUCT_DB""]",ADVICE_WITH_PRODUCTS,"[""Calculate sizing before product search."", ""For normal conditions, 20 m² should map around the 12,000 BTU commercial class under the configured rule."", ""Mention important heat-load caveat briefly."", ""Optionally retrieve 3-5 matching real products.""]","[""Do not invent product, price, stock, promotion, ranking or specification."", ""Use only verified backend/system data for factual commerce claims."", ""Do not directly search and recommend 9,000 BTU products before sizing.""]",,
AC_SIZE_001-03,AC_SIZE_001,train,slang,phong ngủ 20m² dùng dieu hoa bn btu?,AIR_CONDITIONER_SIZING,AIR_CONDITIONER_SIZING,"{""area_m2"": ""extract"", ""room_type"": ""BEDROOM_if_present"", ""dimensions"": ""extract_if_present""}",CALCULATE_THEN_SEARCH,"[""SKILL_RULES"", ""PRODUCT_DB""]",ADVICE_WITH_PRODUCTS,"[""Calculate sizing before product search."", ""For normal conditions, 20 m² should map around the 12,000 BTU commercial class under the configured rule."", ""Mention important heat-load caveat briefly."", ""Optionally retrieve 3-5 matching real products.""]","[""Do not invent product, price, stock, promotion, ranking or specification."", ""Use only verified backend/system data for factual commerce claims."", ""Do not directly search and recommend 9,000 BTU products before sizing.""]",,
AC_SIZE_001-04,AC_SIZE_001,train,natural,Phòng 15 mét vuông nên mua 1HP hay 1.5HP?,AIR_CONDITIONER_SIZING,AIR_CONDITIONER_SIZING,"{""area_m2"": ""extract"", ""room_type"": ""BEDROOM_if_present"", ""dimensions"": ""extract_if_present""}",CALCULATE_THEN_SEARCH,"[""SKILL_RULES"", ""PRODUCT_DB""]",ADVICE_WITH_PRODUCTS,"[""Calculate sizing before product search."", ""For normal conditions, 20 m² should map around the 12,000 BTU commercial class under the configured rule."", ""Mention important heat-load caveat briefly."", ""Optionally retrieve 3-5 matching real products.""]","[""Do not invent product, price, stock, promotion, ranking or specification."", ""Use only verified backend/system data for factual commerce claims."", ""Do not directly search and recommend 9,000 BTU products before sizing.""]",,
AC_SIZE_001-05,AC_SIZE_001,train,no_accent,Phong 15 met vuong nen mua 1HP hay 1.5HP?,AIR_CONDITIONER_SIZING,AIR_CONDITIONER_SIZING,"{""area_m2"": ""extract"", ""room_type"": ""BEDROOM_if_present"", ""dimensions"": ""extract_if_present""}",CALCULATE_THEN_SEARCH,"[""SKILL_RULES"", ""PRODUCT_DB""]",ADVICE_WITH_PRODUCTS,"[""Calculate sizing before product search."", ""For normal conditions, 20 m² should map around the 12,000 BTU commercial class under the configured rule."", ""Mention important heat-load caveat briefly."", ""Optionally retrieve 3-5 matching real products.""]","[""Do not invent product, price, stock, promotion, ranking or specification."", ""Use only verified backend/system data for factual commerce claims."", ""Do not directly search and recommend 9,000 BTU products before sizing.""]",,
AC_SIZE_001-06,AC_SIZE_001,train,slang,phong 15 m2 nên mua 1hp hay 1.5hp?,AIR_CONDITIONER_SIZING,AIR_CONDITIONER_SIZING,"{""area_m2"": ""extract"", ""room_type"": ""BEDROOM_if_present"", ""dimensions"": ""extract_if_present""}",CALCULATE_THEN_SEARCH,"[""SKILL_RULES"", ""PRODUCT_DB""]",ADVICE_WITH_PRODUCTS,"[""Calculate sizing before product search."", ""For normal conditions, 20 m² should map around the 12,000 BTU commercial class under the configured rule."", ""Mention important heat-load caveat briefly."", ""Optionally retrieve 3-5 matching real products.""]","[""Do not invent product, price, stock, promotion, ranking or specification."", ""Use only verified backend/system data for factual commerce claims."", ""Do not directly search and recommend 9,000 BTU products before sizing.""]",,
AC_SIZE_001-07,AC_SIZE_001,train,natural,Phòng 25m2 dùng điều hòa công suất nào?,AIR_CONDITIONER_SIZING,AIR_CONDITIONER_SIZING,"{""area_m2"": ""extract"", ""room_type"": ""BEDROOM_if_present"", ""dimensions"": ""extract_if_present""}",CALCULATE_THEN_SEARCH,"[""SKILL_RULES"", ""PRODUCT_DB""]",ADVICE_WITH_PRODUCTS,"[""Calculate sizing before product search."", ""For normal conditions, 20 m² should map around the 12,000 BTU commercial class under the configured rule."", ""Mention important heat-load caveat briefly."", ""Optionally retrieve 3-5 matching real products.""]","[""Do not invent product, price, stock, promotion, ranking or specification."", ""Use only verified backend/system data for factual commerce claims."", ""Do not directly search and recommend 9,000 BTU products before sizing.""]",,
AC_SIZE_001-08,AC_SIZE_001,train,no_accent,Phong 25m2 dung dieu hoa cong suat nao?,AIR_CONDITIONER_SIZING,AIR_CONDITIONER_SIZING,"{""area_m2"": ""extract"", ""room_type"": ""BEDROOM_if_present"", ""dimensions"": ""extract_if_present""}",CALCULATE_THEN_SEARCH,"[""SKILL_RULES"", ""PRODUCT_DB""]",ADVICE_WITH_PRODUCTS,"[""Calculate sizing before product search."", ""For normal conditions, 20 m² should map around the 12,000 BTU commercial class under the configured rule."", ""Mention important heat-load caveat briefly."", ""Optionally retrieve 3-5 matching real products.""]","[""Do not invent product, price, stock, promotion, ranking or specification."", ""Use only verified backend/system data for factual commerce claims."", ""Do not directly search and recommend 9,000 BTU products before sizing.""]",,
AC_SIZE_001-09,AC_SIZE_001,train,slang,phong 25m2 dùng dieu hoa công suất nào?,AIR_CONDITIONER_SIZING,AIR_CONDITIONER_SIZING,"{""area_m2"": ""extract"", ""room_type"": ""BEDROOM_if_present"", ""dimensions"": ""extract_if_present""}",CALCULATE_THEN_SEARCH,"[""SKILL_RULES"", ""PRODUCT_DB""]",ADVICE_WITH_PRODUCTS,"[""Calculate sizing before product search."", ""For normal conditions, 20 m² should map around the 12,000 BTU commercial class under the configured rule."", ""Mention important heat-load caveat briefly."", ""Optionally retrieve 3-5 matching real products.""]","[""Do not invent product, price, stock, promotion, ranking or specification."", ""Use only verified backend/system data for factual commerce claims."", ""Do not directly search and recommend 9,000 BTU products before sizing.""]",,
AC_SIZE_001-10,AC_SIZE_001,train,natural,Phòng 30m² cần bao nhiêu ngựa?,AIR_CONDITIONER_SIZING,AIR_CONDITIONER_SIZING,"{""area_m2"": ""extract"", ""room_type"": ""BEDROOM_if_present"", ""dimensions"": ""extract_if_present""}",CALCULATE_THEN_SEARCH,"[""SKILL_RULES"", ""PRODUCT_DB""]",ADVICE_WITH_PRODUCTS,"[""Calculate sizing before product search."", ""For normal conditions, 20 m² should map around the 12,000 BTU commercial class under the configured rule."", ""Mention important heat-load caveat briefly."", ""Optionally retrieve 3-5 matching real products.""]","[""Do not invent product, price, stock, promotion, ranking or specification."", ""Use only verified backend/system data for factual commerce claims."", ""Do not directly search and recommend 9,000 BTU products before sizing.""]",,
AC_SIZE_001-11,AC_SIZE_001,train,no_accent,Phong 30m² can bao nhieu ngua?,AIR_CONDITIONER_SIZING,AIR_CONDITIONER_SIZING,"{""area_m2"": ""extract"", ""room_type"": ""BEDROOM_if_present"", ""dimensions"": ""extract_if_present""}",CALCULATE_THEN_SEARCH,"[""SKILL_RULES"", ""PRODUCT_DB""]",ADVICE_WITH_PRODUCTS,"[""Calculate sizing before product search."", ""For normal conditions, 20 m² should map around the 12,000 BTU commercial class under the configured rule."", ""Mention important heat-load caveat briefly."", ""Optionally retrieve 3-5 matching real products.""]","[""Do not invent product, price, stock, promotion, ranking or specification."", ""Use only verified backend/system data for factual commerce claims."", ""Do not directly search and recommend 9,000 BTU products before sizing.""]",,
AC_SIZE_001-12,AC_SIZE_001,train,slang,phong 30m² cần bn ngựa?,AIR_CONDITIONER_SIZING,AIR_CONDITIONER_SIZING,"{""area_m2"": ""extract"", ""room_type"": ""BEDROOM_if_present"", ""dimensions"": ""extract_if_present""}",CALCULATE_THEN_SEARCH,"[""SKILL_RULES"", ""PRODUCT_DB""]",ADVICE_WITH_PRODUCTS,"[""Calculate sizing before product search."", ""For normal conditions, 20 m² should map around the 12,000 BTU commercial class under the configured rule."", ""Mention important heat-load caveat briefly."", ""Optionally retrieve 3-5 matching real products.""]","[""Do not invent product, price, stock, promotion, ranking or specification."", ""Use only verified backend/system data for factual commerce claims."", ""Do not directly search and recommend 9,000 BTU products before sizing.""]",,
AC_SIZE_001-13,AC_SIZE_001,train,natural,Phòng ngủ 4x5m thì dùng máy lạnh công suất bao nhiêu?,AIR_CONDITIONER_SIZING,AIR_CONDITIONER_SIZING,"{""area_m2"": ""extract"", ""room_type"": ""BEDROOM_if_present"", ""dimensions"": ""extract_if_present""}",CALCULATE_THEN_SEARCH,"[""SKILL_RULES"", ""PRODUCT_DB""]",ADVICE_WITH_PRODUCTS,"[""Calculate sizing before product search."", ""For normal conditions, 20 m² should map around the 12,000 BTU commercial class under the configured rule."", ""Mention important heat-load caveat briefly."", ""Optionally retrieve 3-5 matching real products.""]","[""Do not invent product, price, stock, promotion, ranking or specification."", ""Use only verified backend/system data for factual commerce claims."", ""Do not directly search and recommend 9,000 BTU products before sizing.""]",,
AC_SIZE_001-14,AC_SIZE_001,train,no_accent,Phong ngu 4x5m thi dung may lanh cong suat bao nhieu?,AIR_CONDITIONER_SIZING,AIR_CONDITIONER_SIZING,"{""area_m2"": ""extract"", ""room_type"": ""BEDROOM_if_present"", ""dimensions"": ""extract_if_present""}",CALCULATE_THEN_SEARCH,"[""SKILL_RULES"", ""PRODUCT_DB""]",ADVICE_WITH_PRODUCTS,"[""Calculate sizing before product search."", ""For normal conditions, 20 m² should map around the 12,000 BTU commercial class under the configured rule."", ""Mention important heat-load caveat briefly."", ""Optionally retrieve 3-5 matching real products.""]","[""Do not invent product, price, stock, promotion, ranking or specification."", ""Use only verified backend/system data for factual commerce claims."", ""Do not directly search and recommend 9,000 BTU products before sizing.""]",,
AC_SIZE_001-15,AC_SIZE_001,train,slang,phong ngủ 4x5m thì dùng may lanh công suất bn?,AIR_CONDITIONER_SIZING,AIR_CONDITIONER_SIZING,"{""area_m2"": ""extract"", ""room_type"": ""BEDROOM_if_present"", ""dimensions"": ""extract_if_present""}",CALCULATE_THEN_SEARCH,"[""SKILL_RULES"", ""PRODUCT_DB""]",ADVICE_WITH_PRODUCTS,"[""Calculate sizing before product search."", ""For normal conditions, 20 m² should map around the 12,000 BTU commercial class under the configured rule."", ""Mention important heat-load caveat briefly."", ""Optionally retrieve 3-5 matching real products.""]","[""Do not invent product, price, stock, promotion, ranking or specification."", ""Use only verified backend/system data for factual commerce claims."", ""Do not directly search and recommend 9,000 BTU products before sizing.""]",,
AC_SIZE_001-16,AC_SIZE_001,train,natural,20m2 lắp 9000 BTU có đủ không?,AIR_CONDITIONER_SIZING,AIR_CONDITIONER_SIZING,"{""area_m2"": ""extract"", ""room_type"": ""BEDROOM_if_present"", ""dimensions"": ""extract_if_present""}",CALCULATE_THEN_SEARCH,"[""SKILL_RULES"", ""PRODUCT_DB""]",ADVICE_WITH_PRODUCTS,"[""Calculate sizing before product search."", ""For normal conditions, 20 m² should map around the 12,000 BTU commercial class under the configured rule."", ""Mention important heat-load caveat briefly."", ""Optionally retrieve 3-5 matching real products.""]","[""Do not invent product, price, stock, promotion, ranking or specification."", ""Use only verified backend/system data for factual commerce claims."", ""Do not directly search and recommend 9,000 BTU products before sizing.""]",,
AC_SIZE_001-17,AC_SIZE_001,train,no_accent,20m2 lap 9000 BTU co du khong?,AIR_CONDITIONER_SIZING,AIR_CONDITIONER_SIZING,"{""area_m2"": ""extract"", ""room_type"": ""BEDROOM_if_present"", ""dimensions"": ""extract_if_present""}",CALCULATE_THEN_SEARCH,"[""SKILL_RULES"", ""PRODUCT_DB""]",ADVICE_WITH_PRODUCTS,"[""Calculate sizing before product search."", ""For normal conditions, 20 m² should map around the 12,000 BTU commercial class under the configured rule."", ""Mention important heat-load caveat briefly."", ""Optionally retrieve 3-5 matching real products.""]","[""Do not invent product, price, stock, promotion, ranking or specification."", ""Use only verified backend/system data for factual commerce claims."", ""Do not directly search and recommend 9,000 BTU products before sizing.""]",,
AC_SIZE_001-18,AC_SIZE_001,train,slang,20m2 lắp 9000 btu có đủ ko?,AIR_CONDITIONER_SIZING,AIR_CONDITIONER_SIZING,"{""area_m2"": ""extract"", ""room_type"": ""BEDROOM_if_present"", ""dimensions"": ""extract_if_present""}",CALCULATE_THEN_SEARCH,"[""SKILL_RULES"", ""PRODUCT_DB""]",ADVICE_WITH_PRODUCTS,"[""Calculate sizing before product search."", ""For normal conditions, 20 m² should map around the 12,000 BTU commercial class under the configured rule."", ""Mention important heat-load caveat briefly."", ""Optionally retrieve 3-5 matching real products.""]","[""Do not invent product, price, stock, promotion, ranking or specification."", ""Use only verified backend/system data for factual commerce claims."", ""Do not directly search and recommend 9,000 BTU products before sizing.""]",,
AC_HEAT_001-01,AC_HEAT_001,train,natural,Phòng 20m2 hướng Tây thì dùng điều hòa bao nhiêu BTU?,AIR_CONDITIONER_HEAT_LOAD,AIR_CONDITIONER_SIZING,"{""area_m2"": ""extract"", ""direction"": ""extract_if_present"", ""top_floor"": ""extract_if_present"", ""people"": ""extract_if_present"", ""room_type"": ""extract"", ""heat_sources"": ""extract_if_present""}",CALCULATE_WITH_HEAT_LOAD_THEN_SEARCH,"[""SKILL_RULES"", ""PRODUCT_DB""]",ADVICE_WITH_PRODUCTS,"[""Increase heat-load estimate based on configured deterministic rules.""]","[""Do not invent product, price, stock, promotion, ranking or specification."", ""Use only verified backend/system data for factual commerce claims."", ""Do not let LLM invent sizing math.""]",,
AC_HEAT_001-02,AC_HEAT_001,train,no_accent,Phong 20m2 huong Tay thi dung dieu hoa bao nhieu BTU?,AIR_CONDITIONER_HEAT_LOAD,AIR_CONDITIONER_SIZING,"{""area_m2"": ""extract"", ""direction"": ""extract_if_present"", ""top_floor"": ""extract_if_present"", ""people"": ""extract_if_present"", ""room_type"": ""extract"", ""heat_sources"": ""extract_if_present""}",CALCULATE_WITH_HEAT_LOAD_THEN_SEARCH,"[""SKILL_RULES"", ""PRODUCT_DB""]",ADVICE_WITH_PRODUCTS,"[""Increase heat-load estimate based on configured deterministic rules.""]","[""Do not invent product, price, stock, promotion, ranking or specification."", ""Use only verified backend/system data for factual commerce claims."", ""Do not let LLM invent sizing math.""]",,
AC_HEAT_001-03,AC_HEAT_001,train,slang,phong 20m2 hướng tây thì dùng dieu hoa bn btu?,AIR_CONDITIONER_HEAT_LOAD,AIR_CONDITIONER_SIZING,"{""area_m2"": ""extract"", ""direction"": ""extract_if_present"", ""top_floor"": ""extract_if_present"", ""people"": ""extract_if_present"", ""room_type"": ""extract"", ""heat_sources"": ""extract_if_present""}",CALCULATE_WITH_HEAT_LOAD_THEN_SEARCH,"[""SKILL_RULES"", ""PRODUCT_DB""]",ADVICE_WITH_PRODUCTS,"[""Increase heat-load estimate based on configured deterministic rules.""]","[""Do not invent product, price, stock, promotion, ranking or specification."", ""Use only verified backend/system data for factual commerce claims."", ""Do not let LLM invent sizing math.""]",,
AC_HEAT_001-04,AC_HEAT_001,train,natural,Phòng 18m² tầng áp mái nên dùng máy bao nhiêu ngựa?,AIR_CONDITIONER_HEAT_LOAD,AIR_CONDITIONER_SIZING,"{""area_m2"": ""extract"", ""direction"": ""extract_if_present"", ""top_floor"": ""extract_if_present"", ""people"": ""extract_if_present"", ""room_type"": ""extract"", ""heat_sources"": ""extract_if_present""}",CALCULATE_WITH_HEAT_LOAD_THEN_SEARCH,"[""SKILL_RULES"", ""PRODUCT_DB""]",ADVICE_WITH_PRODUCTS,"[""Increase heat-load estimate based on configured deterministic rules.""]","[""Do not invent product, price, stock, promotion, ranking or specification."", ""Use only verified backend/system data for factual commerce claims."", ""Do not let LLM invent sizing math.""]",,
AC_HEAT_001-05,AC_HEAT_001,train,no_accent,Phong 18m² tang ap mai nen dung may bao nhieu ngua?,AIR_CONDITIONER_HEAT_LOAD,AIR_CONDITIONER_SIZING,"{""area_m2"": ""extract"", ""direction"": ""extract_if_present"", ""top_floor"": ""extract_if_present"", ""people"": ""extract_if_present"", ""room_type"": ""extract"", ""heat_sources"": ""extract_if_present""}",CALCULATE_WITH_HEAT_LOAD_THEN_SEARCH,"[""SKILL_RULES"", ""PRODUCT_DB""]",ADVICE_WITH_PRODUCTS,"[""Increase heat-load estimate based on configured deterministic rules.""]","[""Do not invent product, price, stock, promotion, ranking or specification."", ""Use only verified backend/system data for factual commerce claims."", ""Do not let LLM invent sizing math.""]",,
AC_HEAT_001-06,AC_HEAT_001,train,slang,phong 18m² tầng áp mái nên dùng máy bn ngựa?,AIR_CONDITIONER_HEAT_LOAD,AIR_CONDITIONER_SIZING,"{""area_m2"": ""extract"", ""direction"": ""extract_if_present"", ""top_floor"": ""extract_if_present"", ""people"": ""extract_if_present"", ""room_type"": ""extract"", ""heat_sources"": ""extract_if_present""}",CALCULATE_WITH_HEAT_LOAD_THEN_SEARCH,"[""SKILL_RULES"", ""PRODUCT_DB""]",ADVICE_WITH_PRODUCTS,"[""Increase heat-load estimate based on configured deterministic rules.""]","[""Do not invent product, price, stock, promotion, ranking or specification."", ""Use only verified backend/system data for factual commerce claims."", ""Do not let LLM invent sizing math.""]",,
AC_HEAT_001-07,AC_HEAT_001,train,natural,Phòng 20m2 nhiều kính thì 12000 BTU đủ không?,AIR_CONDITIONER_HEAT_LOAD,AIR_CONDITIONER_SIZING,"{""area_m2"": ""extract"", ""direction"": ""extract_if_present"", ""top_floor"": ""extract_if_present"", ""people"": ""extract_if_present"", ""room_type"": ""extract"", ""heat_sources"": ""extract_if_present""}",CALCULATE_WITH_HEAT_LOAD_THEN_SEARCH,"[""SKILL_RULES"", ""PRODUCT_DB""]",ADVICE_WITH_PRODUCTS,"[""Increase heat-load estimate based on configured deterministic rules.""]","[""Do not invent product, price, stock, promotion, ranking or specification."", ""Use only verified backend/system data for factual commerce claims."", ""Do not let LLM invent sizing math.""]",,
AC_HEAT_001-08,AC_HEAT_001,train,no_accent,Phong 20m2 nhieu kinh thi 12000 BTU du khong?,AIR_CONDITIONER_HEAT_LOAD,AIR_CONDITIONER_SIZING,"{""area_m2"": ""extract"", ""direction"": ""extract_if_present"", ""top_floor"": ""extract_if_present"", ""people"": ""extract_if_present"", ""room_type"": ""extract"", ""heat_sources"": ""extract_if_present""}",CALCULATE_WITH_HEAT_LOAD_THEN_SEARCH,"[""SKILL_RULES"", ""PRODUCT_DB""]",ADVICE_WITH_PRODUCTS,"[""Increase heat-load estimate based on configured deterministic rules.""]","[""Do not invent product, price, stock, promotion, ranking or specification."", ""Use only verified backend/system data for factual commerce claims."", ""Do not let LLM invent sizing math.""]",,
AC_HEAT_001-09,AC_HEAT_001,train,slang,phong 20m2 nhiều kính thì 12000 btu đủ ko?,AIR_CONDITIONER_HEAT_LOAD,AIR_CONDITIONER_SIZING,"{""area_m2"": ""extract"", ""direction"": ""extract_if_present"", ""top_floor"": ""extract_if_present"", ""people"": ""extract_if_present"", ""room_type"": ""extract"", ""heat_sources"": ""extract_if_present""}",CALCULATE_WITH_HEAT_LOAD_THEN_SEARCH,"[""SKILL_RULES"", ""PRODUCT_DB""]",ADVICE_WITH_PRODUCTS,"[""Increase heat-load estimate based on configured deterministic rules.""]","[""Do not invent product, price, stock, promotion, ranking or specification."", ""Use only verified backend/system data for factual commerce claims."", ""Do not let LLM invent sizing math.""]",,
AC_HEAT_001-10,AC_HEAT_001,train,natural,Phòng khách 25m2 có 4 người thường xuyên thì công suất nào?,AIR_CONDITIONER_HEAT_LOAD,AIR_CONDITIONER_SIZING,"{""area_m2"": ""extract"", ""direction"": ""extract_if_present"", ""top_floor"": ""extract_if_present"", ""people"": ""extract_if_present"", ""room_type"": ""extract"", ""heat_sources"": ""extract_if_present""}",CALCULATE_WITH_HEAT_LOAD_THEN_SEARCH,"[""SKILL_RULES"", ""PRODUCT_DB""]",ADVICE_WITH_PRODUCTS,"[""Increase heat-load estimate based on configured deterministic rules.""]","[""Do not invent product, price, stock, promotion, ranking or specification."", ""Use only verified backend/system data for factual commerce claims."", ""Do not let LLM invent sizing math.""]",,
AC_HEAT_001-11,AC_HEAT_001,train,no_accent,Phong khach 25m2 co 4 nguoi thuong xuyen thi cong suat nao?,AIR_CONDITIONER_HEAT_LOAD,AIR_CONDITIONER_SIZING,"{""area_m2"": ""extract"", ""direction"": ""extract_if_present"", ""top_floor"": ""extract_if_present"", ""people"": ""extract_if_present"", ""room_type"": ""extract"", ""heat_sources"": ""extract_if_present""}",CALCULATE_WITH_HEAT_LOAD_THEN_SEARCH,"[""SKILL_RULES"", ""PRODUCT_DB""]",ADVICE_WITH_PRODUCTS,"[""Increase heat-load estimate based on configured deterministic rules.""]","[""Do not invent product, price, stock, promotion, ranking or specification."", ""Use only verified backend/system data for factual commerce claims."", ""Do not let LLM invent sizing math.""]",,
AC_HEAT_001-12,AC_HEAT_001,train,slang,phong khách 25m2 có 4 người thường xuyên thì công suất nào?,AIR_CONDITIONER_HEAT_LOAD,AIR_CONDITIONER_SIZING,"{""area_m2"": ""extract"", ""direction"": ""extract_if_present"", ""top_floor"": ""extract_if_present"", ""people"": ""extract_if_present"", ""room_type"": ""extract"", ""heat_sources"": ""extract_if_present""}",CALCULATE_WITH_HEAT_LOAD_THEN_SEARCH,"[""SKILL_RULES"", ""PRODUCT_DB""]",ADVICE_WITH_PRODUCTS,"[""Increase heat-load estimate based on configured deterministic rules.""]","[""Do not invent product, price, stock, promotion, ranking or specification."", ""Use only verified backend/system data for factual commerce claims."", ""Do not let LLM invent sizing math.""]",,
AC_HEAT_001-13,AC_HEAT_001,train,natural,Phòng khách thông bếp 30m2 nên lắp điều hòa bao nhiêu?,AIR_CONDITIONER_HEAT_LOAD,AIR_CONDITIONER_SIZING,"{""area_m2"": ""extract"", ""direction"": ""extract_if_present"", ""top_floor"": ""extract_if_present"", ""people"": ""extract_if_present"", ""room_type"": ""extract"", ""heat_sources"": ""extract_if_present""}",CALCULATE_WITH_HEAT_LOAD_THEN_SEARCH,"[""SKILL_RULES"", ""PRODUCT_DB""]",ADVICE_WITH_PRODUCTS,"[""Increase heat-load estimate based on configured deterministic rules.""]","[""Do not invent product, price, stock, promotion, ranking or specification."", ""Use only verified backend/system data for factual commerce claims."", ""Do not let LLM invent sizing math.""]",,
AC_HEAT_001-14,AC_HEAT_001,train,no_accent,Phong khach thong bep 30m2 nen lap dieu hoa bao nhieu?,AIR_CONDITIONER_HEAT_LOAD,AIR_CONDITIONER_SIZING,"{""area_m2"": ""extract"", ""direction"": ""extract_if_present"", ""top_floor"": ""extract_if_present"", ""people"": ""extract_if_present"", ""room_type"": ""extract"", ""heat_sources"": ""extract_if_present""}",CALCULATE_WITH_HEAT_LOAD_THEN_SEARCH,"[""SKILL_RULES"", ""PRODUCT_DB""]",ADVICE_WITH_PRODUCTS,"[""Increase heat-load estimate based on configured deterministic rules.""]","[""Do not invent product, price, stock, promotion, ranking or specification."", ""Use only verified backend/system data for factual commerce claims."", ""Do not let LLM invent sizing math.""]",,
AC_HEAT_001-15,AC_HEAT_001,train,slang,phong khách thông bếp 30m2 nên lắp dieu hoa bn?,AIR_CONDITIONER_HEAT_LOAD,AIR_CONDITIONER_SIZING,"{""area_m2"": ""extract"", ""direction"": ""extract_if_present"", ""top_floor"": ""extract_if_present"", ""people"": ""extract_if_present"", ""room_type"": ""extract"", ""heat_sources"": ""extract_if_present""}",CALCULATE_WITH_HEAT_LOAD_THEN_SEARCH,"[""SKILL_RULES"", ""PRODUCT_DB""]",ADVICE_WITH_PRODUCTS,"[""Increase heat-load estimate based on configured deterministic rules.""]","[""Do not invent product, price, stock, promotion, ranking or specification."", ""Use only verified backend/system data for factual commerce claims."", ""Do not let LLM invent sizing math.""]",,
AC_USAGE_001-01,AC_USAGE_001,train,natural,Phòng ngủ nên mua điều hòa loại nào chạy êm?,AIR_CONDITIONER_USAGE_ADVICE,AIR_CONDITIONER_ADVISOR,"{""priorities"": ""extract"", ""budget"": ""extract_if_present"", ""household"": ""extract_if_present""}",EXTRACT_REQUIREMENTS_AND_FILTER,"[""PRODUCT_DB"", ""KNOWLEDGE_DB""]",ADVICE_WITH_PRODUCTS,"[""Translate needs into verifiable attributes before product search.""]","[""Do not invent product, price, stock, promotion, ranking or specification."", ""Use only verified backend/system data for factual commerce claims.""]",,
AC_USAGE_001-02,AC_USAGE_001,train,no_accent,Phong ngu nen mua dieu hoa loai nao chay em?,AIR_CONDITIONER_USAGE_ADVICE,AIR_CONDITIONER_ADVISOR,"{""priorities"": ""extract"", ""budget"": ""extract_if_present"", ""household"": ""extract_if_present""}",EXTRACT_REQUIREMENTS_AND_FILTER,"[""PRODUCT_DB"", ""KNOWLEDGE_DB""]",ADVICE_WITH_PRODUCTS,"[""Translate needs into verifiable attributes before product search.""]","[""Do not invent product, price, stock, promotion, ranking or specification."", ""Use only verified backend/system data for factual commerce claims.""]",,
AC_USAGE_001-03,AC_USAGE_001,train,slang,phong ngủ nên mua dieu hoa loại nào chạy êm?,AIR_CONDITIONER_USAGE_ADVICE,AIR_CONDITIONER_ADVISOR,"{""priorities"": ""extract"", ""budget"": ""extract_if_present"", ""household"": ""extract_if_present""}",EXTRACT_REQUIREMENTS_AND_FILTER,"[""PRODUCT_DB"", ""KNOWLEDGE_DB""]",ADVICE_WITH_PRODUCTS,"[""Translate needs into verifiable attributes before product search.""]","[""Do not invent product, price, stock, promotion, ranking or specification."", ""Use only verified backend/system data for factual commerce claims.""]",,
AC_USAGE_001-04,AC_USAGE_001,train,natural,Nhà có trẻ nhỏ nên chọn điều hòa có tính năng gì?,AIR_CONDITIONER_USAGE_ADVICE,AIR_CONDITIONER_ADVISOR,"{""priorities"": ""extract"", ""budget"": ""extract_if_present"", ""household"": ""extract_if_present""}",EXTRACT_REQUIREMENTS_AND_FILTER,"[""PRODUCT_DB"", ""KNOWLEDGE_DB""]",ADVICE_WITH_PRODUCTS,"[""Translate needs into verifiable attributes before product search.""]","[""Do not invent product, price, stock, promotion, ranking or specification."", ""Use only verified backend/system data for factual commerce claims.""]",,
AC_USAGE_001-05,AC_USAGE_001,train,no_accent,Nha co tre nho nen chon dieu hoa co tinh nang gi?,AIR_CONDITIONER_USAGE_ADVICE,AIR_CONDITIONER_ADVISOR,"{""priorities"": ""extract"", ""budget"": ""extract_if_present"", ""household"": ""extract_if_present""}",EXTRACT_REQUIREMENTS_AND_FILTER,"[""PRODUCT_DB"", ""KNOWLEDGE_DB""]",ADVICE_WITH_PRODUCTS,"[""Translate needs into verifiable attributes before product search.""]","[""Do not invent product, price, stock, promotion, ranking or specification."", ""Use only verified backend/system data for factual commerce claims.""]",,
AC_USAGE_001-06,AC_USAGE_001,train,slang,nhà có trẻ nhỏ nên chọn dieu hoa có tính năng gì?,AIR_CONDITIONER_USAGE_ADVICE,AIR_CONDITIONER_ADVISOR,"{""priorities"": ""extract"", ""budget"": ""extract_if_present"", ""household"": ""extract_if_present""}",EXTRACT_REQUIREMENTS_AND_FILTER,"[""PRODUCT_DB"", ""KNOWLEDGE_DB""]",ADVICE_WITH_PRODUCTS,"[""Translate needs into verifiable attributes before product search.""]","[""Do not invent product, price, stock, promotion, ranking or specification."", ""Use only verified backend/system data for factual commerce claims.""]",,
AC_USAGE_001-07,AC_USAGE_001,train,natural,Tôi ưu tiên điều hòa tiết kiệm điện,AIR_CONDITIONER_USAGE_ADVICE,AIR_CONDITIONER_ADVISOR,"{""priorities"": ""extract"", ""budget"": ""extract_if_present"", ""household"": ""extract_if_present""}",EXTRACT_REQUIREMENTS_AND_FILTER,"[""PRODUCT_DB"", ""KNOWLEDGE_DB""]",ADVICE_WITH_PRODUCTS,"[""Translate needs into verifiable attributes before product search.""]","[""Do not invent product, price, stock, promotion, ranking or specification."", ""Use only verified backend/system data for factual commerce claims.""]",,
AC_USAGE_001-08,AC_USAGE_001,train,no_accent,Toi uu tien dieu hoa tiet kiem dien,AIR_CONDITIONER_USAGE_ADVICE,AIR_CONDITIONER_ADVISOR,"{""priorities"": ""extract"", ""budget"": ""extract_if_present"", ""household"": ""extract_if_present""}",EXTRACT_REQUIREMENTS_AND_FILTER,"[""PRODUCT_DB"", ""KNOWLEDGE_DB""]",ADVICE_WITH_PRODUCTS,"[""Translate needs into verifiable attributes before product search.""]","[""Do not invent product, price, stock, promotion, ranking or specification."", ""Use only verified backend/system data for factual commerce claims.""]",,
AC_USAGE_001-09,AC_USAGE_001,train,slang,tôi ưu tiên dieu hoa tiết kiệm điện,AIR_CONDITIONER_USAGE_ADVICE,AIR_CONDITIONER_ADVISOR,"{""priorities"": ""extract"", ""budget"": ""extract_if_present"", ""household"": ""extract_if_present""}",EXTRACT_REQUIREMENTS_AND_FILTER,"[""PRODUCT_DB"", ""KNOWLEDGE_DB""]",ADVICE_WITH_PRODUCTS,"[""Translate needs into verifiable attributes before product search.""]","[""Do not invent product, price, stock, promotion, ranking or specification."", ""Use only verified backend/system data for factual commerce claims.""]",,
AC_USAGE_001-10,AC_USAGE_001,train,natural,Điều hòa nào phù hợp người già?,AIR_CONDITIONER_USAGE_ADVICE,AIR_CONDITIONER_ADVISOR,"{""priorities"": ""extract"", ""budget"": ""extract_if_present"", ""household"": ""extract_if_present""}",EXTRACT_REQUIREMENTS_AND_FILTER,"[""PRODUCT_DB"", ""KNOWLEDGE_DB""]",ADVICE_WITH_PRODUCTS,"[""Translate needs into verifiable attributes before product search.""]","[""Do not invent product, price, stock, promotion, ranking or specification."", ""Use only verified backend/system data for factual commerce claims.""]",,
AC_USAGE_001-11,AC_USAGE_001,train,no_accent,Dieu hoa nao phu hop nguoi gia?,AIR_CONDITIONER_USAGE_ADVICE,AIR_CONDITIONER_ADVISOR,"{""priorities"": ""extract"", ""budget"": ""extract_if_present"", ""household"": ""extract_if_present""}",EXTRACT_REQUIREMENTS_AND_FILTER,"[""PRODUCT_DB"", ""KNOWLEDGE_DB""]",ADVICE_WITH_PRODUCTS,"[""Translate needs into verifiable attributes before product search.""]","[""Do not invent product, price, stock, promotion, ranking or specification."", ""Use only verified backend/system data for factual commerce claims.""]",,
AC_USAGE_001-12,AC_USAGE_001,train,slang,dieu hoa nào phù hợp người già?,AIR_CONDITIONER_USAGE_ADVICE,AIR_CONDITIONER_ADVISOR,"{""priorities"": ""extract"", ""budget"": ""extract_if_present"", ""household"": ""extract_if_present""}",EXTRACT_REQUIREMENTS_AND_FILTER,"[""PRODUCT_DB"", ""KNOWLEDGE_DB""]",ADVICE_WITH_PRODUCTS,"[""Translate needs into verifiable attributes before product search.""]","[""Do not invent product, price, stock, promotion, ranking or specification."", ""Use only verified backend/system data for factual commerce claims.""]",,
AC_USAGE_001-13,AC_USAGE_001,train,natural,Muốn điều hòa có lọc không khí và chạy êm dưới 15 triệu,AIR_CONDITIONER_USAGE_ADVICE,AIR_CONDITIONER_ADVISOR,"{""priorities"": ""extract"", ""budget"": ""extract_if_present"", ""household"": ""extract_if_present""}",EXTRACT_REQUIREMENTS_AND_FILTER,"[""PRODUCT_DB"", ""KNOWLEDGE_DB""]",ADVICE_WITH_PRODUCTS,"[""Translate needs into verifiable attributes before product search.""]","[""Do not invent product, price, stock, promotion, ranking or specification."", ""Use only verified backend/system data for factual commerce claims.""]",,
AC_USAGE_001-14,AC_USAGE_001,train,no_accent,Muon dieu hoa co loc khong khi va chay em duoi 15 trieu,AIR_CONDITIONER_USAGE_ADVICE,AIR_CONDITIONER_ADVISOR,"{""priorities"": ""extract"", ""budget"": ""extract_if_present"", ""household"": ""extract_if_present""}",EXTRACT_REQUIREMENTS_AND_FILTER,"[""PRODUCT_DB"", ""KNOWLEDGE_DB""]",ADVICE_WITH_PRODUCTS,"[""Translate needs into verifiable attributes before product search.""]","[""Do not invent product, price, stock, promotion, ranking or specification."", ""Use only verified backend/system data for factual commerce claims.""]",,
AC_USAGE_001-15,AC_USAGE_001,train,slang,muốn dieu hoa có lọc ko khí và chạy êm dưới 15 triệu,AIR_CONDITIONER_USAGE_ADVICE,AIR_CONDITIONER_ADVISOR,"{""priorities"": ""extract"", ""budget"": ""extract_if_present"", ""household"": ""extract_if_present""}",EXTRACT_REQUIREMENTS_AND_FILTER,"[""PRODUCT_DB"", ""KNOWLEDGE_DB""]",ADVICE_WITH_PRODUCTS,"[""Translate needs into verifiable attributes before product search.""]","[""Do not invent product, price, stock, promotion, ranking or specification."", ""Use only verified backend/system data for factual commerce claims.""]",,
TECH_AC_001-01,TECH_AC_001,train,natural,Điều hòa inverter là gì?,PRODUCT_TECH_EXPLAIN,,"{""topic"": ""extract"", ""category"": ""AIR_CONDITIONER""}",RETRIEVE_KNOWLEDGE_AND_EXPLAIN,"[""KNOWLEDGE_DB""]",SHORT_EXPLANATION,"[""Explain clearly and distinguish general knowledge from model-specific specs.""]","[""Do not invent product, price, stock, promotion, ranking or specification."", ""Use only verified backend/system data for factual commerce claims.""]",,
TECH_AC_001-02,TECH_AC_001,train,no_accent,Dieu hoa inverter la gi?,PRODUCT_TECH_EXPLAIN,,"{""topic"": ""extract"", ""category"": ""AIR_CONDITIONER""}",RETRIEVE_KNOWLEDGE_AND_EXPLAIN,"[""KNOWLEDGE_DB""]",SHORT_EXPLANATION,"[""Explain clearly and distinguish general knowledge from model-specific specs.""]","[""Do not invent product, price, stock, promotion, ranking or specification."", ""Use only verified backend/system data for factual commerce claims.""]",,
TECH_AC_001-03,TECH_AC_001,train,slang,dieu hoa inverter là gì?,PRODUCT_TECH_EXPLAIN,,"{""topic"": ""extract"", ""category"": ""AIR_CONDITIONER""}",RETRIEVE_KNOWLEDGE_AND_EXPLAIN,"[""KNOWLEDGE_DB""]",SHORT_EXPLANATION,"[""Explain clearly and distinguish general knowledge from model-specific specs.""]","[""Do not invent product, price, stock, promotion, ranking or specification."", ""Use only verified backend/system data for factual commerce claims.""]",,
TECH_AC_001-04,TECH_AC_001,train,natural,Dual inverter khác inverter thường thế nào?,PRODUCT_TECH_EXPLAIN,,"{""topic"": ""extract"", ""category"": ""AIR_CONDITIONER""}",RETRIEVE_KNOWLEDGE_AND_EXPLAIN,"[""KNOWLEDGE_DB""]",SHORT_EXPLANATION,"[""Explain clearly and distinguish general knowledge from model-specific specs.""]","[""Do not invent product, price, stock, promotion, ranking or specification."", ""Use only verified backend/system data for factual commerce claims.""]",,
TECH_AC_001-05,TECH_AC_001,train,no_accent,Dual inverter khac inverter thuong the nao?,PRODUCT_TECH_EXPLAIN,,"{""topic"": ""extract"", ""category"": ""AIR_CONDITIONER""}",RETRIEVE_KNOWLEDGE_AND_EXPLAIN,"[""KNOWLEDGE_DB""]",SHORT_EXPLANATION,"[""Explain clearly and distinguish general knowledge from model-specific specs.""]","[""Do not invent product, price, stock, promotion, ranking or specification."", ""Use only verified backend/system data for factual commerce claims.""]",,
TECH_AC_001-06,TECH_AC_001,train,natural,CSPF là gì?,PRODUCT_TECH_EXPLAIN,,"{""topic"": ""extract"", ""category"": ""AIR_CONDITIONER""}",RETRIEVE_KNOWLEDGE_AND_EXPLAIN,"[""KNOWLEDGE_DB""]",SHORT_EXPLANATION,"[""Explain clearly and distinguish general knowledge from model-specific specs.""]","[""Do not invent product, price, stock, promotion, ranking or specification."", ""Use only verified backend/system data for factual commerce claims.""]",,
TECH_AC_001-07,TECH_AC_001,train,no_accent,CSPF la gi?,PRODUCT_TECH_EXPLAIN,,"{""topic"": ""extract"", ""category"": ""AIR_CONDITIONER""}",RETRIEVE_KNOWLEDGE_AND_EXPLAIN,"[""KNOWLEDGE_DB""]",SHORT_EXPLANATION,"[""Explain clearly and distinguish general knowledge from model-specific specs.""]","[""Do not invent product, price, stock, promotion, ranking or specification."", ""Use only verified backend/system data for factual commerce claims.""]",,
TECH_AC_001-08,TECH_AC_001,train,natural,Có đáng mua điều hòa inverter không?,PRODUCT_TECH_EXPLAIN,,"{""topic"": ""extract"", ""category"": ""AIR_CONDITIONER""}",RETRIEVE_KNOWLEDGE_AND_EXPLAIN,"[""KNOWLEDGE_DB""]",SHORT_EXPLANATION,"[""Explain clearly and distinguish general knowledge from model-specific specs.""]","[""Do not invent product, price, stock, promotion, ranking or specification."", ""Use only verified backend/system data for factual commerce claims.""]",,
TECH_AC_001-09,TECH_AC_001,train,no_accent,Co dang mua dieu hoa inverter khong?,PRODUCT_TECH_EXPLAIN,,"{""topic"": ""extract"", ""category"": ""AIR_CONDITIONER""}",RETRIEVE_KNOWLEDGE_AND_EXPLAIN,"[""KNOWLEDGE_DB""]",SHORT_EXPLANATION,"[""Explain clearly and distinguish general knowledge from model-specific specs.""]","[""Do not invent product, price, stock, promotion, ranking or specification."", ""Use only verified backend/system data for factual commerce claims.""]",,
TECH_AC_001-10,TECH_AC_001,train,slang,có đáng mua dieu hoa inverter ko?,PRODUCT_TECH_EXPLAIN,,"{""topic"": ""extract"", ""category"": ""AIR_CONDITIONER""}",RETRIEVE_KNOWLEDGE_AND_EXPLAIN,"[""KNOWLEDGE_DB""]",SHORT_EXPLANATION,"[""Explain clearly and distinguish general knowledge from model-specific specs.""]","[""Do not invent product, price, stock, promotion, ranking or specification."", ""Use only verified backend/system data for factual commerce claims.""]",,
TECH_AC_001-11,TECH_AC_001,train,natural,Chế độ dry của điều hòa dùng khi nào?,PRODUCT_TECH_EXPLAIN,,"{""topic"": ""extract"", ""category"": ""AIR_CONDITIONER""}",RETRIEVE_KNOWLEDGE_AND_EXPLAIN,"[""KNOWLEDGE_DB""]",SHORT_EXPLANATION,"[""Explain clearly and distinguish general knowledge from model-specific specs.""]","[""Do not invent product, price, stock, promotion, ranking or specification."", ""Use only verified backend/system data for factual commerce claims.""]",,
TECH_AC_001-12,TECH_AC_001,train,no_accent,Che do dry cua dieu hoa dung khi nao?,PRODUCT_TECH_EXPLAIN,,"{""topic"": ""extract"", ""category"": ""AIR_CONDITIONER""}",RETRIEVE_KNOWLEDGE_AND_EXPLAIN,"[""KNOWLEDGE_DB""]",SHORT_EXPLANATION,"[""Explain clearly and distinguish general knowledge from model-specific specs.""]","[""Do not invent product, price, stock, promotion, ranking or specification."", ""Use only verified backend/system data for factual commerce claims.""]",,
TECH_AC_001-13,TECH_AC_001,train,slang,chế độ dry của dieu hoa dùng khi nào?,PRODUCT_TECH_EXPLAIN,,"{""topic"": ""extract"", ""category"": ""AIR_CONDITIONER""}",RETRIEVE_KNOWLEDGE_AND_EXPLAIN,"[""KNOWLEDGE_DB""]",SHORT_EXPLANATION,"[""Explain clearly and distinguish general knowledge from model-specific specs.""]","[""Do not invent product, price, stock, promotion, ranking or specification."", ""Use only verified backend/system data for factual commerce claims.""]",,
WM_SIZE_001-01,WM_SIZE_001,train,natural,Nhà 4 người dùng máy giặt bao nhiêu kg?,WASHING_MACHINE_SIZING,WASHING_MACHINE_SIZING,"{""people"": ""extract"", ""bulky_items"": ""extract_if_present""}",CALCULATE_CAPACITY_THEN_SEARCH,"[""SKILL_RULES"", ""PRODUCT_DB""]",ADVICE_WITH_PRODUCTS,"[""Use deterministic household/capacity rules, then retrieve real products.""]","[""Do not invent product, price, stock, promotion, ranking or specification."", ""Use only verified backend/system data for factual commerce claims.""]",,
WM_SIZE_001-02,WM_SIZE_001,train,no_accent,Nha 4 nguoi dung may giat bao nhieu kg?,WASHING_MACHINE_SIZING,WASHING_MACHINE_SIZING,"{""people"": ""extract"", ""bulky_items"": ""extract_if_present""}",CALCULATE_CAPACITY_THEN_SEARCH,"[""SKILL_RULES"", ""PRODUCT_DB""]",ADVICE_WITH_PRODUCTS,"[""Use deterministic household/capacity rules, then retrieve real products.""]","[""Do not invent product, price, stock, promotion, ranking or specification."", ""Use only verified backend/system data for factual commerce claims.""]",,
WM_SIZE_001-03,WM_SIZE_001,train,slang,nhà 4 người dùng may giat bn kg?,WASHING_MACHINE_SIZING,WASHING_MACHINE_SIZING,"{""people"": ""extract"", ""bulky_items"": ""extract_if_present""}",CALCULATE_CAPACITY_THEN_SEARCH,"[""SKILL_RULES"", ""PRODUCT_DB""]",ADVICE_WITH_PRODUCTS,"[""Use deterministic household/capacity rules, then retrieve real products.""]","[""Do not invent product, price, stock, promotion, ranking or specification."", ""Use only verified backend/system data for factual commerce claims.""]",,
WM_SIZE_001-04,WM_SIZE_001,train,natural,Gia đình 6 người dùng máy giặt 10kg đủ không?,WASHING_MACHINE_SIZING,WASHING_MACHINE_SIZING,"{""people"": ""extract"", ""bulky_items"": ""extract_if_present""}",CALCULATE_CAPACITY_THEN_SEARCH,"[""SKILL_RULES"", ""PRODUCT_DB""]",ADVICE_WITH_PRODUCTS,"[""Use deterministic household/capacity rules, then retrieve real products.""]","[""Do not invent product, price, stock, promotion, ranking or specification."", ""Use only verified backend/system data for factual commerce claims.""]",,
WM_SIZE_001-05,WM_SIZE_001,train,no_accent,Gia dinh 6 nguoi dung may giat 10kg du khong?,WASHING_MACHINE_SIZING,WASHING_MACHINE_SIZING,"{""people"": ""extract"", ""bulky_items"": ""extract_if_present""}",CALCULATE_CAPACITY_THEN_SEARCH,"[""SKILL_RULES"", ""PRODUCT_DB""]",ADVICE_WITH_PRODUCTS,"[""Use deterministic household/capacity rules, then retrieve real products.""]","[""Do not invent product, price, stock, promotion, ranking or specification."", ""Use only verified backend/system data for factual commerce claims.""]",,
WM_SIZE_001-06,WM_SIZE_001,train,slang,gia đình 6 người dùng may giat 10kg đủ ko?,WASHING_MACHINE_SIZING,WASHING_MACHINE_SIZING,"{""people"": ""extract"", ""bulky_items"": ""extract_if_present""}",CALCULATE_CAPACITY_THEN_SEARCH,"[""SKILL_RULES"", ""PRODUCT_DB""]",ADVICE_WITH_PRODUCTS,"[""Use deterministic household/capacity rules, then retrieve real products.""]","[""Do not invent product, price, stock, promotion, ranking or specification."", ""Use only verified backend/system data for factual commerce claims.""]",,
WM_SIZE_001-07,WM_SIZE_001,train,natural,Hai vợ chồng dùng máy giặt bao nhiêu kg?,WASHING_MACHINE_SIZING,WASHING_MACHINE_SIZING,"{""people"": ""extract"", ""bulky_items"": ""extract_if_present""}",CALCULATE_CAPACITY_THEN_SEARCH,"[""SKILL_RULES"", ""PRODUCT_DB""]",ADVICE_WITH_PRODUCTS,"[""Use deterministic household/capacity rules, then retrieve real products.""]","[""Do not invent product, price, stock, promotion, ranking or specification."", ""Use only verified backend/system data for factual commerce claims.""]",,
WM_SIZE_001-08,WM_SIZE_001,train,no_accent,Hai vo chong dung may giat bao nhieu kg?,WASHING_MACHINE_SIZING,WASHING_MACHINE_SIZING,"{""people"": ""extract"", ""bulky_items"": ""extract_if_present""}",CALCULATE_CAPACITY_THEN_SEARCH,"[""SKILL_RULES"", ""PRODUCT_DB""]",ADVICE_WITH_PRODUCTS,"[""Use deterministic household/capacity rules, then retrieve real products.""]","[""Do not invent product, price, stock, promotion, ranking or specification."", ""Use only verified backend/system data for factual commerce claims.""]",,
WM_SIZE_001-09,WM_SIZE_001,train,slang,hai vợ chồng dùng may giat bn kg?,WASHING_MACHINE_SIZING,WASHING_MACHINE_SIZING,"{""people"": ""extract"", ""bulky_items"": ""extract_if_present""}",CALCULATE_CAPACITY_THEN_SEARCH,"[""SKILL_RULES"", ""PRODUCT_DB""]",ADVICE_WITH_PRODUCTS,"[""Use deterministic household/capacity rules, then retrieve real products.""]","[""Do not invent product, price, stock, promotion, ranking or specification."", ""Use only verified backend/system data for factual commerce claims.""]",,
WM_SIZE_001-10,WM_SIZE_001,train,natural,Nhà 5 người hay giặt chăn nên chọn máy bao nhiêu kg?,WASHING_MACHINE_SIZING,WASHING_MACHINE_SIZING,"{""people"": ""extract"", ""bulky_items"": ""extract_if_present""}",CALCULATE_CAPACITY_THEN_SEARCH,"[""SKILL_RULES"", ""PRODUCT_DB""]",ADVICE_WITH_PRODUCTS,"[""Use deterministic household/capacity rules, then retrieve real products.""]","[""Do not invent product, price, stock, promotion, ranking or specification."", ""Use only verified backend/system data for factual commerce claims.""]",,
WM_SIZE_001-11,WM_SIZE_001,train,no_accent,Nha 5 nguoi hay giat chan nen chon may bao nhieu kg?,WASHING_MACHINE_SIZING,WASHING_MACHINE_SIZING,"{""people"": ""extract"", ""bulky_items"": ""extract_if_present""}",CALCULATE_CAPACITY_THEN_SEARCH,"[""SKILL_RULES"", ""PRODUCT_DB""]",ADVICE_WITH_PRODUCTS,"[""Use deterministic household/capacity rules, then retrieve real products.""]","[""Do not invent product, price, stock, promotion, ranking or specification."", ""Use only verified backend/system data for factual commerce claims.""]",,
WM_SIZE_001-12,WM_SIZE_001,train,slang,nhà 5 người hay giặt chăn nên chọn máy bn kg?,WASHING_MACHINE_SIZING,WASHING_MACHINE_SIZING,"{""people"": ""extract"", ""bulky_items"": ""extract_if_present""}",CALCULATE_CAPACITY_THEN_SEARCH,"[""SKILL_RULES"", ""PRODUCT_DB""]",ADVICE_WITH_PRODUCTS,"[""Use deterministic household/capacity rules, then retrieve real products.""]","[""Do not invent product, price, stock, promotion, ranking or specification."", ""Use only verified backend/system data for factual commerce claims.""]",,
WM_SIZE_001-13,WM_SIZE_001,train,natural,Máy giặt 9kg phù hợp mấy người?,WASHING_MACHINE_SIZING,WASHING_MACHINE_SIZING,"{""people"": ""extract"", ""bulky_items"": ""extract_if_present""}",CALCULATE_CAPACITY_THEN_SEARCH,"[""SKILL_RULES"", ""PRODUCT_DB""]",ADVICE_WITH_PRODUCTS,"[""Use deterministic household/capacity rules, then retrieve real products.""]","[""Do not invent product, price, stock, promotion, ranking or specification."", ""Use only verified backend/system data for factual commerce claims.""]",,
WM_SIZE_001-14,WM_SIZE_001,train,no_accent,May giat 9kg phu hop may nguoi?,WASHING_MACHINE_SIZING,WASHING_MACHINE_SIZING,"{""people"": ""extract"", ""bulky_items"": ""extract_if_present""}",CALCULATE_CAPACITY_THEN_SEARCH,"[""SKILL_RULES"", ""PRODUCT_DB""]",ADVICE_WITH_PRODUCTS,"[""Use deterministic household/capacity rules, then retrieve real products.""]","[""Do not invent product, price, stock, promotion, ranking or specification."", ""Use only verified backend/system data for factual commerce claims.""]",,
WM_SIZE_001-15,WM_SIZE_001,train,slang,may giat 9kg phù hợp mấy người?,WASHING_MACHINE_SIZING,WASHING_MACHINE_SIZING,"{""people"": ""extract"", ""bulky_items"": ""extract_if_present""}",CALCULATE_CAPACITY_THEN_SEARCH,"[""SKILL_RULES"", ""PRODUCT_DB""]",ADVICE_WITH_PRODUCTS,"[""Use deterministic household/capacity rules, then retrieve real products.""]","[""Do not invent product, price, stock, promotion, ranking or specification."", ""Use only verified backend/system data for factual commerce claims.""]",,
WM_ADVICE_001-01,WM_ADVICE_001,train,natural,Máy giặt cửa ngang hay cửa trên phù hợp hơn?,WASHING_MACHINE_ADVICE,WASHING_MACHINE_ADVISOR,"{""priorities"": ""extract"", ""features"": ""extract""}",EXTRACT_REQUIREMENTS_AND_FILTER,"[""PRODUCT_DB"", ""KNOWLEDGE_DB""]",ADVICE_WITH_PRODUCTS,"[""Map customer needs to structured product attributes.""]","[""Do not invent product, price, stock, promotion, ranking or specification."", ""Use only verified backend/system data for factual commerce claims.""]",,
WM_ADVICE_001-02,WM_ADVICE_001,train,no_accent,May giat cua ngang hay cua tren phu hop hon?,WASHING_MACHINE_ADVICE,WASHING_MACHINE_ADVISOR,"{""priorities"": ""extract"", ""features"": ""extract""}",EXTRACT_REQUIREMENTS_AND_FILTER,"[""PRODUCT_DB"", ""KNOWLEDGE_DB""]",ADVICE_WITH_PRODUCTS,"[""Map customer needs to structured product attributes.""]","[""Do not invent product, price, stock, promotion, ranking or specification."", ""Use only verified backend/system data for factual commerce claims.""]",,
WM_ADVICE_001-03,WM_ADVICE_001,train,slang,may giat cửa ngang hay cửa trên phù hợp hơn?,WASHING_MACHINE_ADVICE,WASHING_MACHINE_ADVISOR,"{""priorities"": ""extract"", ""features"": ""extract""}",EXTRACT_REQUIREMENTS_AND_FILTER,"[""PRODUCT_DB"", ""KNOWLEDGE_DB""]",ADVICE_WITH_PRODUCTS,"[""Map customer needs to structured product attributes.""]","[""Do not invent product, price, stock, promotion, ranking or specification."", ""Use only verified backend/system data for factual commerce claims.""]",,
WM_ADVICE_001-04,WM_ADVICE_001,train,natural,Máy giặt nào ít rung và chạy êm?,WASHING_MACHINE_ADVICE,WASHING_MACHINE_ADVISOR,"{""priorities"": ""extract"", ""features"": ""extract""}",EXTRACT_REQUIREMENTS_AND_FILTER,"[""PRODUCT_DB"", ""KNOWLEDGE_DB""]",ADVICE_WITH_PRODUCTS,"[""Map customer needs to structured product attributes.""]","[""Do not invent product, price, stock, promotion, ranking or specification."", ""Use only verified backend/system data for factual commerce claims.""]",,
WM_ADVICE_001-05,WM_ADVICE_001,train,no_accent,May giat nao it rung va chay em?,WASHING_MACHINE_ADVICE,WASHING_MACHINE_ADVISOR,"{""priorities"": ""extract"", ""features"": ""extract""}",EXTRACT_REQUIREMENTS_AND_FILTER,"[""PRODUCT_DB"", ""KNOWLEDGE_DB""]",ADVICE_WITH_PRODUCTS,"[""Map customer needs to structured product attributes.""]","[""Do not invent product, price, stock, promotion, ranking or specification."", ""Use only verified backend/system data for factual commerce claims.""]",,
WM_ADVICE_001-06,WM_ADVICE_001,train,slang,may giat nào ít rung và chạy êm?,WASHING_MACHINE_ADVICE,WASHING_MACHINE_ADVISOR,"{""priorities"": ""extract"", ""features"": ""extract""}",EXTRACT_REQUIREMENTS_AND_FILTER,"[""PRODUCT_DB"", ""KNOWLEDGE_DB""]",ADVICE_WITH_PRODUCTS,"[""Map customer needs to structured product attributes.""]","[""Do not invent product, price, stock, promotion, ranking or specification."", ""Use only verified backend/system data for factual commerce claims.""]",,
WM_ADVICE_001-07,WM_ADVICE_001,train,natural,Nhà có trẻ nhỏ nên mua máy giặt loại nào?,WASHING_MACHINE_ADVICE,WASHING_MACHINE_ADVISOR,"{""priorities"": ""extract"", ""features"": ""extract""}",EXTRACT_REQUIREMENTS_AND_FILTER,"[""PRODUCT_DB"", ""KNOWLEDGE_DB""]",ADVICE_WITH_PRODUCTS,"[""Map customer needs to structured product attributes.""]","[""Do not invent product, price, stock, promotion, ranking or specification."", ""Use only verified backend/system data for factual commerce claims.""]",,
WM_ADVICE_001-08,WM_ADVICE_001,train,no_accent,Nha co tre nho nen mua may giat loai nao?,WASHING_MACHINE_ADVICE,WASHING_MACHINE_ADVISOR,"{""priorities"": ""extract"", ""features"": ""extract""}",EXTRACT_REQUIREMENTS_AND_FILTER,"[""PRODUCT_DB"", ""KNOWLEDGE_DB""]",ADVICE_WITH_PRODUCTS,"[""Map customer needs to structured product attributes.""]","[""Do not invent product, price, stock, promotion, ranking or specification."", ""Use only verified backend/system data for factual commerce claims.""]",,
WM_ADVICE_001-09,WM_ADVICE_001,train,slang,nhà có trẻ nhỏ nên mua may giat loại nào?,WASHING_MACHINE_ADVICE,WASHING_MACHINE_ADVISOR,"{""priorities"": ""extract"", ""features"": ""extract""}",EXTRACT_REQUIREMENTS_AND_FILTER,"[""PRODUCT_DB"", ""KNOWLEDGE_DB""]",ADVICE_WITH_PRODUCTS,"[""Map customer needs to structured product attributes.""]","[""Do not invent product, price, stock, promotion, ranking or specification."", ""Use only verified backend/system data for factual commerce claims.""]",,
WM_ADVICE_001-10,WM_ADVICE_001,train,natural,Tôi muốn máy giặt có sấy,WASHING_MACHINE_ADVICE,WASHING_MACHINE_ADVISOR,"{""priorities"": ""extract"", ""features"": ""extract""}",EXTRACT_REQUIREMENTS_AND_FILTER,"[""PRODUCT_DB"", ""KNOWLEDGE_DB""]",ADVICE_WITH_PRODUCTS,"[""Map customer needs to structured product attributes.""]","[""Do not invent product, price, stock, promotion, ranking or specification."", ""Use only verified backend/system data for factual commerce claims.""]",,
WM_ADVICE_001-11,WM_ADVICE_001,train,no_accent,Toi muon may giat co say,WASHING_MACHINE_ADVICE,WASHING_MACHINE_ADVISOR,"{""priorities"": ""extract"", ""features"": ""extract""}",EXTRACT_REQUIREMENTS_AND_FILTER,"[""PRODUCT_DB"", ""KNOWLEDGE_DB""]",ADVICE_WITH_PRODUCTS,"[""Map customer needs to structured product attributes.""]","[""Do not invent product, price, stock, promotion, ranking or specification."", ""Use only verified backend/system data for factual commerce claims.""]",,
WM_ADVICE_001-12,WM_ADVICE_001,train,slang,tôi muốn may giat có sấy,WASHING_MACHINE_ADVICE,WASHING_MACHINE_ADVISOR,"{""priorities"": ""extract"", ""features"": ""extract""}",EXTRACT_REQUIREMENTS_AND_FILTER,"[""PRODUCT_DB"", ""KNOWLEDGE_DB""]",ADVICE_WITH_PRODUCTS,"[""Map customer needs to structured product attributes.""]","[""Do not invent product, price, stock, promotion, ranking or specification."", ""Use only verified backend/system data for factual commerce claims.""]",,
WM_ADVICE_001-13,WM_ADVICE_001,train,natural,Máy giặt nào tiết kiệm nước và điện?,WASHING_MACHINE_ADVICE,WASHING_MACHINE_ADVISOR,"{""priorities"": ""extract"", ""features"": ""extract""}",EXTRACT_REQUIREMENTS_AND_FILTER,"[""PRODUCT_DB"", ""KNOWLEDGE_DB""]",ADVICE_WITH_PRODUCTS,"[""Map customer needs to structured product attributes.""]","[""Do not invent product, price, stock, promotion, ranking or specification."", ""Use only verified backend/system data for factual commerce claims.""]",,
WM_ADVICE_001-14,WM_ADVICE_001,train,no_accent,May giat nao tiet kiem nuoc va dien?,WASHING_MACHINE_ADVICE,WASHING_MACHINE_ADVISOR,"{""priorities"": ""extract"", ""features"": ""extract""}",EXTRACT_REQUIREMENTS_AND_FILTER,"[""PRODUCT_DB"", ""KNOWLEDGE_DB""]",ADVICE_WITH_PRODUCTS,"[""Map customer needs to structured product attributes.""]","[""Do not invent product, price, stock, promotion, ranking or specification."", ""Use only verified backend/system data for factual commerce claims.""]",,
WM_ADVICE_001-15,WM_ADVICE_001,train,slang,may giat nào tiết kiệm nước và điện?,WASHING_MACHINE_ADVICE,WASHING_MACHINE_ADVISOR,"{""priorities"": ""extract"", ""features"": ""extract""}",EXTRACT_REQUIREMENTS_AND_FILTER,"[""PRODUCT_DB"", ""KNOWLEDGE_DB""]",ADVICE_WITH_PRODUCTS,"[""Map customer needs to structured product attributes.""]","[""Do not invent product, price, stock, promotion, ranking or specification."", ""Use only verified backend/system data for factual commerce claims.""]",,
FRIDGE_SIZE_001-01,FRIDGE_SIZE_001,test,natural,Nhà 4 người mua tủ lạnh bao nhiêu lít?,REFRIGERATOR_SIZING,REFRIGERATOR_SIZING,"{""people"": ""extract"", ""storage_need"": ""extract_if_present""}",CALCULATE_CAPACITY_THEN_SEARCH,"[""SKILL_RULES"", ""PRODUCT_DB""]",ADVICE_WITH_PRODUCTS,"[""Use deterministic capacity rules and state assumptions.""]","[""Do not invent product, price, stock, promotion, ranking or specification."", ""Use only verified backend/system data for factual commerce claims.""]",,
FRIDGE_SIZE_001-02,FRIDGE_SIZE_001,test,no_accent,Nha 4 nguoi mua tu lanh bao nhieu lit?,REFRIGERATOR_SIZING,REFRIGERATOR_SIZING,"{""people"": ""extract"", ""storage_need"": ""extract_if_present""}",CALCULATE_CAPACITY_THEN_SEARCH,"[""SKILL_RULES"", ""PRODUCT_DB""]",ADVICE_WITH_PRODUCTS,"[""Use deterministic capacity rules and state assumptions.""]","[""Do not invent product, price, stock, promotion, ranking or specification."", ""Use only verified backend/system data for factual commerce claims.""]",,
FRIDGE_SIZE_001-03,FRIDGE_SIZE_001,test,slang,nhà 4 người mua tu lanh bn lít?,REFRIGERATOR_SIZING,REFRIGERATOR_SIZING,"{""people"": ""extract"", ""storage_need"": ""extract_if_present""}",CALCULATE_CAPACITY_THEN_SEARCH,"[""SKILL_RULES"", ""PRODUCT_DB""]",ADVICE_WITH_PRODUCTS,"[""Use deterministic capacity rules and state assumptions.""]","[""Do not invent product, price, stock, promotion, ranking or specification."", ""Use only verified backend/system data for factual commerce claims.""]",,
FRIDGE_SIZE_001-04,FRIDGE_SIZE_001,test,natural,Hai người dùng tủ lạnh 200 lít đủ không?,REFRIGERATOR_SIZING,REFRIGERATOR_SIZING,"{""people"": ""extract"", ""storage_need"": ""extract_if_present""}",CALCULATE_CAPACITY_THEN_SEARCH,"[""SKILL_RULES"", ""PRODUCT_DB""]",ADVICE_WITH_PRODUCTS,"[""Use deterministic capacity rules and state assumptions.""]","[""Do not invent product, price, stock, promotion, ranking or specification."", ""Use only verified backend/system data for factual commerce claims.""]",,
FRIDGE_SIZE_001-05,FRIDGE_SIZE_001,test,no_accent,Hai nguoi dung tu lanh 200 lit du khong?,REFRIGERATOR_SIZING,REFRIGERATOR_SIZING,"{""people"": ""extract"", ""storage_need"": ""extract_if_present""}",CALCULATE_CAPACITY_THEN_SEARCH,"[""SKILL_RULES"", ""PRODUCT_DB""]",ADVICE_WITH_PRODUCTS,"[""Use deterministic capacity rules and state assumptions.""]","[""Do not invent product, price, stock, promotion, ranking or specification."", ""Use only verified backend/system data for factual commerce claims.""]",,
FRIDGE_SIZE_001-06,FRIDGE_SIZE_001,test,slang,hai người dùng tu lanh 200 lít đủ ko?,REFRIGERATOR_SIZING,REFRIGERATOR_SIZING,"{""people"": ""extract"", ""storage_need"": ""extract_if_present""}",CALCULATE_CAPACITY_THEN_SEARCH,"[""SKILL_RULES"", ""PRODUCT_DB""]",ADVICE_WITH_PRODUCTS,"[""Use deterministic capacity rules and state assumptions.""]","[""Do not invent product, price, stock, promotion, ranking or specification."", ""Use only verified backend/system data for factual commerce claims.""]",,
FRIDGE_SIZE_001-07,FRIDGE_SIZE_001,test,natural,Gia đình 6 người nên mua tủ lạnh dung tích bao nhiêu?,REFRIGERATOR_SIZING,REFRIGERATOR_SIZING,"{""people"": ""extract"", ""storage_need"": ""extract_if_present""}",CALCULATE_CAPACITY_THEN_SEARCH,"[""SKILL_RULES"", ""PRODUCT_DB""]",ADVICE_WITH_PRODUCTS,"[""Use deterministic capacity rules and state assumptions.""]","[""Do not invent product, price, stock, promotion, ranking or specification."", ""Use only verified backend/system data for factual commerce claims.""]",,
FRIDGE_SIZE_001-08,FRIDGE_SIZE_001,test,no_accent,Gia dinh 6 nguoi nen mua tu lanh dung tich bao nhieu?,REFRIGERATOR_SIZING,REFRIGERATOR_SIZING,"{""people"": ""extract"", ""storage_need"": ""extract_if_present""}",CALCULATE_CAPACITY_THEN_SEARCH,"[""SKILL_RULES"", ""PRODUCT_DB""]",ADVICE_WITH_PRODUCTS,"[""Use deterministic capacity rules and state assumptions.""]","[""Do not invent product, price, stock, promotion, ranking or specification."", ""Use only verified backend/system data for factual commerce claims.""]",,
FRIDGE_SIZE_001-09,FRIDGE_SIZE_001,test,slang,gia đình 6 người nên mua tu lanh dung tích bn?,REFRIGERATOR_SIZING,REFRIGERATOR_SIZING,"{""people"": ""extract"", ""storage_need"": ""extract_if_present""}",CALCULATE_CAPACITY_THEN_SEARCH,"[""SKILL_RULES"", ""PRODUCT_DB""]",ADVICE_WITH_PRODUCTS,"[""Use deterministic capacity rules and state assumptions.""]","[""Do not invent product, price, stock, promotion, ranking or specification."", ""Use only verified backend/system data for factual commerce claims.""]",,
FRIDGE_SIZE_001-10,FRIDGE_SIZE_001,test,natural,Nhà 5 người hay trữ đồ nhiều thì cần tủ bao nhiêu lít?,REFRIGERATOR_SIZING,REFRIGERATOR_SIZING,"{""people"": ""extract"", ""storage_need"": ""extract_if_present""}",CALCULATE_CAPACITY_THEN_SEARCH,"[""SKILL_RULES"", ""PRODUCT_DB""]",ADVICE_WITH_PRODUCTS,"[""Use deterministic capacity rules and state assumptions.""]","[""Do not invent product, price, stock, promotion, ranking or specification."", ""Use only verified backend/system data for factual commerce claims.""]",,
FRIDGE_SIZE_001-11,FRIDGE_SIZE_001,test,no_accent,Nha 5 nguoi hay tru do nhieu thi can tu bao nhieu lit?,REFRIGERATOR_SIZING,REFRIGERATOR_SIZING,"{""people"": ""extract"", ""storage_need"": ""extract_if_present""}",CALCULATE_CAPACITY_THEN_SEARCH,"[""SKILL_RULES"", ""PRODUCT_DB""]",ADVICE_WITH_PRODUCTS,"[""Use deterministic capacity rules and state assumptions.""]","[""Do not invent product, price, stock, promotion, ranking or specification."", ""Use only verified backend/system data for factual commerce claims.""]",,
FRIDGE_SIZE_001-12,FRIDGE_SIZE_001,test,slang,nhà 5 người hay trữ đồ nhiều thì cần tủ bn lít?,REFRIGERATOR_SIZING,REFRIGERATOR_SIZING,"{""people"": ""extract"", ""storage_need"": ""extract_if_present""}",CALCULATE_CAPACITY_THEN_SEARCH,"[""SKILL_RULES"", ""PRODUCT_DB""]",ADVICE_WITH_PRODUCTS,"[""Use deterministic capacity rules and state assumptions.""]","[""Do not invent product, price, stock, promotion, ranking or specification."", ""Use only verified backend/system data for factual commerce claims.""]",,
FRIDGE_SIZE_001-13,FRIDGE_SIZE_001,test,natural,Tủ lạnh 300 lít phù hợp mấy người?,REFRIGERATOR_SIZING,REFRIGERATOR_SIZING,"{""people"": ""extract"", ""storage_need"": ""extract_if_present""}",CALCULATE_CAPACITY_THEN_SEARCH,"[""SKILL_RULES"", ""PRODUCT_DB""]",ADVICE_WITH_PRODUCTS,"[""Use deterministic capacity rules and state assumptions.""]","[""Do not invent product, price, stock, promotion, ranking or specification."", ""Use only verified backend/system data for factual commerce claims.""]",,
FRIDGE_SIZE_001-14,FRIDGE_SIZE_001,test,no_accent,Tu lanh 300 lit phu hop may nguoi?,REFRIGERATOR_SIZING,REFRIGERATOR_SIZING,"{""people"": ""extract"", ""storage_need"": ""extract_if_present""}",CALCULATE_CAPACITY_THEN_SEARCH,"[""SKILL_RULES"", ""PRODUCT_DB""]",ADVICE_WITH_PRODUCTS,"[""Use deterministic capacity rules and state assumptions.""]","[""Do not invent product, price, stock, promotion, ranking or specification."", ""Use only verified backend/system data for factual commerce claims.""]",,
FRIDGE_SIZE_001-15,FRIDGE_SIZE_001,test,slang,tu lanh 300 lít phù hợp mấy người?,REFRIGERATOR_SIZING,REFRIGERATOR_SIZING,"{""people"": ""extract"", ""storage_need"": ""extract_if_present""}",CALCULATE_CAPACITY_THEN_SEARCH,"[""SKILL_RULES"", ""PRODUCT_DB""]",ADVICE_WITH_PRODUCTS,"[""Use deterministic capacity rules and state assumptions.""]","[""Do not invent product, price, stock, promotion, ranking or specification."", ""Use only verified backend/system data for factual commerce claims.""]",,
FRIDGE_ADVICE_001-01,FRIDGE_ADVICE_001,train,natural,Nên mua tủ lạnh side by side hay multidoor?,REFRIGERATOR_ADVICE,REFRIGERATOR_ADVISOR,"{""priorities"": ""extract"", ""features"": ""extract""}",EXTRACT_REQUIREMENTS_AND_FILTER,"[""PRODUCT_DB"", ""KNOWLEDGE_DB""]",ADVICE_WITH_PRODUCTS,"[""Use dimensions/capacity/features from verified product data.""]","[""Do not invent product, price, stock, promotion, ranking or specification."", ""Use only verified backend/system data for factual commerce claims.""]",,
FRIDGE_ADVICE_001-02,FRIDGE_ADVICE_001,train,no_accent,Nen mua tu lanh side by side hay multidoor?,REFRIGERATOR_ADVICE,REFRIGERATOR_ADVISOR,"{""priorities"": ""extract"", ""features"": ""extract""}",EXTRACT_REQUIREMENTS_AND_FILTER,"[""PRODUCT_DB"", ""KNOWLEDGE_DB""]",ADVICE_WITH_PRODUCTS,"[""Use dimensions/capacity/features from verified product data.""]","[""Do not invent product, price, stock, promotion, ranking or specification."", ""Use only verified backend/system data for factual commerce claims.""]",,
FRIDGE_ADVICE_001-03,FRIDGE_ADVICE_001,train,slang,nên mua tu lanh side by side hay multidoor?,REFRIGERATOR_ADVICE,REFRIGERATOR_ADVISOR,"{""priorities"": ""extract"", ""features"": ""extract""}",EXTRACT_REQUIREMENTS_AND_FILTER,"[""PRODUCT_DB"", ""KNOWLEDGE_DB""]",ADVICE_WITH_PRODUCTS,"[""Use dimensions/capacity/features from verified product data.""]","[""Do not invent product, price, stock, promotion, ranking or specification."", ""Use only verified backend/system data for factual commerce claims.""]",,
FRIDGE_ADVICE_001-04,FRIDGE_ADVICE_001,train,natural,Tủ lạnh nào tiết kiệm điện?,REFRIGERATOR_ADVICE,REFRIGERATOR_ADVISOR,"{""priorities"": ""extract"", ""features"": ""extract""}",EXTRACT_REQUIREMENTS_AND_FILTER,"[""PRODUCT_DB"", ""KNOWLEDGE_DB""]",ADVICE_WITH_PRODUCTS,"[""Use dimensions/capacity/features from verified product data.""]","[""Do not invent product, price, stock, promotion, ranking or specification."", ""Use only verified backend/system data for factual commerce claims.""]",,
FRIDGE_ADVICE_001-05,FRIDGE_ADVICE_001,train,no_accent,Tu lanh nao tiet kiem dien?,REFRIGERATOR_ADVICE,REFRIGERATOR_ADVISOR,"{""priorities"": ""extract"", ""features"": ""extract""}",EXTRACT_REQUIREMENTS_AND_FILTER,"[""PRODUCT_DB"", ""KNOWLEDGE_DB""]",ADVICE_WITH_PRODUCTS,"[""Use dimensions/capacity/features from verified product data.""]","[""Do not invent product, price, stock, promotion, ranking or specification."", ""Use only verified backend/system data for factual commerce claims.""]",,
FRIDGE_ADVICE_001-06,FRIDGE_ADVICE_001,train,slang,tu lanh nào tiết kiệm điện?,REFRIGERATOR_ADVICE,REFRIGERATOR_ADVISOR,"{""priorities"": ""extract"", ""features"": ""extract""}",EXTRACT_REQUIREMENTS_AND_FILTER,"[""PRODUCT_DB"", ""KNOWLEDGE_DB""]",ADVICE_WITH_PRODUCTS,"[""Use dimensions/capacity/features from verified product data.""]","[""Do not invent product, price, stock, promotion, ranking or specification."", ""Use only verified backend/system data for factual commerce claims.""]",,
FRIDGE_ADVICE_001-07,FRIDGE_ADVICE_001,train,natural,Nhà bếp nhỏ nên mua tủ lạnh loại nào?,REFRIGERATOR_ADVICE,REFRIGERATOR_ADVISOR,"{""priorities"": ""extract"", ""features"": ""extract""}",EXTRACT_REQUIREMENTS_AND_FILTER,"[""PRODUCT_DB"", ""KNOWLEDGE_DB""]",ADVICE_WITH_PRODUCTS,"[""Use dimensions/capacity/features from verified product data.""]","[""Do not invent product, price, stock, promotion, ranking or specification."", ""Use only verified backend/system data for factual commerce claims.""]",,
FRIDGE_ADVICE_001-08,FRIDGE_ADVICE_001,train,no_accent,Nha bep nho nen mua tu lanh loai nao?,REFRIGERATOR_ADVICE,REFRIGERATOR_ADVISOR,"{""priorities"": ""extract"", ""features"": ""extract""}",EXTRACT_REQUIREMENTS_AND_FILTER,"[""PRODUCT_DB"", ""KNOWLEDGE_DB""]",ADVICE_WITH_PRODUCTS,"[""Use dimensions/capacity/features from verified product data.""]","[""Do not invent product, price, stock, promotion, ranking or specification."", ""Use only verified backend/system data for factual commerce claims.""]",,
FRIDGE_ADVICE_001-09,FRIDGE_ADVICE_001,train,slang,nhà bếp nhỏ nên mua tu lanh loại nào?,REFRIGERATOR_ADVICE,REFRIGERATOR_ADVISOR,"{""priorities"": ""extract"", ""features"": ""extract""}",EXTRACT_REQUIREMENTS_AND_FILTER,"[""PRODUCT_DB"", ""KNOWLEDGE_DB""]",ADVICE_WITH_PRODUCTS,"[""Use dimensions/capacity/features from verified product data.""]","[""Do not invent product, price, stock, promotion, ranking or specification."", ""Use only verified backend/system data for factual commerce claims.""]",,
FRIDGE_ADVICE_001-10,FRIDGE_ADVICE_001,train,natural,Muốn tủ lạnh có làm đá tự động,REFRIGERATOR_ADVICE,REFRIGERATOR_ADVISOR,"{""priorities"": ""extract"", ""features"": ""extract""}",EXTRACT_REQUIREMENTS_AND_FILTER,"[""PRODUCT_DB"", ""KNOWLEDGE_DB""]",ADVICE_WITH_PRODUCTS,"[""Use dimensions/capacity/features from verified product data.""]","[""Do not invent product, price, stock, promotion, ranking or specification."", ""Use only verified backend/system data for factual commerce claims.""]",,
FRIDGE_ADVICE_001-11,FRIDGE_ADVICE_001,train,no_accent,Muon tu lanh co lam da tu dong,REFRIGERATOR_ADVICE,REFRIGERATOR_ADVISOR,"{""priorities"": ""extract"", ""features"": ""extract""}",EXTRACT_REQUIREMENTS_AND_FILTER,"[""PRODUCT_DB"", ""KNOWLEDGE_DB""]",ADVICE_WITH_PRODUCTS,"[""Use dimensions/capacity/features from verified product data.""]","[""Do not invent product, price, stock, promotion, ranking or specification."", ""Use only verified backend/system data for factual commerce claims.""]",,
FRIDGE_ADVICE_001-12,FRIDGE_ADVICE_001,train,slang,muốn tu lanh có làm đá tự động,REFRIGERATOR_ADVICE,REFRIGERATOR_ADVISOR,"{""priorities"": ""extract"", ""features"": ""extract""}",EXTRACT_REQUIREMENTS_AND_FILTER,"[""PRODUCT_DB"", ""KNOWLEDGE_DB""]",ADVICE_WITH_PRODUCTS,"[""Use dimensions/capacity/features from verified product data.""]","[""Do not invent product, price, stock, promotion, ranking or specification."", ""Use only verified backend/system data for factual commerce claims.""]",,
FRIDGE_ADVICE_001-13,FRIDGE_ADVICE_001,train,natural,Tủ lạnh nào phù hợp gia đình đông người?,REFRIGERATOR_ADVICE,REFRIGERATOR_ADVISOR,"{""priorities"": ""extract"", ""features"": ""extract""}",EXTRACT_REQUIREMENTS_AND_FILTER,"[""PRODUCT_DB"", ""KNOWLEDGE_DB""]",ADVICE_WITH_PRODUCTS,"[""Use dimensions/capacity/features from verified product data.""]","[""Do not invent product, price, stock, promotion, ranking or specification."", ""Use only verified backend/system data for factual commerce claims.""]",,
FRIDGE_ADVICE_001-14,FRIDGE_ADVICE_001,train,no_accent,Tu lanh nao phu hop gia dinh dong nguoi?,REFRIGERATOR_ADVICE,REFRIGERATOR_ADVISOR,"{""priorities"": ""extract"", ""features"": ""extract""}",EXTRACT_REQUIREMENTS_AND_FILTER,"[""PRODUCT_DB"", ""KNOWLEDGE_DB""]",ADVICE_WITH_PRODUCTS,"[""Use dimensions/capacity/features from verified product data.""]","[""Do not invent product, price, stock, promotion, ranking or specification."", ""Use only verified backend/system data for factual commerce claims.""]",,
FRIDGE_ADVICE_001-15,FRIDGE_ADVICE_001,train,slang,tu lanh nào phù hợp gia đình đông người?,REFRIGERATOR_ADVICE,REFRIGERATOR_ADVISOR,"{""priorities"": ""extract"", ""features"": ""extract""}",EXTRACT_REQUIREMENTS_AND_FILTER,"[""PRODUCT_DB"", ""KNOWLEDGE_DB""]",ADVICE_WITH_PRODUCTS,"[""Use dimensions/capacity/features from verified product data.""]","[""Do not invent product, price, stock, promotion, ranking or specification."", ""Use only verified backend/system data for factual commerce claims.""]",,
TV_SIZE_001-01,TV_SIZE_001,train,natural,Ngồi cách TV 3m nên mua bao nhiêu inch?,TV_SIZING,TV_SIZE_ADVISOR,"{""viewing_distance_m"": ""extract"", ""room_area_m2"": ""extract_if_present""}",CALCULATE_SIZE_RANGE_THEN_SEARCH,"[""SKILL_RULES"", ""PRODUCT_DB""]",ADVICE_WITH_PRODUCTS,"[""Use configured viewing-distance rules, then retrieve actual TV sizes.""]","[""Do not invent product, price, stock, promotion, ranking or specification."", ""Use only verified backend/system data for factual commerce claims.""]",,
TV_SIZE_001-02,TV_SIZE_001,train,no_accent,Ngoi cach TV 3m nen mua bao nhieu inch?,TV_SIZING,TV_SIZE_ADVISOR,"{""viewing_distance_m"": ""extract"", ""room_area_m2"": ""extract_if_present""}",CALCULATE_SIZE_RANGE_THEN_SEARCH,"[""SKILL_RULES"", ""PRODUCT_DB""]",ADVICE_WITH_PRODUCTS,"[""Use configured viewing-distance rules, then retrieve actual TV sizes.""]","[""Do not invent product, price, stock, promotion, ranking or specification."", ""Use only verified backend/system data for factual commerce claims.""]",,
TV_SIZE_001-03,TV_SIZE_001,train,slang,ngồi cách tv 3m nên mua bn inch?,TV_SIZING,TV_SIZE_ADVISOR,"{""viewing_distance_m"": ""extract"", ""room_area_m2"": ""extract_if_present""}",CALCULATE_SIZE_RANGE_THEN_SEARCH,"[""SKILL_RULES"", ""PRODUCT_DB""]",ADVICE_WITH_PRODUCTS,"[""Use configured viewing-distance rules, then retrieve actual TV sizes.""]","[""Do not invent product, price, stock, promotion, ranking or specification."", ""Use only verified backend/system data for factual commerce claims.""]",,
TV_SIZE_001-04,TV_SIZE_001,train,natural,Khoảng cách 2.5 mét nên dùng TV bao nhiêu inch?,TV_SIZING,TV_SIZE_ADVISOR,"{""viewing_distance_m"": ""extract"", ""room_area_m2"": ""extract_if_present""}",CALCULATE_SIZE_RANGE_THEN_SEARCH,"[""SKILL_RULES"", ""PRODUCT_DB""]",ADVICE_WITH_PRODUCTS,"[""Use configured viewing-distance rules, then retrieve actual TV sizes.""]","[""Do not invent product, price, stock, promotion, ranking or specification."", ""Use only verified backend/system data for factual commerce claims.""]",,
TV_SIZE_001-05,TV_SIZE_001,train,no_accent,Khoang cach 2.5 met nen dung TV bao nhieu inch?,TV_SIZING,TV_SIZE_ADVISOR,"{""viewing_distance_m"": ""extract"", ""room_area_m2"": ""extract_if_present""}",CALCULATE_SIZE_RANGE_THEN_SEARCH,"[""SKILL_RULES"", ""PRODUCT_DB""]",ADVICE_WITH_PRODUCTS,"[""Use configured viewing-distance rules, then retrieve actual TV sizes.""]","[""Do not invent product, price, stock, promotion, ranking or specification."", ""Use only verified backend/system data for factual commerce claims.""]",,
TV_SIZE_001-06,TV_SIZE_001,train,slang,khoảng cách 2.5 mét nên dùng tv bn inch?,TV_SIZING,TV_SIZE_ADVISOR,"{""viewing_distance_m"": ""extract"", ""room_area_m2"": ""extract_if_present""}",CALCULATE_SIZE_RANGE_THEN_SEARCH,"[""SKILL_RULES"", ""PRODUCT_DB""]",ADVICE_WITH_PRODUCTS,"[""Use configured viewing-distance rules, then retrieve actual TV sizes.""]","[""Do not invent product, price, stock, promotion, ranking or specification."", ""Use only verified backend/system data for factual commerce claims.""]",,
TV_SIZE_001-07,TV_SIZE_001,train,natural,Phòng ngủ 15m² dùng TV 55 inch có lớn quá không?,TV_SIZING,TV_SIZE_ADVISOR,"{""viewing_distance_m"": ""extract"", ""room_area_m2"": ""extract_if_present""}",CALCULATE_SIZE_RANGE_THEN_SEARCH,"[""SKILL_RULES"", ""PRODUCT_DB""]",ADVICE_WITH_PRODUCTS,"[""Use configured viewing-distance rules, then retrieve actual TV sizes.""]","[""Do not invent product, price, stock, promotion, ranking or specification."", ""Use only verified backend/system data for factual commerce claims.""]",,
TV_SIZE_001-08,TV_SIZE_001,train,no_accent,Phong ngu 15m² dung TV 55 inch co lon qua khong?,TV_SIZING,TV_SIZE_ADVISOR,"{""viewing_distance_m"": ""extract"", ""room_area_m2"": ""extract_if_present""}",CALCULATE_SIZE_RANGE_THEN_SEARCH,"[""SKILL_RULES"", ""PRODUCT_DB""]",ADVICE_WITH_PRODUCTS,"[""Use configured viewing-distance rules, then retrieve actual TV sizes.""]","[""Do not invent product, price, stock, promotion, ranking or specification."", ""Use only verified backend/system data for factual commerce claims.""]",,
TV_SIZE_001-09,TV_SIZE_001,train,slang,phong ngủ 15m² dùng tv 55 inch có lớn quá ko?,TV_SIZING,TV_SIZE_ADVISOR,"{""viewing_distance_m"": ""extract"", ""room_area_m2"": ""extract_if_present""}",CALCULATE_SIZE_RANGE_THEN_SEARCH,"[""SKILL_RULES"", ""PRODUCT_DB""]",ADVICE_WITH_PRODUCTS,"[""Use configured viewing-distance rules, then retrieve actual TV sizes.""]","[""Do not invent product, price, stock, promotion, ranking or specification."", ""Use only verified backend/system data for factual commerce claims.""]",,
TV_SIZE_001-10,TV_SIZE_001,train,natural,Sofa cách TV 2 mét nên chọn 43 hay 50 inch?,TV_SIZING,TV_SIZE_ADVISOR,"{""viewing_distance_m"": ""extract"", ""room_area_m2"": ""extract_if_present""}",CALCULATE_SIZE_RANGE_THEN_SEARCH,"[""SKILL_RULES"", ""PRODUCT_DB""]",ADVICE_WITH_PRODUCTS,"[""Use configured viewing-distance rules, then retrieve actual TV sizes.""]","[""Do not invent product, price, stock, promotion, ranking or specification."", ""Use only verified backend/system data for factual commerce claims.""]",,
TV_SIZE_001-11,TV_SIZE_001,train,no_accent,Sofa cach TV 2 met nen chon 43 hay 50 inch?,TV_SIZING,TV_SIZE_ADVISOR,"{""viewing_distance_m"": ""extract"", ""room_area_m2"": ""extract_if_present""}",CALCULATE_SIZE_RANGE_THEN_SEARCH,"[""SKILL_RULES"", ""PRODUCT_DB""]",ADVICE_WITH_PRODUCTS,"[""Use configured viewing-distance rules, then retrieve actual TV sizes.""]","[""Do not invent product, price, stock, promotion, ranking or specification."", ""Use only verified backend/system data for factual commerce claims.""]",,
TV_SIZE_001-12,TV_SIZE_001,train,natural,Ngồi cách màn hình 4m nên mua TV cỡ nào?,TV_SIZING,TV_SIZE_ADVISOR,"{""viewing_distance_m"": ""extract"", ""room_area_m2"": ""extract_if_present""}",CALCULATE_SIZE_RANGE_THEN_SEARCH,"[""SKILL_RULES"", ""PRODUCT_DB""]",ADVICE_WITH_PRODUCTS,"[""Use configured viewing-distance rules, then retrieve actual TV sizes.""]","[""Do not invent product, price, stock, promotion, ranking or specification."", ""Use only verified backend/system data for factual commerce claims.""]",,
TV_SIZE_001-13,TV_SIZE_001,train,no_accent,Ngoi cach man hinh 4m nen mua TV co nao?,TV_SIZING,TV_SIZE_ADVISOR,"{""viewing_distance_m"": ""extract"", ""room_area_m2"": ""extract_if_present""}",CALCULATE_SIZE_RANGE_THEN_SEARCH,"[""SKILL_RULES"", ""PRODUCT_DB""]",ADVICE_WITH_PRODUCTS,"[""Use configured viewing-distance rules, then retrieve actual TV sizes.""]","[""Do not invent product, price, stock, promotion, ranking or specification."", ""Use only verified backend/system data for factual commerce claims.""]",,
TV_ADVICE_001-01,TV_ADVICE_001,train,natural,OLED hay QLED phù hợp xem phim hơn?,TV_ADVICE,TV_ADVISOR,"{""use_case"": ""extract"", ""technology"": ""extract_if_present""}",RETRIEVE_KNOWLEDGE_AND_FILTER,"[""KNOWLEDGE_DB"", ""PRODUCT_DB""]",ADVICE_WITH_PRODUCTS,"[""Translate use case into verifiable features such as refresh rate, HDMI capabilities, panel type.""]","[""Do not invent product, price, stock, promotion, ranking or specification."", ""Use only verified backend/system data for factual commerce claims.""]",,
TV_ADVICE_001-02,TV_ADVICE_001,train,no_accent,OLED hay QLED phu hop xem phim hon?,TV_ADVICE,TV_ADVISOR,"{""use_case"": ""extract"", ""technology"": ""extract_if_present""}",RETRIEVE_KNOWLEDGE_AND_FILTER,"[""KNOWLEDGE_DB"", ""PRODUCT_DB""]",ADVICE_WITH_PRODUCTS,"[""Translate use case into verifiable features such as refresh rate, HDMI capabilities, panel type.""]","[""Do not invent product, price, stock, promotion, ranking or specification."", ""Use only verified backend/system data for factual commerce claims.""]",,
TV_ADVICE_001-03,TV_ADVICE_001,train,natural,Mini LED khác OLED thế nào?,TV_ADVICE,TV_ADVISOR,"{""use_case"": ""extract"", ""technology"": ""extract_if_present""}",RETRIEVE_KNOWLEDGE_AND_FILTER,"[""KNOWLEDGE_DB"", ""PRODUCT_DB""]",ADVICE_WITH_PRODUCTS,"[""Translate use case into verifiable features such as refresh rate, HDMI capabilities, panel type.""]","[""Do not invent product, price, stock, promotion, ranking or specification."", ""Use only verified backend/system data for factual commerce claims.""]",,
TV_ADVICE_001-04,TV_ADVICE_001,train,no_accent,Mini LED khac OLED the nao?,TV_ADVICE,TV_ADVISOR,"{""use_case"": ""extract"", ""technology"": ""extract_if_present""}",RETRIEVE_KNOWLEDGE_AND_FILTER,"[""KNOWLEDGE_DB"", ""PRODUCT_DB""]",ADVICE_WITH_PRODUCTS,"[""Translate use case into verifiable features such as refresh rate, HDMI capabilities, panel type.""]","[""Do not invent product, price, stock, promotion, ranking or specification."", ""Use only verified backend/system data for factual commerce claims.""]",,
TV_ADVICE_001-05,TV_ADVICE_001,train,natural,TV 120Hz có cần thiết không?,TV_ADVICE,TV_ADVISOR,"{""use_case"": ""extract"", ""technology"": ""extract_if_present""}",RETRIEVE_KNOWLEDGE_AND_FILTER,"[""KNOWLEDGE_DB"", ""PRODUCT_DB""]",ADVICE_WITH_PRODUCTS,"[""Translate use case into verifiable features such as refresh rate, HDMI capabilities, panel type.""]","[""Do not invent product, price, stock, promotion, ranking or specification."", ""Use only verified backend/system data for factual commerce claims.""]",,
TV_ADVICE_001-06,TV_ADVICE_001,train,no_accent,TV 120Hz co can thiet khong?,TV_ADVICE,TV_ADVISOR,"{""use_case"": ""extract"", ""technology"": ""extract_if_present""}",RETRIEVE_KNOWLEDGE_AND_FILTER,"[""KNOWLEDGE_DB"", ""PRODUCT_DB""]",ADVICE_WITH_PRODUCTS,"[""Translate use case into verifiable features such as refresh rate, HDMI capabilities, panel type.""]","[""Do not invent product, price, stock, promotion, ranking or specification."", ""Use only verified backend/system data for factual commerce claims.""]",,
TV_ADVICE_001-07,TV_ADVICE_001,train,slang,tv 120hz có cần thiết ko?,TV_ADVICE,TV_ADVISOR,"{""use_case"": ""extract"", ""technology"": ""extract_if_present""}",RETRIEVE_KNOWLEDGE_AND_FILTER,"[""KNOWLEDGE_DB"", ""PRODUCT_DB""]",ADVICE_WITH_PRODUCTS,"[""Translate use case into verifiable features such as refresh rate, HDMI capabilities, panel type.""]","[""Do not invent product, price, stock, promotion, ranking or specification."", ""Use only verified backend/system data for factual commerce claims.""]",,
TV_ADVICE_001-08,TV_ADVICE_001,train,natural,Xem bóng đá nên chọn TV có tiêu chí gì?,TV_ADVICE,TV_ADVISOR,"{""use_case"": ""extract"", ""technology"": ""extract_if_present""}",RETRIEVE_KNOWLEDGE_AND_FILTER,"[""KNOWLEDGE_DB"", ""PRODUCT_DB""]",ADVICE_WITH_PRODUCTS,"[""Translate use case into verifiable features such as refresh rate, HDMI capabilities, panel type.""]","[""Do not invent product, price, stock, promotion, ranking or specification."", ""Use only verified backend/system data for factual commerce claims.""]",,
TV_ADVICE_001-09,TV_ADVICE_001,train,no_accent,Xem bong da nen chon TV co tieu chi gi?,TV_ADVICE,TV_ADVISOR,"{""use_case"": ""extract"", ""technology"": ""extract_if_present""}",RETRIEVE_KNOWLEDGE_AND_FILTER,"[""KNOWLEDGE_DB"", ""PRODUCT_DB""]",ADVICE_WITH_PRODUCTS,"[""Translate use case into verifiable features such as refresh rate, HDMI capabilities, panel type.""]","[""Do not invent product, price, stock, promotion, ranking or specification."", ""Use only verified backend/system data for factual commerce claims.""]",,
TV_ADVICE_001-10,TV_ADVICE_001,train,natural,Chơi PS5 nên mua TV như nào?,TV_ADVICE,TV_ADVISOR,"{""use_case"": ""extract"", ""technology"": ""extract_if_present""}",RETRIEVE_KNOWLEDGE_AND_FILTER,"[""KNOWLEDGE_DB"", ""PRODUCT_DB""]",ADVICE_WITH_PRODUCTS,"[""Translate use case into verifiable features such as refresh rate, HDMI capabilities, panel type.""]","[""Do not invent product, price, stock, promotion, ranking or specification."", ""Use only verified backend/system data for factual commerce claims.""]",,
TV_ADVICE_001-11,TV_ADVICE_001,train,no_accent,Choi PS5 nen mua TV nhu nao?,TV_ADVICE,TV_ADVISOR,"{""use_case"": ""extract"", ""technology"": ""extract_if_present""}",RETRIEVE_KNOWLEDGE_AND_FILTER,"[""KNOWLEDGE_DB"", ""PRODUCT_DB""]",ADVICE_WITH_PRODUCTS,"[""Translate use case into verifiable features such as refresh rate, HDMI capabilities, panel type.""]","[""Do not invent product, price, stock, promotion, ranking or specification."", ""Use only verified backend/system data for factual commerce claims.""]",,
WH_SIZE_001-01,WH_SIZE_001,train,natural,Nhà 3 người dùng bình nóng lạnh bao nhiêu lít?,WATER_HEATER_SIZING,WATER_HEATER_SIZING,"{""people"": ""extract""}",CALCULATE_CAPACITY_THEN_SEARCH,"[""SKILL_RULES"", ""PRODUCT_DB""]",ADVICE_WITH_PRODUCTS,"[""Use deterministic household/capacity rules.""]","[""Do not invent product, price, stock, promotion, ranking or specification."", ""Use only verified backend/system data for factual commerce claims.""]",,
WH_SIZE_001-02,WH_SIZE_001,train,no_accent,Nha 3 nguoi dung binh nong lanh bao nhieu lit?,WATER_HEATER_SIZING,WATER_HEATER_SIZING,"{""people"": ""extract""}",CALCULATE_CAPACITY_THEN_SEARCH,"[""SKILL_RULES"", ""PRODUCT_DB""]",ADVICE_WITH_PRODUCTS,"[""Use deterministic household/capacity rules.""]","[""Do not invent product, price, stock, promotion, ranking or specification."", ""Use only verified backend/system data for factual commerce claims.""]",,
WH_SIZE_001-03,WH_SIZE_001,train,slang,nhà 3 người dùng bình nóng lạnh bn lít?,WATER_HEATER_SIZING,WATER_HEATER_SIZING,"{""people"": ""extract""}",CALCULATE_CAPACITY_THEN_SEARCH,"[""SKILL_RULES"", ""PRODUCT_DB""]",ADVICE_WITH_PRODUCTS,"[""Use deterministic household/capacity rules.""]","[""Do not invent product, price, stock, promotion, ranking or specification."", ""Use only verified backend/system data for factual commerce claims.""]",,
WH_SIZE_001-04,WH_SIZE_001,train,natural,Gia đình 4 người nên mua bình 20 hay 30 lít?,WATER_HEATER_SIZING,WATER_HEATER_SIZING,"{""people"": ""extract""}",CALCULATE_CAPACITY_THEN_SEARCH,"[""SKILL_RULES"", ""PRODUCT_DB""]",ADVICE_WITH_PRODUCTS,"[""Use deterministic household/capacity rules.""]","[""Do not invent product, price, stock, promotion, ranking or specification."", ""Use only verified backend/system data for factual commerce claims.""]",,
WH_SIZE_001-05,WH_SIZE_001,train,no_accent,Gia dinh 4 nguoi nen mua binh 20 hay 30 lit?,WATER_HEATER_SIZING,WATER_HEATER_SIZING,"{""people"": ""extract""}",CALCULATE_CAPACITY_THEN_SEARCH,"[""SKILL_RULES"", ""PRODUCT_DB""]",ADVICE_WITH_PRODUCTS,"[""Use deterministic household/capacity rules.""]","[""Do not invent product, price, stock, promotion, ranking or specification."", ""Use only verified backend/system data for factual commerce claims.""]",,
WH_SIZE_001-06,WH_SIZE_001,train,natural,Hai người dùng bình nóng lạnh 15 lít đủ không?,WATER_HEATER_SIZING,WATER_HEATER_SIZING,"{""people"": ""extract""}",CALCULATE_CAPACITY_THEN_SEARCH,"[""SKILL_RULES"", ""PRODUCT_DB""]",ADVICE_WITH_PRODUCTS,"[""Use deterministic household/capacity rules.""]","[""Do not invent product, price, stock, promotion, ranking or specification."", ""Use only verified backend/system data for factual commerce claims.""]",,
WH_SIZE_001-07,WH_SIZE_001,train,no_accent,Hai nguoi dung binh nong lanh 15 lit du khong?,WATER_HEATER_SIZING,WATER_HEATER_SIZING,"{""people"": ""extract""}",CALCULATE_CAPACITY_THEN_SEARCH,"[""SKILL_RULES"", ""PRODUCT_DB""]",ADVICE_WITH_PRODUCTS,"[""Use deterministic household/capacity rules.""]","[""Do not invent product, price, stock, promotion, ranking or specification."", ""Use only verified backend/system data for factual commerce claims.""]",,
WH_SIZE_001-08,WH_SIZE_001,train,slang,hai người dùng bình nóng lạnh 15 lít đủ ko?,WATER_HEATER_SIZING,WATER_HEATER_SIZING,"{""people"": ""extract""}",CALCULATE_CAPACITY_THEN_SEARCH,"[""SKILL_RULES"", ""PRODUCT_DB""]",ADVICE_WITH_PRODUCTS,"[""Use deterministic household/capacity rules.""]","[""Do not invent product, price, stock, promotion, ranking or specification."", ""Use only verified backend/system data for factual commerce claims.""]",,
WH_SIZE_001-09,WH_SIZE_001,train,natural,Nhà 5 người nên chọn bình dung tích bao nhiêu?,WATER_HEATER_SIZING,WATER_HEATER_SIZING,"{""people"": ""extract""}",CALCULATE_CAPACITY_THEN_SEARCH,"[""SKILL_RULES"", ""PRODUCT_DB""]",ADVICE_WITH_PRODUCTS,"[""Use deterministic household/capacity rules.""]","[""Do not invent product, price, stock, promotion, ranking or specification."", ""Use only verified backend/system data for factual commerce claims.""]",,
WH_SIZE_001-10,WH_SIZE_001,train,no_accent,Nha 5 nguoi nen chon binh dung tich bao nhieu?,WATER_HEATER_SIZING,WATER_HEATER_SIZING,"{""people"": ""extract""}",CALCULATE_CAPACITY_THEN_SEARCH,"[""SKILL_RULES"", ""PRODUCT_DB""]",ADVICE_WITH_PRODUCTS,"[""Use deterministic household/capacity rules.""]","[""Do not invent product, price, stock, promotion, ranking or specification."", ""Use only verified backend/system data for factual commerce claims.""]",,
WH_SIZE_001-11,WH_SIZE_001,train,slang,nhà 5 người nên chọn bình dung tích bn?,WATER_HEATER_SIZING,WATER_HEATER_SIZING,"{""people"": ""extract""}",CALCULATE_CAPACITY_THEN_SEARCH,"[""SKILL_RULES"", ""PRODUCT_DB""]",ADVICE_WITH_PRODUCTS,"[""Use deterministic household/capacity rules.""]","[""Do not invent product, price, stock, promotion, ranking or specification."", ""Use only verified backend/system data for factual commerce claims.""]",,
WH_SIZE_001-12,WH_SIZE_001,train,natural,Bình nóng lạnh 30 lít phù hợp mấy người?,WATER_HEATER_SIZING,WATER_HEATER_SIZING,"{""people"": ""extract""}",CALCULATE_CAPACITY_THEN_SEARCH,"[""SKILL_RULES"", ""PRODUCT_DB""]",ADVICE_WITH_PRODUCTS,"[""Use deterministic household/capacity rules.""]","[""Do not invent product, price, stock, promotion, ranking or specification."", ""Use only verified backend/system data for factual commerce claims.""]",,
WH_SIZE_001-13,WH_SIZE_001,train,no_accent,Binh nong lanh 30 lit phu hop may nguoi?,WATER_HEATER_SIZING,WATER_HEATER_SIZING,"{""people"": ""extract""}",CALCULATE_CAPACITY_THEN_SEARCH,"[""SKILL_RULES"", ""PRODUCT_DB""]",ADVICE_WITH_PRODUCTS,"[""Use deterministic household/capacity rules.""]","[""Do not invent product, price, stock, promotion, ranking or specification."", ""Use only verified backend/system data for factual commerce claims.""]",,
WH_ADVICE_001-01,WH_ADVICE_001,validation,natural,Bình nóng lạnh trực tiếp hay gián tiếp tốt hơn cho nhà tôi?,WATER_HEATER_ADVICE,WATER_HEATER_ADVISOR,"{""conditions"": ""extract"", ""priorities"": ""extract""}",EXTRACT_REQUIREMENTS_AND_FILTER,"[""PRODUCT_DB"", ""KNOWLEDGE_DB""]",ADVICE_WITH_PRODUCTS,"[""Use verified safety/features/specs; do not make unsupported safety guarantees.""]","[""Do not invent product, price, stock, promotion, ranking or specification."", ""Use only verified backend/system data for factual commerce claims.""]",,
WH_ADVICE_001-02,WH_ADVICE_001,validation,no_accent,Binh nong lanh truc tiep hay gian tiep tot hon cho nha toi?,WATER_HEATER_ADVICE,WATER_HEATER_ADVISOR,"{""conditions"": ""extract"", ""priorities"": ""extract""}",EXTRACT_REQUIREMENTS_AND_FILTER,"[""PRODUCT_DB"", ""KNOWLEDGE_DB""]",ADVICE_WITH_PRODUCTS,"[""Use verified safety/features/specs; do not make unsupported safety guarantees.""]","[""Do not invent product, price, stock, promotion, ranking or specification."", ""Use only verified backend/system data for factual commerce claims.""]",,
WH_ADVICE_001-03,WH_ADVICE_001,validation,natural,Nhà có trẻ nhỏ nên chọn bình nóng lạnh nào?,WATER_HEATER_ADVICE,WATER_HEATER_ADVISOR,"{""conditions"": ""extract"", ""priorities"": ""extract""}",EXTRACT_REQUIREMENTS_AND_FILTER,"[""PRODUCT_DB"", ""KNOWLEDGE_DB""]",ADVICE_WITH_PRODUCTS,"[""Use verified safety/features/specs; do not make unsupported safety guarantees.""]","[""Do not invent product, price, stock, promotion, ranking or specification."", ""Use only verified backend/system data for factual commerce claims.""]",,
WH_ADVICE_001-04,WH_ADVICE_001,validation,no_accent,Nha co tre nho nen chon binh nong lanh nao?,WATER_HEATER_ADVICE,WATER_HEATER_ADVISOR,"{""conditions"": ""extract"", ""priorities"": ""extract""}",EXTRACT_REQUIREMENTS_AND_FILTER,"[""PRODUCT_DB"", ""KNOWLEDGE_DB""]",ADVICE_WITH_PRODUCTS,"[""Use verified safety/features/specs; do not make unsupported safety guarantees.""]","[""Do not invent product, price, stock, promotion, ranking or specification."", ""Use only verified backend/system data for factual commerce claims.""]",,
WH_ADVICE_001-05,WH_ADVICE_001,validation,natural,Áp lực nước yếu thì dùng bình loại nào?,WATER_HEATER_ADVICE,WATER_HEATER_ADVISOR,"{""conditions"": ""extract"", ""priorities"": ""extract""}",EXTRACT_REQUIREMENTS_AND_FILTER,"[""PRODUCT_DB"", ""KNOWLEDGE_DB""]",ADVICE_WITH_PRODUCTS,"[""Use verified safety/features/specs; do not make unsupported safety guarantees.""]","[""Do not invent product, price, stock, promotion, ranking or specification."", ""Use only verified backend/system data for factual commerce claims.""]",,
WH_ADVICE_001-06,WH_ADVICE_001,validation,no_accent,Ap luc nuoc yeu thi dung binh loai nao?,WATER_HEATER_ADVICE,WATER_HEATER_ADVISOR,"{""conditions"": ""extract"", ""priorities"": ""extract""}",EXTRACT_REQUIREMENTS_AND_FILTER,"[""PRODUCT_DB"", ""KNOWLEDGE_DB""]",ADVICE_WITH_PRODUCTS,"[""Use verified safety/features/specs; do not make unsupported safety guarantees.""]","[""Do not invent product, price, stock, promotion, ranking or specification."", ""Use only verified backend/system data for factual commerce claims.""]",,
WH_ADVICE_001-07,WH_ADVICE_001,validation,natural,Muốn bình nóng lạnh an toàn chống giật,WATER_HEATER_ADVICE,WATER_HEATER_ADVISOR,"{""conditions"": ""extract"", ""priorities"": ""extract""}",EXTRACT_REQUIREMENTS_AND_FILTER,"[""PRODUCT_DB"", ""KNOWLEDGE_DB""]",ADVICE_WITH_PRODUCTS,"[""Use verified safety/features/specs; do not make unsupported safety guarantees.""]","[""Do not invent product, price, stock, promotion, ranking or specification."", ""Use only verified backend/system data for factual commerce claims.""]",,
WH_ADVICE_001-08,WH_ADVICE_001,validation,no_accent,Muon binh nong lanh an toan chong giat,WATER_HEATER_ADVICE,WATER_HEATER_ADVISOR,"{""conditions"": ""extract"", ""priorities"": ""extract""}",EXTRACT_REQUIREMENTS_AND_FILTER,"[""PRODUCT_DB"", ""KNOWLEDGE_DB""]",ADVICE_WITH_PRODUCTS,"[""Use verified safety/features/specs; do not make unsupported safety guarantees.""]","[""Do not invent product, price, stock, promotion, ranking or specification."", ""Use only verified backend/system data for factual commerce claims.""]",,
WH_ADVICE_001-09,WH_ADVICE_001,validation,natural,Nhà tắm nhỏ nên chọn loại bình nào?,WATER_HEATER_ADVICE,WATER_HEATER_ADVISOR,"{""conditions"": ""extract"", ""priorities"": ""extract""}",EXTRACT_REQUIREMENTS_AND_FILTER,"[""PRODUCT_DB"", ""KNOWLEDGE_DB""]",ADVICE_WITH_PRODUCTS,"[""Use verified safety/features/specs; do not make unsupported safety guarantees.""]","[""Do not invent product, price, stock, promotion, ranking or specification."", ""Use only verified backend/system data for factual commerce claims.""]",,
WH_ADVICE_001-10,WH_ADVICE_001,validation,no_accent,Nha tam nho nen chon loai binh nao?,WATER_HEATER_ADVICE,WATER_HEATER_ADVISOR,"{""conditions"": ""extract"", ""priorities"": ""extract""}",EXTRACT_REQUIREMENTS_AND_FILTER,"[""PRODUCT_DB"", ""KNOWLEDGE_DB""]",ADVICE_WITH_PRODUCTS,"[""Use verified safety/features/specs; do not make unsupported safety guarantees.""]","[""Do not invent product, price, stock, promotion, ranking or specification."", ""Use only verified backend/system data for factual commerce claims.""]",,
AP_SIZE_001-01,AP_SIZE_001,train,natural,Phòng 30m2 dùng máy lọc không khí công suất nào?,AIR_PURIFIER_SIZING,AIR_PURIFIER_SIZING,"{""area_m2"": ""extract""}",CALCULATE_CADR_THEN_SEARCH,"[""SKILL_RULES"", ""PRODUCT_DB""]",ADVICE_WITH_PRODUCTS,"[""Use configured room-volume/CADR rules, then filter real products.""]","[""Do not invent product, price, stock, promotion, ranking or specification."", ""Use only verified backend/system data for factual commerce claims.""]",,
AP_SIZE_001-02,AP_SIZE_001,train,no_accent,Phong 30m2 dung may loc khong khi cong suat nao?,AIR_PURIFIER_SIZING,AIR_PURIFIER_SIZING,"{""area_m2"": ""extract""}",CALCULATE_CADR_THEN_SEARCH,"[""SKILL_RULES"", ""PRODUCT_DB""]",ADVICE_WITH_PRODUCTS,"[""Use configured room-volume/CADR rules, then filter real products.""]","[""Do not invent product, price, stock, promotion, ranking or specification."", ""Use only verified backend/system data for factual commerce claims.""]",,
AP_SIZE_001-03,AP_SIZE_001,train,slang,phong 30m2 dùng máy lọc ko khí công suất nào?,AIR_PURIFIER_SIZING,AIR_PURIFIER_SIZING,"{""area_m2"": ""extract""}",CALCULATE_CADR_THEN_SEARCH,"[""SKILL_RULES"", ""PRODUCT_DB""]",ADVICE_WITH_PRODUCTS,"[""Use configured room-volume/CADR rules, then filter real products.""]","[""Do not invent product, price, stock, promotion, ranking or specification."", ""Use only verified backend/system data for factual commerce claims.""]",,
AP_SIZE_001-04,AP_SIZE_001,train,natural,Phòng ngủ 20m² nên mua máy lọc có CADR bao nhiêu?,AIR_PURIFIER_SIZING,AIR_PURIFIER_SIZING,"{""area_m2"": ""extract""}",CALCULATE_CADR_THEN_SEARCH,"[""SKILL_RULES"", ""PRODUCT_DB""]",ADVICE_WITH_PRODUCTS,"[""Use configured room-volume/CADR rules, then filter real products.""]","[""Do not invent product, price, stock, promotion, ranking or specification."", ""Use only verified backend/system data for factual commerce claims.""]",,
AP_SIZE_001-05,AP_SIZE_001,train,no_accent,Phong ngu 20m² nen mua may loc co CADR bao nhieu?,AIR_PURIFIER_SIZING,AIR_PURIFIER_SIZING,"{""area_m2"": ""extract""}",CALCULATE_CADR_THEN_SEARCH,"[""SKILL_RULES"", ""PRODUCT_DB""]",ADVICE_WITH_PRODUCTS,"[""Use configured room-volume/CADR rules, then filter real products.""]","[""Do not invent product, price, stock, promotion, ranking or specification."", ""Use only verified backend/system data for factual commerce claims.""]",,
AP_SIZE_001-06,AP_SIZE_001,train,slang,phong ngủ 20m² nên mua máy lọc có cadr bn?,AIR_PURIFIER_SIZING,AIR_PURIFIER_SIZING,"{""area_m2"": ""extract""}",CALCULATE_CADR_THEN_SEARCH,"[""SKILL_RULES"", ""PRODUCT_DB""]",ADVICE_WITH_PRODUCTS,"[""Use configured room-volume/CADR rules, then filter real products.""]","[""Do not invent product, price, stock, promotion, ranking or specification."", ""Use only verified backend/system data for factual commerce claims.""]",,
AP_SIZE_001-07,AP_SIZE_001,train,natural,Phòng khách 40m2 dùng máy lọc loại nào?,AIR_PURIFIER_SIZING,AIR_PURIFIER_SIZING,"{""area_m2"": ""extract""}",CALCULATE_CADR_THEN_SEARCH,"[""SKILL_RULES"", ""PRODUCT_DB""]",ADVICE_WITH_PRODUCTS,"[""Use configured room-volume/CADR rules, then filter real products.""]","[""Do not invent product, price, stock, promotion, ranking or specification."", ""Use only verified backend/system data for factual commerce claims.""]",,
AP_SIZE_001-08,AP_SIZE_001,train,no_accent,Phong khach 40m2 dung may loc loai nao?,AIR_PURIFIER_SIZING,AIR_PURIFIER_SIZING,"{""area_m2"": ""extract""}",CALCULATE_CADR_THEN_SEARCH,"[""SKILL_RULES"", ""PRODUCT_DB""]",ADVICE_WITH_PRODUCTS,"[""Use configured room-volume/CADR rules, then filter real products.""]","[""Do not invent product, price, stock, promotion, ranking or specification."", ""Use only verified backend/system data for factual commerce claims.""]",,
AP_SIZE_001-09,AP_SIZE_001,train,slang,phong khách 40m2 dùng máy lọc loại nào?,AIR_PURIFIER_SIZING,AIR_PURIFIER_SIZING,"{""area_m2"": ""extract""}",CALCULATE_CADR_THEN_SEARCH,"[""SKILL_RULES"", ""PRODUCT_DB""]",ADVICE_WITH_PRODUCTS,"[""Use configured room-volume/CADR rules, then filter real products.""]","[""Do not invent product, price, stock, promotion, ranking or specification."", ""Use only verified backend/system data for factual commerce claims.""]",,
AP_SIZE_001-10,AP_SIZE_001,train,natural,Máy lọc cho phòng 15m2 cần công suất bao nhiêu?,AIR_PURIFIER_SIZING,AIR_PURIFIER_SIZING,"{""area_m2"": ""extract""}",CALCULATE_CADR_THEN_SEARCH,"[""SKILL_RULES"", ""PRODUCT_DB""]",ADVICE_WITH_PRODUCTS,"[""Use configured room-volume/CADR rules, then filter real products.""]","[""Do not invent product, price, stock, promotion, ranking or specification."", ""Use only verified backend/system data for factual commerce claims.""]",,
AP_SIZE_001-11,AP_SIZE_001,train,no_accent,May loc cho phong 15m2 can cong suat bao nhieu?,AIR_PURIFIER_SIZING,AIR_PURIFIER_SIZING,"{""area_m2"": ""extract""}",CALCULATE_CADR_THEN_SEARCH,"[""SKILL_RULES"", ""PRODUCT_DB""]",ADVICE_WITH_PRODUCTS,"[""Use configured room-volume/CADR rules, then filter real products.""]","[""Do not invent product, price, stock, promotion, ranking or specification."", ""Use only verified backend/system data for factual commerce claims.""]",,
AP_SIZE_001-12,AP_SIZE_001,train,slang,máy lọc cho phong 15m2 cần công suất bn?,AIR_PURIFIER_SIZING,AIR_PURIFIER_SIZING,"{""area_m2"": ""extract""}",CALCULATE_CADR_THEN_SEARCH,"[""SKILL_RULES"", ""PRODUCT_DB""]",ADVICE_WITH_PRODUCTS,"[""Use configured room-volume/CADR rules, then filter real products.""]","[""Do not invent product, price, stock, promotion, ranking or specification."", ""Use only verified backend/system data for factual commerce claims.""]",,
AP_SIZE_001-13,AP_SIZE_001,train,natural,Phòng khoảng 25 mét vuông thì máy lọc nào phù hợp?,AIR_PURIFIER_SIZING,AIR_PURIFIER_SIZING,"{""area_m2"": ""extract""}",CALCULATE_CADR_THEN_SEARCH,"[""SKILL_RULES"", ""PRODUCT_DB""]",ADVICE_WITH_PRODUCTS,"[""Use configured room-volume/CADR rules, then filter real products.""]","[""Do not invent product, price, stock, promotion, ranking or specification."", ""Use only verified backend/system data for factual commerce claims.""]",,
AP_SIZE_001-14,AP_SIZE_001,train,no_accent,Phong khoang 25 met vuong thi may loc nao phu hop?,AIR_PURIFIER_SIZING,AIR_PURIFIER_SIZING,"{""area_m2"": ""extract""}",CALCULATE_CADR_THEN_SEARCH,"[""SKILL_RULES"", ""PRODUCT_DB""]",ADVICE_WITH_PRODUCTS,"[""Use configured room-volume/CADR rules, then filter real products.""]","[""Do not invent product, price, stock, promotion, ranking or specification."", ""Use only verified backend/system data for factual commerce claims.""]",,
AP_SIZE_001-15,AP_SIZE_001,train,slang,phong khoảng 25 m2 thì máy lọc nào phù hợp?,AIR_PURIFIER_SIZING,AIR_PURIFIER_SIZING,"{""area_m2"": ""extract""}",CALCULATE_CADR_THEN_SEARCH,"[""SKILL_RULES"", ""PRODUCT_DB""]",ADVICE_WITH_PRODUCTS,"[""Use configured room-volume/CADR rules, then filter real products.""]","[""Do not invent product, price, stock, promotion, ranking or specification."", ""Use only verified backend/system data for factual commerce claims.""]",,
AP_ADVICE_001-01,AP_ADVICE_001,test,natural,Nhà có trẻ nhỏ nên mua máy lọc nào?,AIR_PURIFIER_ADVICE,AIR_PURIFIER_ADVISOR,"{""priorities"": ""extract"", ""household"": ""extract_if_present""}",EXTRACT_REQUIREMENTS_AND_FILTER,"[""PRODUCT_DB"", ""KNOWLEDGE_DB""]",ADVICE_WITH_PRODUCTS,"[""Stick to product features; avoid medical diagnosis or health guarantees.""]","[""Do not invent product, price, stock, promotion, ranking or specification."", ""Use only verified backend/system data for factual commerce claims."", ""Do not claim medical treatment or guaranteed health outcomes.""]",,
AP_ADVICE_001-02,AP_ADVICE_001,test,no_accent,Nha co tre nho nen mua may loc nao?,AIR_PURIFIER_ADVICE,AIR_PURIFIER_ADVISOR,"{""priorities"": ""extract"", ""household"": ""extract_if_present""}",EXTRACT_REQUIREMENTS_AND_FILTER,"[""PRODUCT_DB"", ""KNOWLEDGE_DB""]",ADVICE_WITH_PRODUCTS,"[""Stick to product features; avoid medical diagnosis or health guarantees.""]","[""Do not invent product, price, stock, promotion, ranking or specification."", ""Use only verified backend/system data for factual commerce claims."", ""Do not claim medical treatment or guaranteed health outcomes.""]",,
AP_ADVICE_001-03,AP_ADVICE_001,test,natural,Nhà có thú cưng cần máy lọc không khí như nào?,AIR_PURIFIER_ADVICE,AIR_PURIFIER_ADVISOR,"{""priorities"": ""extract"", ""household"": ""extract_if_present""}",EXTRACT_REQUIREMENTS_AND_FILTER,"[""PRODUCT_DB"", ""KNOWLEDGE_DB""]",ADVICE_WITH_PRODUCTS,"[""Stick to product features; avoid medical diagnosis or health guarantees.""]","[""Do not invent product, price, stock, promotion, ranking or specification."", ""Use only verified backend/system data for factual commerce claims."", ""Do not claim medical treatment or guaranteed health outcomes.""]",,
AP_ADVICE_001-04,AP_ADVICE_001,test,no_accent,Nha co thu cung can may loc khong khi nhu nao?,AIR_PURIFIER_ADVICE,AIR_PURIFIER_ADVISOR,"{""priorities"": ""extract"", ""household"": ""extract_if_present""}",EXTRACT_REQUIREMENTS_AND_FILTER,"[""PRODUCT_DB"", ""KNOWLEDGE_DB""]",ADVICE_WITH_PRODUCTS,"[""Stick to product features; avoid medical diagnosis or health guarantees.""]","[""Do not invent product, price, stock, promotion, ranking or specification."", ""Use only verified backend/system data for factual commerce claims."", ""Do not claim medical treatment or guaranteed health outcomes.""]",,
AP_ADVICE_001-05,AP_ADVICE_001,test,slang,nhà có thú cưng cần máy lọc ko khí như nào?,AIR_PURIFIER_ADVICE,AIR_PURIFIER_ADVISOR,"{""priorities"": ""extract"", ""household"": ""extract_if_present""}",EXTRACT_REQUIREMENTS_AND_FILTER,"[""PRODUCT_DB"", ""KNOWLEDGE_DB""]",ADVICE_WITH_PRODUCTS,"[""Stick to product features; avoid medical diagnosis or health guarantees.""]","[""Do not invent product, price, stock, promotion, ranking or specification."", ""Use only verified backend/system data for factual commerce claims."", ""Do not claim medical treatment or guaranteed health outcomes.""]",,
AP_ADVICE_001-06,AP_ADVICE_001,test,natural,Muốn lọc bụi mịn PM2.5 thì cần tiêu chí gì?,AIR_PURIFIER_ADVICE,AIR_PURIFIER_ADVISOR,"{""priorities"": ""extract"", ""household"": ""extract_if_present""}",EXTRACT_REQUIREMENTS_AND_FILTER,"[""PRODUCT_DB"", ""KNOWLEDGE_DB""]",ADVICE_WITH_PRODUCTS,"[""Stick to product features; avoid medical diagnosis or health guarantees.""]","[""Do not invent product, price, stock, promotion, ranking or specification."", ""Use only verified backend/system data for factual commerce claims."", ""Do not claim medical treatment or guaranteed health outcomes.""]",,
AP_ADVICE_001-07,AP_ADVICE_001,test,no_accent,Muon loc bui min PM2.5 thi can tieu chi gi?,AIR_PURIFIER_ADVICE,AIR_PURIFIER_ADVISOR,"{""priorities"": ""extract"", ""household"": ""extract_if_present""}",EXTRACT_REQUIREMENTS_AND_FILTER,"[""PRODUCT_DB"", ""KNOWLEDGE_DB""]",ADVICE_WITH_PRODUCTS,"[""Stick to product features; avoid medical diagnosis or health guarantees.""]","[""Do not invent product, price, stock, promotion, ranking or specification."", ""Use only verified backend/system data for factual commerce claims."", ""Do not claim medical treatment or guaranteed health outcomes.""]",,
AP_ADVICE_001-08,AP_ADVICE_001,test,natural,Máy lọc nào chạy êm cho phòng ngủ?,AIR_PURIFIER_ADVICE,AIR_PURIFIER_ADVISOR,"{""priorities"": ""extract"", ""household"": ""extract_if_present""}",EXTRACT_REQUIREMENTS_AND_FILTER,"[""PRODUCT_DB"", ""KNOWLEDGE_DB""]",ADVICE_WITH_PRODUCTS,"[""Stick to product features; avoid medical diagnosis or health guarantees.""]","[""Do not invent product, price, stock, promotion, ranking or specification."", ""Use only verified backend/system data for factual commerce claims."", ""Do not claim medical treatment or guaranteed health outcomes.""]",,
AP_ADVICE_001-09,AP_ADVICE_001,test,no_accent,May loc nao chay em cho phong ngu?,AIR_PURIFIER_ADVICE,AIR_PURIFIER_ADVISOR,"{""priorities"": ""extract"", ""household"": ""extract_if_present""}",EXTRACT_REQUIREMENTS_AND_FILTER,"[""PRODUCT_DB"", ""KNOWLEDGE_DB""]",ADVICE_WITH_PRODUCTS,"[""Stick to product features; avoid medical diagnosis or health guarantees.""]","[""Do not invent product, price, stock, promotion, ranking or specification."", ""Use only verified backend/system data for factual commerce claims."", ""Do not claim medical treatment or guaranteed health outcomes.""]",,
AP_ADVICE_001-10,AP_ADVICE_001,test,slang,máy lọc nào chạy êm cho phong ngủ?,AIR_PURIFIER_ADVICE,AIR_PURIFIER_ADVISOR,"{""priorities"": ""extract"", ""household"": ""extract_if_present""}",EXTRACT_REQUIREMENTS_AND_FILTER,"[""PRODUCT_DB"", ""KNOWLEDGE_DB""]",ADVICE_WITH_PRODUCTS,"[""Stick to product features; avoid medical diagnosis or health guarantees.""]","[""Do not invent product, price, stock, promotion, ranking or specification."", ""Use only verified backend/system data for factual commerce claims."", ""Do not claim medical treatment or guaranteed health outcomes.""]",,
AP_ADVICE_001-11,AP_ADVICE_001,test,natural,Tôi bị dị ứng bụi thì nên chú ý tính năng gì ở máy lọc?,AIR_PURIFIER_ADVICE,AIR_PURIFIER_ADVISOR,"{""priorities"": ""extract"", ""household"": ""extract_if_present""}",EXTRACT_REQUIREMENTS_AND_FILTER,"[""PRODUCT_DB"", ""KNOWLEDGE_DB""]",ADVICE_WITH_PRODUCTS,"[""Stick to product features; avoid medical diagnosis or health guarantees.""]","[""Do not invent product, price, stock, promotion, ranking or specification."", ""Use only verified backend/system data for factual commerce claims."", ""Do not claim medical treatment or guaranteed health outcomes.""]",,
AP_ADVICE_001-12,AP_ADVICE_001,test,no_accent,Toi bi di ung bui thi nen chu y tinh nang gi o may loc?,AIR_PURIFIER_ADVICE,AIR_PURIFIER_ADVISOR,"{""priorities"": ""extract"", ""household"": ""extract_if_present""}",EXTRACT_REQUIREMENTS_AND_FILTER,"[""PRODUCT_DB"", ""KNOWLEDGE_DB""]",ADVICE_WITH_PRODUCTS,"[""Stick to product features; avoid medical diagnosis or health guarantees.""]","[""Do not invent product, price, stock, promotion, ranking or specification."", ""Use only verified backend/system data for factual commerce claims."", ""Do not claim medical treatment or guaranteed health outcomes.""]",,
COMPARE_001-01,COMPARE_001,validation,natural,So sánh Daikin FTKB35 và Panasonic XPU12,PRODUCT_COMPARE,,"{""products"": ""resolve_multiple""}",FETCH_BOTH_AND_COMPARE,"[""PRODUCT_DB"", ""PRICE_SERVICE"", ""INVENTORY_SERVICE""]",STRUCTURED_COMPARISON,"[""Compare only attributes that exist for both products; identify missing data.""]","[""Do not invent product, price, stock, promotion, ranking or specification."", ""Use only verified backend/system data for factual commerce claims.""]",,
COMPARE_001-02,COMPARE_001,validation,no_accent,So sanh Daikin FTKB35 va Panasonic XPU12,PRODUCT_COMPARE,,"{""products"": ""resolve_multiple""}",FETCH_BOTH_AND_COMPARE,"[""PRODUCT_DB"", ""PRICE_SERVICE"", ""INVENTORY_SERVICE""]",STRUCTURED_COMPARISON,"[""Compare only attributes that exist for both products; identify missing data.""]","[""Do not invent product, price, stock, promotion, ranking or specification."", ""Use only verified backend/system data for factual commerce claims.""]",,
COMPARE_001-03,COMPARE_001,validation,natural,So sánh hai mẫu điều hòa này giúp mình,PRODUCT_COMPARE,,"{""products"": ""resolve_multiple""}",FETCH_BOTH_AND_COMPARE,"[""PRODUCT_DB"", ""PRICE_SERVICE"", ""INVENTORY_SERVICE""]",STRUCTURED_COMPARISON,"[""Compare only attributes that exist for both products; identify missing data.""]","[""Do not invent product, price, stock, promotion, ranking or specification."", ""Use only verified backend/system data for factual commerce claims.""]",,
COMPARE_001-04,COMPARE_001,validation,no_accent,So sanh hai mau dieu hoa nay giup minh,PRODUCT_COMPARE,,"{""products"": ""resolve_multiple""}",FETCH_BOTH_AND_COMPARE,"[""PRODUCT_DB"", ""PRICE_SERVICE"", ""INVENTORY_SERVICE""]",STRUCTURED_COMPARISON,"[""Compare only attributes that exist for both products; identify missing data.""]","[""Do not invent product, price, stock, promotion, ranking or specification."", ""Use only verified backend/system data for factual commerce claims.""]",,
COMPARE_001-05,COMPARE_001,validation,slang,so sánh hai mẫu dieu hoa này giúp mình,PRODUCT_COMPARE,,"{""products"": ""resolve_multiple""}",FETCH_BOTH_AND_COMPARE,"[""PRODUCT_DB"", ""PRICE_SERVICE"", ""INVENTORY_SERVICE""]",STRUCTURED_COMPARISON,"[""Compare only attributes that exist for both products; identify missing data.""]","[""Do not invent product, price, stock, promotion, ranking or specification."", ""Use only verified backend/system data for factual commerce claims.""]",,
COMPARE_001-06,COMPARE_001,validation,natural,LG FV1412 và Samsung WW12 khác nhau gì?,PRODUCT_COMPARE,,"{""products"": ""resolve_multiple""}",FETCH_BOTH_AND_COMPARE,"[""PRODUCT_DB"", ""PRICE_SERVICE"", ""INVENTORY_SERVICE""]",STRUCTURED_COMPARISON,"[""Compare only attributes that exist for both products; identify missing data.""]","[""Do not invent product, price, stock, promotion, ranking or specification."", ""Use only verified backend/system data for factual commerce claims.""]",,
COMPARE_001-07,COMPARE_001,validation,no_accent,LG FV1412 va Samsung WW12 khac nhau gi?,PRODUCT_COMPARE,,"{""products"": ""resolve_multiple""}",FETCH_BOTH_AND_COMPARE,"[""PRODUCT_DB"", ""PRICE_SERVICE"", ""INVENTORY_SERVICE""]",STRUCTURED_COMPARISON,"[""Compare only attributes that exist for both products; identify missing data.""]","[""Do not invent product, price, stock, promotion, ranking or specification."", ""Use only verified backend/system data for factual commerce claims.""]",,
COMPARE_001-08,COMPARE_001,validation,natural,So sánh TV Sony X90L với Samsung QN90D,PRODUCT_COMPARE,,"{""products"": ""resolve_multiple""}",FETCH_BOTH_AND_COMPARE,"[""PRODUCT_DB"", ""PRICE_SERVICE"", ""INVENTORY_SERVICE""]",STRUCTURED_COMPARISON,"[""Compare only attributes that exist for both products; identify missing data.""]","[""Do not invent product, price, stock, promotion, ranking or specification."", ""Use only verified backend/system data for factual commerce claims.""]",,
COMPARE_001-09,COMPARE_001,validation,no_accent,So sanh TV Sony X90L voi Samsung QN90D,PRODUCT_COMPARE,,"{""products"": ""resolve_multiple""}",FETCH_BOTH_AND_COMPARE,"[""PRODUCT_DB"", ""PRICE_SERVICE"", ""INVENTORY_SERVICE""]",STRUCTURED_COMPARISON,"[""Compare only attributes that exist for both products; identify missing data.""]","[""Do not invent product, price, stock, promotion, ranking or specification."", ""Use only verified backend/system data for factual commerce claims.""]",,
COMPARE_001-10,COMPARE_001,validation,natural,Hai tủ lạnh này mẫu nào khác nhau ở điểm gì?,PRODUCT_COMPARE,,"{""products"": ""resolve_multiple""}",FETCH_BOTH_AND_COMPARE,"[""PRODUCT_DB"", ""PRICE_SERVICE"", ""INVENTORY_SERVICE""]",STRUCTURED_COMPARISON,"[""Compare only attributes that exist for both products; identify missing data.""]","[""Do not invent product, price, stock, promotion, ranking or specification."", ""Use only verified backend/system data for factual commerce claims.""]",,
COMPARE_001-11,COMPARE_001,validation,no_accent,Hai tu lanh nay mau nao khac nhau o diem gi?,PRODUCT_COMPARE,,"{""products"": ""resolve_multiple""}",FETCH_BOTH_AND_COMPARE,"[""PRODUCT_DB"", ""PRICE_SERVICE"", ""INVENTORY_SERVICE""]",STRUCTURED_COMPARISON,"[""Compare only attributes that exist for both products; identify missing data.""]","[""Do not invent product, price, stock, promotion, ranking or specification."", ""Use only verified backend/system data for factual commerce claims.""]",,
COMPARE_001-12,COMPARE_001,validation,slang,hai tu lanh này mẫu nào khác nhau ở điểm gì?,PRODUCT_COMPARE,,"{""products"": ""resolve_multiple""}",FETCH_BOTH_AND_COMPARE,"[""PRODUCT_DB"", ""PRICE_SERVICE"", ""INVENTORY_SERVICE""]",STRUCTURED_COMPARISON,"[""Compare only attributes that exist for both products; identify missing data.""]","[""Do not invent product, price, stock, promotion, ranking or specification."", ""Use only verified backend/system data for factual commerce claims.""]",,
PRICE_COMPARE_001-01,PRICE_COMPARE_001,train,natural,Trong hai con này con nào rẻ hơn?,PRICE_COMPARE,,"{""products"": ""resolve_from_context_or_text""}",FETCH_CURRENT_PRICES_AND_COMPARE,"[""PRICE_SERVICE""]",DIRECT_COMPARISON,"[""Use current verified prices and calculate difference deterministically.""]","[""Do not invent product, price, stock, promotion, ranking or specification."", ""Use only verified backend/system data for factual commerce claims.""]",,
PRICE_COMPARE_001-02,PRICE_COMPARE_001,train,no_accent,Trong hai con nay con nao re hon?,PRICE_COMPARE,,"{""products"": ""resolve_from_context_or_text""}",FETCH_CURRENT_PRICES_AND_COMPARE,"[""PRICE_SERVICE""]",DIRECT_COMPARISON,"[""Use current verified prices and calculate difference deterministically.""]","[""Do not invent product, price, stock, promotion, ranking or specification."", ""Use only verified backend/system data for factual commerce claims.""]",,
PRICE_COMPARE_001-03,PRICE_COMPARE_001,train,natural,Chênh nhau bao nhiêu tiền?,PRICE_COMPARE,,"{""products"": ""resolve_from_context_or_text""}",FETCH_CURRENT_PRICES_AND_COMPARE,"[""PRICE_SERVICE""]",DIRECT_COMPARISON,"[""Use current verified prices and calculate difference deterministically.""]","[""Do not invent product, price, stock, promotion, ranking or specification."", ""Use only verified backend/system data for factual commerce claims.""]",,
PRICE_COMPARE_001-04,PRICE_COMPARE_001,train,no_accent,Chenh nhau bao nhieu tien?,PRICE_COMPARE,,"{""products"": ""resolve_from_context_or_text""}",FETCH_CURRENT_PRICES_AND_COMPARE,"[""PRICE_SERVICE""]",DIRECT_COMPARISON,"[""Use current verified prices and calculate difference deterministically.""]","[""Do not invent product, price, stock, promotion, ranking or specification."", ""Use only verified backend/system data for factual commerce claims.""]",,
PRICE_COMPARE_001-05,PRICE_COMPARE_001,train,slang,chênh nhau bn tiền?,PRICE_COMPARE,,"{""products"": ""resolve_from_context_or_text""}",FETCH_CURRENT_PRICES_AND_COMPARE,"[""PRICE_SERVICE""]",DIRECT_COMPARISON,"[""Use current verified prices and calculate difference deterministically.""]","[""Do not invent product, price, stock, promotion, ranking or specification."", ""Use only verified backend/system data for factual commerce claims.""]",,
PRICE_COMPARE_001-06,PRICE_COMPARE_001,train,natural,Ba mẫu vừa nêu mẫu nào rẻ nhất?,PRICE_COMPARE,,"{""products"": ""resolve_from_context_or_text""}",FETCH_CURRENT_PRICES_AND_COMPARE,"[""PRICE_SERVICE""]",DIRECT_COMPARISON,"[""Use current verified prices and calculate difference deterministically.""]","[""Do not invent product, price, stock, promotion, ranking or specification."", ""Use only verified backend/system data for factual commerce claims.""]",,
PRICE_COMPARE_001-07,PRICE_COMPARE_001,train,no_accent,Ba mau vua neu mau nao re nhat?,PRICE_COMPARE,,"{""products"": ""resolve_from_context_or_text""}",FETCH_CURRENT_PRICES_AND_COMPARE,"[""PRICE_SERVICE""]",DIRECT_COMPARISON,"[""Use current verified prices and calculate difference deterministically.""]","[""Do not invent product, price, stock, promotion, ranking or specification."", ""Use only verified backend/system data for factual commerce claims.""]",,
PRICE_COMPARE_001-08,PRICE_COMPARE_001,train,natural,So giá Daikin FTKB35 với Panasonic XPU12,PRICE_COMPARE,,"{""products"": ""resolve_from_context_or_text""}",FETCH_CURRENT_PRICES_AND_COMPARE,"[""PRICE_SERVICE""]",DIRECT_COMPARISON,"[""Use current verified prices and calculate difference deterministically.""]","[""Do not invent product, price, stock, promotion, ranking or specification."", ""Use only verified backend/system data for factual commerce claims.""]",,
PRICE_COMPARE_001-09,PRICE_COMPARE_001,train,no_accent,So gia Daikin FTKB35 voi Panasonic XPU12,PRICE_COMPARE,,"{""products"": ""resolve_from_context_or_text""}",FETCH_CURRENT_PRICES_AND_COMPARE,"[""PRICE_SERVICE""]",DIRECT_COMPARISON,"[""Use current verified prices and calculate difference deterministically.""]","[""Do not invent product, price, stock, promotion, ranking or specification."", ""Use only verified backend/system data for factual commerce claims.""]",,
PRICE_COMPARE_001-10,PRICE_COMPARE_001,train,slang,so gia daikin ftkb35 với panasonic xpu12,PRICE_COMPARE,,"{""products"": ""resolve_from_context_or_text""}",FETCH_CURRENT_PRICES_AND_COMPARE,"[""PRICE_SERVICE""]",DIRECT_COMPARISON,"[""Use current verified prices and calculate difference deterministically.""]","[""Do not invent product, price, stock, promotion, ranking or specification."", ""Use only verified backend/system data for factual commerce claims.""]",,
PRICE_COMPARE_001-11,PRICE_COMPARE_001,train,natural,Mẫu LG hay Samsung giá tốt hơn?,PRICE_COMPARE,,"{""products"": ""resolve_from_context_or_text""}",FETCH_CURRENT_PRICES_AND_COMPARE,"[""PRICE_SERVICE""]",DIRECT_COMPARISON,"[""Use current verified prices and calculate difference deterministically.""]","[""Do not invent product, price, stock, promotion, ranking or specification."", ""Use only verified backend/system data for factual commerce claims.""]",,
PRICE_COMPARE_001-12,PRICE_COMPARE_001,train,no_accent,Mau LG hay Samsung gia tot hon?,PRICE_COMPARE,,"{""products"": ""resolve_from_context_or_text""}",FETCH_CURRENT_PRICES_AND_COMPARE,"[""PRICE_SERVICE""]",DIRECT_COMPARISON,"[""Use current verified prices and calculate difference deterministically.""]","[""Do not invent product, price, stock, promotion, ranking or specification."", ""Use only verified backend/system data for factual commerce claims.""]",,
PRICE_COMPARE_001-13,PRICE_COMPARE_001,train,slang,mẫu lg hay samsung gia tốt hơn?,PRICE_COMPARE,,"{""products"": ""resolve_from_context_or_text""}",FETCH_CURRENT_PRICES_AND_COMPARE,"[""PRICE_SERVICE""]",DIRECT_COMPARISON,"[""Use current verified prices and calculate difference deterministically.""]","[""Do not invent product, price, stock, promotion, ranking or specification."", ""Use only verified backend/system data for factual commerce claims.""]",,
FEATURE_COMPARE_001-01,FEATURE_COMPARE_001,validation,natural,Con nào tiết kiệm điện hơn?,FEATURE_COMPARE,,"{""products"": ""resolve_from_context_or_text"", ""feature"": ""extract""}",FETCH_SPECS_AND_COMPARE,"[""PRODUCT_DB"", ""KNOWLEDGE_DB""]",DIRECT_COMPARISON,"[""Compare explicit specs/attributes only.""]","[""Do not invent product, price, stock, promotion, ranking or specification."", ""Use only verified backend/system data for factual commerce claims.""]",,
FEATURE_COMPARE_001-02,FEATURE_COMPARE_001,validation,no_accent,Con nao tiet kiem dien hon?,FEATURE_COMPARE,,"{""products"": ""resolve_from_context_or_text"", ""feature"": ""extract""}",FETCH_SPECS_AND_COMPARE,"[""PRODUCT_DB"", ""KNOWLEDGE_DB""]",DIRECT_COMPARISON,"[""Compare explicit specs/attributes only.""]","[""Do not invent product, price, stock, promotion, ranking or specification."", ""Use only verified backend/system data for factual commerce claims.""]",,
FEATURE_COMPARE_001-03,FEATURE_COMPARE_001,validation,natural,Hai máy này con nào chạy êm hơn?,FEATURE_COMPARE,,"{""products"": ""resolve_from_context_or_text"", ""feature"": ""extract""}",FETCH_SPECS_AND_COMPARE,"[""PRODUCT_DB"", ""KNOWLEDGE_DB""]",DIRECT_COMPARISON,"[""Compare explicit specs/attributes only.""]","[""Do not invent product, price, stock, promotion, ranking or specification."", ""Use only verified backend/system data for factual commerce claims.""]",,
FEATURE_COMPARE_001-04,FEATURE_COMPARE_001,validation,no_accent,Hai may nay con nao chay em hon?,FEATURE_COMPARE,,"{""products"": ""resolve_from_context_or_text"", ""feature"": ""extract""}",FETCH_SPECS_AND_COMPARE,"[""PRODUCT_DB"", ""KNOWLEDGE_DB""]",DIRECT_COMPARISON,"[""Compare explicit specs/attributes only.""]","[""Do not invent product, price, stock, promotion, ranking or specification."", ""Use only verified backend/system data for factual commerce claims.""]",,
FEATURE_COMPARE_001-05,FEATURE_COMPARE_001,validation,natural,Mẫu nào bảo hành dài hơn?,FEATURE_COMPARE,,"{""products"": ""resolve_from_context_or_text"", ""feature"": ""extract""}",FETCH_SPECS_AND_COMPARE,"[""PRODUCT_DB"", ""KNOWLEDGE_DB""]",DIRECT_COMPARISON,"[""Compare explicit specs/attributes only.""]","[""Do not invent product, price, stock, promotion, ranking or specification."", ""Use only verified backend/system data for factual commerce claims.""]",,
FEATURE_COMPARE_001-06,FEATURE_COMPARE_001,validation,no_accent,Mau nao bao hanh dai hon?,FEATURE_COMPARE,,"{""products"": ""resolve_from_context_or_text"", ""feature"": ""extract""}",FETCH_SPECS_AND_COMPARE,"[""PRODUCT_DB"", ""KNOWLEDGE_DB""]",DIRECT_COMPARISON,"[""Compare explicit specs/attributes only.""]","[""Do not invent product, price, stock, promotion, ranking or specification."", ""Use only verified backend/system data for factual commerce claims.""]",,
FEATURE_COMPARE_001-07,FEATURE_COMPARE_001,validation,natural,Trong hai TV này mẫu nào có 120Hz?,FEATURE_COMPARE,,"{""products"": ""resolve_from_context_or_text"", ""feature"": ""extract""}",FETCH_SPECS_AND_COMPARE,"[""PRODUCT_DB"", ""KNOWLEDGE_DB""]",DIRECT_COMPARISON,"[""Compare explicit specs/attributes only.""]","[""Do not invent product, price, stock, promotion, ranking or specification."", ""Use only verified backend/system data for factual commerce claims.""]",,
FEATURE_COMPARE_001-08,FEATURE_COMPARE_001,validation,no_accent,Trong hai TV nay mau nao co 120Hz?,FEATURE_COMPARE,,"{""products"": ""resolve_from_context_or_text"", ""feature"": ""extract""}",FETCH_SPECS_AND_COMPARE,"[""PRODUCT_DB"", ""KNOWLEDGE_DB""]",DIRECT_COMPARISON,"[""Compare explicit specs/attributes only.""]","[""Do not invent product, price, stock, promotion, ranking or specification."", ""Use only verified backend/system data for factual commerce claims.""]",,
FEATURE_COMPARE_001-09,FEATURE_COMPARE_001,validation,natural,Hai tủ lạnh này con nào có làm đá tự động?,FEATURE_COMPARE,,"{""products"": ""resolve_from_context_or_text"", ""feature"": ""extract""}",FETCH_SPECS_AND_COMPARE,"[""PRODUCT_DB"", ""KNOWLEDGE_DB""]",DIRECT_COMPARISON,"[""Compare explicit specs/attributes only.""]","[""Do not invent product, price, stock, promotion, ranking or specification."", ""Use only verified backend/system data for factual commerce claims.""]",,
FEATURE_COMPARE_001-10,FEATURE_COMPARE_001,validation,no_accent,Hai tu lanh nay con nao co lam da tu dong?,FEATURE_COMPARE,,"{""products"": ""resolve_from_context_or_text"", ""feature"": ""extract""}",FETCH_SPECS_AND_COMPARE,"[""PRODUCT_DB"", ""KNOWLEDGE_DB""]",DIRECT_COMPARISON,"[""Compare explicit specs/attributes only.""]","[""Do not invent product, price, stock, promotion, ranking or specification."", ""Use only verified backend/system data for factual commerce claims.""]",,
FEATURE_COMPARE_001-11,FEATURE_COMPARE_001,validation,slang,hai tu lanh này con nào có làm đá tự động?,FEATURE_COMPARE,,"{""products"": ""resolve_from_context_or_text"", ""feature"": ""extract""}",FETCH_SPECS_AND_COMPARE,"[""PRODUCT_DB"", ""KNOWLEDGE_DB""]",DIRECT_COMPARISON,"[""Compare explicit specs/attributes only.""]","[""Do not invent product, price, stock, promotion, ranking or specification."", ""Use only verified backend/system data for factual commerce claims.""]",,
FEATURE_SEARCH_001-01,FEATURE_SEARCH_001,train,natural,Tìm điều hòa có Wi-Fi,FEATURE_SEARCH,,"{""category"": ""extract"", ""required_features"": ""extract"", ""budget"": ""extract_if_present""}",FILTER_BY_REQUIRED_FEATURES,"[""PRODUCT_DB"", ""PRICE_SERVICE""]",PRODUCT_LIST,"[""All returned products must satisfy required features unless clearly labeled as near matches.""]","[""Do not invent product, price, stock, promotion, ranking or specification."", ""Use only verified backend/system data for factual commerce claims.""]",,
FEATURE_SEARCH_001-02,FEATURE_SEARCH_001,train,no_accent,Tim dieu hoa co Wi-Fi,FEATURE_SEARCH,,"{""category"": ""extract"", ""required_features"": ""extract"", ""budget"": ""extract_if_present""}",FILTER_BY_REQUIRED_FEATURES,"[""PRODUCT_DB"", ""PRICE_SERVICE""]",PRODUCT_LIST,"[""All returned products must satisfy required features unless clearly labeled as near matches.""]","[""Do not invent product, price, stock, promotion, ranking or specification."", ""Use only verified backend/system data for factual commerce claims.""]",,
FEATURE_SEARCH_001-03,FEATURE_SEARCH_001,train,slang,tìm dieu hoa có wi-fi,FEATURE_SEARCH,,"{""category"": ""extract"", ""required_features"": ""extract"", ""budget"": ""extract_if_present""}",FILTER_BY_REQUIRED_FEATURES,"[""PRODUCT_DB"", ""PRICE_SERVICE""]",PRODUCT_LIST,"[""All returned products must satisfy required features unless clearly labeled as near matches.""]","[""Do not invent product, price, stock, promotion, ranking or specification."", ""Use only verified backend/system data for factual commerce claims.""]",,
FEATURE_SEARCH_001-04,FEATURE_SEARCH_001,train,natural,Máy giặt có tự động cấp nước giặt,FEATURE_SEARCH,,"{""category"": ""extract"", ""required_features"": ""extract"", ""budget"": ""extract_if_present""}",FILTER_BY_REQUIRED_FEATURES,"[""PRODUCT_DB"", ""PRICE_SERVICE""]",PRODUCT_LIST,"[""All returned products must satisfy required features unless clearly labeled as near matches.""]","[""Do not invent product, price, stock, promotion, ranking or specification."", ""Use only verified backend/system data for factual commerce claims.""]",,
FEATURE_SEARCH_001-05,FEATURE_SEARCH_001,train,no_accent,May giat co tu dong cap nuoc giat,FEATURE_SEARCH,,"{""category"": ""extract"", ""required_features"": ""extract"", ""budget"": ""extract_if_present""}",FILTER_BY_REQUIRED_FEATURES,"[""PRODUCT_DB"", ""PRICE_SERVICE""]",PRODUCT_LIST,"[""All returned products must satisfy required features unless clearly labeled as near matches.""]","[""Do not invent product, price, stock, promotion, ranking or specification."", ""Use only verified backend/system data for factual commerce claims.""]",,
FEATURE_SEARCH_001-06,FEATURE_SEARCH_001,train,slang,may giat có tự động cấp nước giặt,FEATURE_SEARCH,,"{""category"": ""extract"", ""required_features"": ""extract"", ""budget"": ""extract_if_present""}",FILTER_BY_REQUIRED_FEATURES,"[""PRODUCT_DB"", ""PRICE_SERVICE""]",PRODUCT_LIST,"[""All returned products must satisfy required features unless clearly labeled as near matches.""]","[""Do not invent product, price, stock, promotion, ranking or specification."", ""Use only verified backend/system data for factual commerce claims.""]",,
FEATURE_SEARCH_001-07,FEATURE_SEARCH_001,train,natural,TV 120Hz có HDMI 2.1,FEATURE_SEARCH,,"{""category"": ""extract"", ""required_features"": ""extract"", ""budget"": ""extract_if_present""}",FILTER_BY_REQUIRED_FEATURES,"[""PRODUCT_DB"", ""PRICE_SERVICE""]",PRODUCT_LIST,"[""All returned products must satisfy required features unless clearly labeled as near matches.""]","[""Do not invent product, price, stock, promotion, ranking or specification."", ""Use only verified backend/system data for factual commerce claims.""]",,
FEATURE_SEARCH_001-08,FEATURE_SEARCH_001,train,no_accent,TV 120Hz co HDMI 2.1,FEATURE_SEARCH,,"{""category"": ""extract"", ""required_features"": ""extract"", ""budget"": ""extract_if_present""}",FILTER_BY_REQUIRED_FEATURES,"[""PRODUCT_DB"", ""PRICE_SERVICE""]",PRODUCT_LIST,"[""All returned products must satisfy required features unless clearly labeled as near matches.""]","[""Do not invent product, price, stock, promotion, ranking or specification."", ""Use only verified backend/system data for factual commerce claims.""]",,
FEATURE_SEARCH_001-09,FEATURE_SEARCH_001,train,natural,Tủ lạnh có làm đá tự động,FEATURE_SEARCH,,"{""category"": ""extract"", ""required_features"": ""extract"", ""budget"": ""extract_if_present""}",FILTER_BY_REQUIRED_FEATURES,"[""PRODUCT_DB"", ""PRICE_SERVICE""]",PRODUCT_LIST,"[""All returned products must satisfy required features unless clearly labeled as near matches.""]","[""Do not invent product, price, stock, promotion, ranking or specification."", ""Use only verified backend/system data for factual commerce claims.""]",,
FEATURE_SEARCH_001-10,FEATURE_SEARCH_001,train,no_accent,Tu lanh co lam da tu dong,FEATURE_SEARCH,,"{""category"": ""extract"", ""required_features"": ""extract"", ""budget"": ""extract_if_present""}",FILTER_BY_REQUIRED_FEATURES,"[""PRODUCT_DB"", ""PRICE_SERVICE""]",PRODUCT_LIST,"[""All returned products must satisfy required features unless clearly labeled as near matches.""]","[""Do not invent product, price, stock, promotion, ranking or specification."", ""Use only verified backend/system data for factual commerce claims.""]",,
FEATURE_SEARCH_001-11,FEATURE_SEARCH_001,train,slang,tu lanh có làm đá tự động,FEATURE_SEARCH,,"{""category"": ""extract"", ""required_features"": ""extract"", ""budget"": ""extract_if_present""}",FILTER_BY_REQUIRED_FEATURES,"[""PRODUCT_DB"", ""PRICE_SERVICE""]",PRODUCT_LIST,"[""All returned products must satisfy required features unless clearly labeled as near matches.""]","[""Do not invent product, price, stock, promotion, ranking or specification."", ""Use only verified backend/system data for factual commerce claims.""]",,
FEATURE_SEARCH_001-12,FEATURE_SEARCH_001,train,natural,Máy sấy có bơm nhiệt dưới 20 triệu,FEATURE_SEARCH,,"{""category"": ""extract"", ""required_features"": ""extract"", ""budget"": ""extract_if_present""}",FILTER_BY_REQUIRED_FEATURES,"[""PRODUCT_DB"", ""PRICE_SERVICE""]",PRODUCT_LIST,"[""All returned products must satisfy required features unless clearly labeled as near matches.""]","[""Do not invent product, price, stock, promotion, ranking or specification."", ""Use only verified backend/system data for factual commerce claims.""]",,
FEATURE_SEARCH_001-13,FEATURE_SEARCH_001,train,no_accent,May say co bom nhiet duoi 20 trieu,FEATURE_SEARCH,,"{""category"": ""extract"", ""required_features"": ""extract"", ""budget"": ""extract_if_present""}",FILTER_BY_REQUIRED_FEATURES,"[""PRODUCT_DB"", ""PRICE_SERVICE""]",PRODUCT_LIST,"[""All returned products must satisfy required features unless clearly labeled as near matches.""]","[""Do not invent product, price, stock, promotion, ranking or specification."", ""Use only verified backend/system data for factual commerce claims.""]",,
NEG_001-01,NEG_001,train,natural,Tôi không cần điều hòa có Wi-Fi,NEGATIVE_REQUIREMENT,,"{""excluded_features_or_brands"": ""extract""}",APPLY_EXCLUSIONS,"[""PRODUCT_DB""]",PRODUCT_LIST,"[""Preserve exclusions throughout the search session.""]","[""Do not invent product, price, stock, promotion, ranking or specification."", ""Use only verified backend/system data for factual commerce claims."", ""Do not recommend excluded brand/feature unless explaining no-result fallback.""]",,
NEG_001-02,NEG_001,train,no_accent,Toi khong can dieu hoa co Wi-Fi,NEGATIVE_REQUIREMENT,,"{""excluded_features_or_brands"": ""extract""}",APPLY_EXCLUSIONS,"[""PRODUCT_DB""]",PRODUCT_LIST,"[""Preserve exclusions throughout the search session.""]","[""Do not invent product, price, stock, promotion, ranking or specification."", ""Use only verified backend/system data for factual commerce claims."", ""Do not recommend excluded brand/feature unless explaining no-result fallback.""]",,
NEG_001-03,NEG_001,train,slang,tôi ko cần dieu hoa có wi-fi,NEGATIVE_REQUIREMENT,,"{""excluded_features_or_brands"": ""extract""}",APPLY_EXCLUSIONS,"[""PRODUCT_DB""]",PRODUCT_LIST,"[""Preserve exclusions throughout the search session.""]","[""Do not invent product, price, stock, promotion, ranking or specification."", ""Use only verified backend/system data for factual commerce claims."", ""Do not recommend excluded brand/feature unless explaining no-result fallback.""]",,
NEG_001-04,NEG_001,train,natural,Không lấy hàng trưng bày,NEGATIVE_REQUIREMENT,,"{""excluded_features_or_brands"": ""extract""}",APPLY_EXCLUSIONS,"[""PRODUCT_DB""]",PRODUCT_LIST,"[""Preserve exclusions throughout the search session.""]","[""Do not invent product, price, stock, promotion, ranking or specification."", ""Use only verified backend/system data for factual commerce claims."", ""Do not recommend excluded brand/feature unless explaining no-result fallback.""]",,
NEG_001-05,NEG_001,train,no_accent,Khong lay hang trung bay,NEGATIVE_REQUIREMENT,,"{""excluded_features_or_brands"": ""extract""}",APPLY_EXCLUSIONS,"[""PRODUCT_DB""]",PRODUCT_LIST,"[""Preserve exclusions throughout the search session.""]","[""Do not invent product, price, stock, promotion, ranking or specification."", ""Use only verified backend/system data for factual commerce claims."", ""Do not recommend excluded brand/feature unless explaining no-result fallback.""]",,
NEG_001-06,NEG_001,train,slang,ko lấy hàng trưng bày,NEGATIVE_REQUIREMENT,,"{""excluded_features_or_brands"": ""extract""}",APPLY_EXCLUSIONS,"[""PRODUCT_DB""]",PRODUCT_LIST,"[""Preserve exclusions throughout the search session.""]","[""Do not invent product, price, stock, promotion, ranking or specification."", ""Use only verified backend/system data for factual commerce claims."", ""Do not recommend excluded brand/feature unless explaining no-result fallback.""]",,
NEG_001-07,NEG_001,train,natural,Tôi không thích Samsung,NEGATIVE_REQUIREMENT,,"{""excluded_features_or_brands"": ""extract""}",APPLY_EXCLUSIONS,"[""PRODUCT_DB""]",PRODUCT_LIST,"[""Preserve exclusions throughout the search session.""]","[""Do not invent product, price, stock, promotion, ranking or specification."", ""Use only verified backend/system data for factual commerce claims."", ""Do not recommend excluded brand/feature unless explaining no-result fallback.""]",,
NEG_001-08,NEG_001,train,no_accent,Toi khong thich Samsung,NEGATIVE_REQUIREMENT,,"{""excluded_features_or_brands"": ""extract""}",APPLY_EXCLUSIONS,"[""PRODUCT_DB""]",PRODUCT_LIST,"[""Preserve exclusions throughout the search session.""]","[""Do not invent product, price, stock, promotion, ranking or specification."", ""Use only verified backend/system data for factual commerce claims."", ""Do not recommend excluded brand/feature unless explaining no-result fallback.""]",,
NEG_001-09,NEG_001,train,slang,tôi ko thích samsung,NEGATIVE_REQUIREMENT,,"{""excluded_features_or_brands"": ""extract""}",APPLY_EXCLUSIONS,"[""PRODUCT_DB""]",PRODUCT_LIST,"[""Preserve exclusions throughout the search session.""]","[""Do not invent product, price, stock, promotion, ranking or specification."", ""Use only verified backend/system data for factual commerce claims."", ""Do not recommend excluded brand/feature unless explaining no-result fallback.""]",,
NEG_001-10,NEG_001,train,natural,Máy giặt không cần chức năng sấy,NEGATIVE_REQUIREMENT,,"{""excluded_features_or_brands"": ""extract""}",APPLY_EXCLUSIONS,"[""PRODUCT_DB""]",PRODUCT_LIST,"[""Preserve exclusions throughout the search session.""]","[""Do not invent product, price, stock, promotion, ranking or specification."", ""Use only verified backend/system data for factual commerce claims."", ""Do not recommend excluded brand/feature unless explaining no-result fallback.""]",,
NEG_001-11,NEG_001,train,no_accent,May giat khong can chuc nang say,NEGATIVE_REQUIREMENT,,"{""excluded_features_or_brands"": ""extract""}",APPLY_EXCLUSIONS,"[""PRODUCT_DB""]",PRODUCT_LIST,"[""Preserve exclusions throughout the search session.""]","[""Do not invent product, price, stock, promotion, ranking or specification."", ""Use only verified backend/system data for factual commerce claims."", ""Do not recommend excluded brand/feature unless explaining no-result fallback.""]",,
NEG_001-12,NEG_001,train,slang,may giat ko cần chức năng sấy,NEGATIVE_REQUIREMENT,,"{""excluded_features_or_brands"": ""extract""}",APPLY_EXCLUSIONS,"[""PRODUCT_DB""]",PRODUCT_LIST,"[""Preserve exclusions throughout the search session.""]","[""Do not invent product, price, stock, promotion, ranking or specification."", ""Use only verified backend/system data for factual commerce claims."", ""Do not recommend excluded brand/feature unless explaining no-result fallback.""]",,
NEG_001-13,NEG_001,train,natural,Tủ lạnh đừng loại quá rộng vì bếp nhỏ,NEGATIVE_REQUIREMENT,,"{""excluded_features_or_brands"": ""extract""}",APPLY_EXCLUSIONS,"[""PRODUCT_DB""]",PRODUCT_LIST,"[""Preserve exclusions throughout the search session.""]","[""Do not invent product, price, stock, promotion, ranking or specification."", ""Use only verified backend/system data for factual commerce claims."", ""Do not recommend excluded brand/feature unless explaining no-result fallback.""]",,
NEG_001-14,NEG_001,train,no_accent,Tu lanh dung loai qua rong vi bep nho,NEGATIVE_REQUIREMENT,,"{""excluded_features_or_brands"": ""extract""}",APPLY_EXCLUSIONS,"[""PRODUCT_DB""]",PRODUCT_LIST,"[""Preserve exclusions throughout the search session.""]","[""Do not invent product, price, stock, promotion, ranking or specification."", ""Use only verified backend/system data for factual commerce claims."", ""Do not recommend excluded brand/feature unless explaining no-result fallback.""]",,
NEG_001-15,NEG_001,train,slang,tu lanh đừng loại quá rộng vì bếp nhỏ,NEGATIVE_REQUIREMENT,,"{""excluded_features_or_brands"": ""extract""}",APPLY_EXCLUSIONS,"[""PRODUCT_DB""]",PRODUCT_LIST,"[""Preserve exclusions throughout the search session.""]","[""Do not invent product, price, stock, promotion, ranking or specification."", ""Use only verified backend/system data for factual commerce claims."", ""Do not recommend excluded brand/feature unless explaining no-result fallback.""]",,
MULTI_001-01,MULTI_001,train,natural,Tìm Daikin 12000 BTU inverter dưới 12 triệu còn hàng,MULTI_CONSTRAINT_SEARCH,,"{""constraints"": ""extract_all""}",STRUCTURED_MULTI_FILTER_SEARCH,"[""PRODUCT_DB"", ""PRICE_SERVICE"", ""INVENTORY_SERVICE""]",PRODUCT_LIST,"[""Apply all hard constraints, not only keywords.""]","[""Do not invent product, price, stock, promotion, ranking or specification."", ""Use only verified backend/system data for factual commerce claims.""]",,
MULTI_001-02,MULTI_001,train,no_accent,Tim Daikin 12000 BTU inverter duoi 12 trieu con hang,MULTI_CONSTRAINT_SEARCH,,"{""constraints"": ""extract_all""}",STRUCTURED_MULTI_FILTER_SEARCH,"[""PRODUCT_DB"", ""PRICE_SERVICE"", ""INVENTORY_SERVICE""]",PRODUCT_LIST,"[""Apply all hard constraints, not only keywords.""]","[""Do not invent product, price, stock, promotion, ranking or specification."", ""Use only verified backend/system data for factual commerce claims.""]",,
MULTI_001-03,MULTI_001,train,slang,tìm daikin 12000 btu inverter dưới 12 triệu con hang,MULTI_CONSTRAINT_SEARCH,,"{""constraints"": ""extract_all""}",STRUCTURED_MULTI_FILTER_SEARCH,"[""PRODUCT_DB"", ""PRICE_SERVICE"", ""INVENTORY_SERVICE""]",PRODUCT_LIST,"[""Apply all hard constraints, not only keywords.""]","[""Do not invent product, price, stock, promotion, ranking or specification."", ""Use only verified backend/system data for factual commerce claims.""]",,
MULTI_001-04,MULTI_001,train,natural,TV Sony 65 inch 120Hz dưới 25 triệu,MULTI_CONSTRAINT_SEARCH,,"{""constraints"": ""extract_all""}",STRUCTURED_MULTI_FILTER_SEARCH,"[""PRODUCT_DB"", ""PRICE_SERVICE"", ""INVENTORY_SERVICE""]",PRODUCT_LIST,"[""Apply all hard constraints, not only keywords.""]","[""Do not invent product, price, stock, promotion, ranking or specification."", ""Use only verified backend/system data for factual commerce claims.""]",,
MULTI_001-05,MULTI_001,train,no_accent,TV Sony 65 inch 120Hz duoi 25 trieu,MULTI_CONSTRAINT_SEARCH,,"{""constraints"": ""extract_all""}",STRUCTURED_MULTI_FILTER_SEARCH,"[""PRODUCT_DB"", ""PRICE_SERVICE"", ""INVENTORY_SERVICE""]",PRODUCT_LIST,"[""Apply all hard constraints, not only keywords.""]","[""Do not invent product, price, stock, promotion, ranking or specification."", ""Use only verified backend/system data for factual commerce claims.""]",,
MULTI_001-06,MULTI_001,train,natural,Máy giặt LG 10kg dưới 15 triệu có sấy,MULTI_CONSTRAINT_SEARCH,,"{""constraints"": ""extract_all""}",STRUCTURED_MULTI_FILTER_SEARCH,"[""PRODUCT_DB"", ""PRICE_SERVICE"", ""INVENTORY_SERVICE""]",PRODUCT_LIST,"[""Apply all hard constraints, not only keywords.""]","[""Do not invent product, price, stock, promotion, ranking or specification."", ""Use only verified backend/system data for factual commerce claims.""]",,
MULTI_001-07,MULTI_001,train,no_accent,May giat LG 10kg duoi 15 trieu co say,MULTI_CONSTRAINT_SEARCH,,"{""constraints"": ""extract_all""}",STRUCTURED_MULTI_FILTER_SEARCH,"[""PRODUCT_DB"", ""PRICE_SERVICE"", ""INVENTORY_SERVICE""]",PRODUCT_LIST,"[""Apply all hard constraints, not only keywords.""]","[""Do not invent product, price, stock, promotion, ranking or specification."", ""Use only verified backend/system data for factual commerce claims.""]",,
MULTI_001-08,MULTI_001,train,slang,may giat lg 10kg dưới 15 triệu có sấy,MULTI_CONSTRAINT_SEARCH,,"{""constraints"": ""extract_all""}",STRUCTURED_MULTI_FILTER_SEARCH,"[""PRODUCT_DB"", ""PRICE_SERVICE"", ""INVENTORY_SERVICE""]",PRODUCT_LIST,"[""Apply all hard constraints, not only keywords.""]","[""Do not invent product, price, stock, promotion, ranking or specification."", ""Use only verified backend/system data for factual commerce claims.""]",,
MULTI_001-09,MULTI_001,train,natural,Tủ lạnh Panasonic 400 lít inverter dưới 20 triệu,MULTI_CONSTRAINT_SEARCH,,"{""constraints"": ""extract_all""}",STRUCTURED_MULTI_FILTER_SEARCH,"[""PRODUCT_DB"", ""PRICE_SERVICE"", ""INVENTORY_SERVICE""]",PRODUCT_LIST,"[""Apply all hard constraints, not only keywords.""]","[""Do not invent product, price, stock, promotion, ranking or specification."", ""Use only verified backend/system data for factual commerce claims.""]",,
MULTI_001-10,MULTI_001,train,no_accent,Tu lanh Panasonic 400 lit inverter duoi 20 trieu,MULTI_CONSTRAINT_SEARCH,,"{""constraints"": ""extract_all""}",STRUCTURED_MULTI_FILTER_SEARCH,"[""PRODUCT_DB"", ""PRICE_SERVICE"", ""INVENTORY_SERVICE""]",PRODUCT_LIST,"[""Apply all hard constraints, not only keywords.""]","[""Do not invent product, price, stock, promotion, ranking or specification."", ""Use only verified backend/system data for factual commerce claims.""]",,
MULTI_001-11,MULTI_001,train,slang,tu lanh panasonic 400 lít inverter dưới 20 triệu,MULTI_CONSTRAINT_SEARCH,,"{""constraints"": ""extract_all""}",STRUCTURED_MULTI_FILTER_SEARCH,"[""PRODUCT_DB"", ""PRICE_SERVICE"", ""INVENTORY_SERVICE""]",PRODUCT_LIST,"[""Apply all hard constraints, not only keywords.""]","[""Do not invent product, price, stock, promotion, ranking or specification."", ""Use only verified backend/system data for factual commerce claims.""]",,
MULTI_001-12,MULTI_001,train,natural,Điều hòa Midea 18000 BTU có Wi-Fi dưới 15 triệu,MULTI_CONSTRAINT_SEARCH,,"{""constraints"": ""extract_all""}",STRUCTURED_MULTI_FILTER_SEARCH,"[""PRODUCT_DB"", ""PRICE_SERVICE"", ""INVENTORY_SERVICE""]",PRODUCT_LIST,"[""Apply all hard constraints, not only keywords.""]","[""Do not invent product, price, stock, promotion, ranking or specification."", ""Use only verified backend/system data for factual commerce claims.""]",,
MULTI_001-13,MULTI_001,train,no_accent,Dieu hoa Midea 18000 BTU co Wi-Fi duoi 15 trieu,MULTI_CONSTRAINT_SEARCH,,"{""constraints"": ""extract_all""}",STRUCTURED_MULTI_FILTER_SEARCH,"[""PRODUCT_DB"", ""PRICE_SERVICE"", ""INVENTORY_SERVICE""]",PRODUCT_LIST,"[""Apply all hard constraints, not only keywords.""]","[""Do not invent product, price, stock, promotion, ranking or specification."", ""Use only verified backend/system data for factual commerce claims.""]",,
MULTI_001-14,MULTI_001,train,slang,dieu hoa midea 18000 btu có wi-fi dưới 15 triệu,MULTI_CONSTRAINT_SEARCH,,"{""constraints"": ""extract_all""}",STRUCTURED_MULTI_FILTER_SEARCH,"[""PRODUCT_DB"", ""PRICE_SERVICE"", ""INVENTORY_SERVICE""]",PRODUCT_LIST,"[""Apply all hard constraints, not only keywords.""]","[""Do not invent product, price, stock, promotion, ranking or specification."", ""Use only verified backend/system data for factual commerce claims.""]",,
ENERGY_001-01,ENERGY_001,test,natural,Điều hòa này một tháng tốn khoảng bao nhiêu tiền điện?,ENERGY_ESTIMATE,ENERGY_COST_ESTIMATOR,"{""product"": ""resolve"", ""usage_hours"": ""extract_if_present"", ""electricity_rate"": ""extract_if_present""}",CALCULATE_WITH_ASSUMPTIONS,"[""PRODUCT_DB"", ""SKILL_RULES""]",CALCULATION_WITH_ASSUMPTIONS,"[""Use verified power/energy specs and explicitly state assumptions for usage and electricity rate.""]","[""Do not invent product, price, stock, promotion, ranking or specification."", ""Use only verified backend/system data for factual commerce claims."", ""Do not present estimated electricity cost as guaranteed.""]",,
ENERGY_001-02,ENERGY_001,test,no_accent,Dieu hoa nay mot thang ton khoang bao nhieu tien dien?,ENERGY_ESTIMATE,ENERGY_COST_ESTIMATOR,"{""product"": ""resolve"", ""usage_hours"": ""extract_if_present"", ""electricity_rate"": ""extract_if_present""}",CALCULATE_WITH_ASSUMPTIONS,"[""PRODUCT_DB"", ""SKILL_RULES""]",CALCULATION_WITH_ASSUMPTIONS,"[""Use verified power/energy specs and explicitly state assumptions for usage and electricity rate.""]","[""Do not invent product, price, stock, promotion, ranking or specification."", ""Use only verified backend/system data for factual commerce claims."", ""Do not present estimated electricity cost as guaranteed.""]",,
ENERGY_001-03,ENERGY_001,test,slang,dieu hoa này một tháng tốn khoảng bn tiền điện?,ENERGY_ESTIMATE,ENERGY_COST_ESTIMATOR,"{""product"": ""resolve"", ""usage_hours"": ""extract_if_present"", ""electricity_rate"": ""extract_if_present""}",CALCULATE_WITH_ASSUMPTIONS,"[""PRODUCT_DB"", ""SKILL_RULES""]",CALCULATION_WITH_ASSUMPTIONS,"[""Use verified power/energy specs and explicitly state assumptions for usage and electricity rate.""]","[""Do not invent product, price, stock, promotion, ranking or specification."", ""Use only verified backend/system data for factual commerce claims."", ""Do not present estimated electricity cost as guaranteed.""]",,
ENERGY_001-04,ENERGY_001,test,natural,Con nào tiết kiệm điện hơn nếu dùng 8 tiếng mỗi ngày?,ENERGY_ESTIMATE,ENERGY_COST_ESTIMATOR,"{""product"": ""resolve"", ""usage_hours"": ""extract_if_present"", ""electricity_rate"": ""extract_if_present""}",CALCULATE_WITH_ASSUMPTIONS,"[""PRODUCT_DB"", ""SKILL_RULES""]",CALCULATION_WITH_ASSUMPTIONS,"[""Use verified power/energy specs and explicitly state assumptions for usage and electricity rate.""]","[""Do not invent product, price, stock, promotion, ranking or specification."", ""Use only verified backend/system data for factual commerce claims."", ""Do not present estimated electricity cost as guaranteed.""]",,
ENERGY_001-05,ENERGY_001,test,no_accent,Con nao tiet kiem dien hon neu dung 8 tieng moi ngay?,ENERGY_ESTIMATE,ENERGY_COST_ESTIMATOR,"{""product"": ""resolve"", ""usage_hours"": ""extract_if_present"", ""electricity_rate"": ""extract_if_present""}",CALCULATE_WITH_ASSUMPTIONS,"[""PRODUCT_DB"", ""SKILL_RULES""]",CALCULATION_WITH_ASSUMPTIONS,"[""Use verified power/energy specs and explicitly state assumptions for usage and electricity rate.""]","[""Do not invent product, price, stock, promotion, ranking or specification."", ""Use only verified backend/system data for factual commerce claims."", ""Do not present estimated electricity cost as guaranteed.""]",,
ENERGY_001-06,ENERGY_001,test,natural,Máy sấy này dùng một lần tốn khoảng bao nhiêu điện?,ENERGY_ESTIMATE,ENERGY_COST_ESTIMATOR,"{""product"": ""resolve"", ""usage_hours"": ""extract_if_present"", ""electricity_rate"": ""extract_if_present""}",CALCULATE_WITH_ASSUMPTIONS,"[""PRODUCT_DB"", ""SKILL_RULES""]",CALCULATION_WITH_ASSUMPTIONS,"[""Use verified power/energy specs and explicitly state assumptions for usage and electricity rate.""]","[""Do not invent product, price, stock, promotion, ranking or specification."", ""Use only verified backend/system data for factual commerce claims."", ""Do not present estimated electricity cost as guaranteed.""]",,
ENERGY_001-07,ENERGY_001,test,no_accent,May say nay dung mot lan ton khoang bao nhieu dien?,ENERGY_ESTIMATE,ENERGY_COST_ESTIMATOR,"{""product"": ""resolve"", ""usage_hours"": ""extract_if_present"", ""electricity_rate"": ""extract_if_present""}",CALCULATE_WITH_ASSUMPTIONS,"[""PRODUCT_DB"", ""SKILL_RULES""]",CALCULATION_WITH_ASSUMPTIONS,"[""Use verified power/energy specs and explicitly state assumptions for usage and electricity rate.""]","[""Do not invent product, price, stock, promotion, ranking or specification."", ""Use only verified backend/system data for factual commerce claims."", ""Do not present estimated electricity cost as guaranteed.""]",,
ENERGY_001-08,ENERGY_001,test,slang,máy sấy này dùng một lần tốn khoảng bn điện?,ENERGY_ESTIMATE,ENERGY_COST_ESTIMATOR,"{""product"": ""resolve"", ""usage_hours"": ""extract_if_present"", ""electricity_rate"": ""extract_if_present""}",CALCULATE_WITH_ASSUMPTIONS,"[""PRODUCT_DB"", ""SKILL_RULES""]",CALCULATION_WITH_ASSUMPTIONS,"[""Use verified power/energy specs and explicitly state assumptions for usage and electricity rate.""]","[""Do not invent product, price, stock, promotion, ranking or specification."", ""Use only verified backend/system data for factual commerce claims."", ""Do not present estimated electricity cost as guaranteed.""]",,
ENERGY_001-09,ENERGY_001,test,natural,Tủ lạnh này tiêu thụ bao nhiêu kWh một năm?,ENERGY_ESTIMATE,ENERGY_COST_ESTIMATOR,"{""product"": ""resolve"", ""usage_hours"": ""extract_if_present"", ""electricity_rate"": ""extract_if_present""}",CALCULATE_WITH_ASSUMPTIONS,"[""PRODUCT_DB"", ""SKILL_RULES""]",CALCULATION_WITH_ASSUMPTIONS,"[""Use verified power/energy specs and explicitly state assumptions for usage and electricity rate.""]","[""Do not invent product, price, stock, promotion, ranking or specification."", ""Use only verified backend/system data for factual commerce claims."", ""Do not present estimated electricity cost as guaranteed.""]",,
ENERGY_001-10,ENERGY_001,test,no_accent,Tu lanh nay tieu thu bao nhieu kWh mot nam?,ENERGY_ESTIMATE,ENERGY_COST_ESTIMATOR,"{""product"": ""resolve"", ""usage_hours"": ""extract_if_present"", ""electricity_rate"": ""extract_if_present""}",CALCULATE_WITH_ASSUMPTIONS,"[""PRODUCT_DB"", ""SKILL_RULES""]",CALCULATION_WITH_ASSUMPTIONS,"[""Use verified power/energy specs and explicitly state assumptions for usage and electricity rate.""]","[""Do not invent product, price, stock, promotion, ranking or specification."", ""Use only verified backend/system data for factual commerce claims."", ""Do not present estimated electricity cost as guaranteed.""]",,
ENERGY_001-11,ENERGY_001,test,slang,tu lanh này tiêu thụ bn kwh một năm?,ENERGY_ESTIMATE,ENERGY_COST_ESTIMATOR,"{""product"": ""resolve"", ""usage_hours"": ""extract_if_present"", ""electricity_rate"": ""extract_if_present""}",CALCULATE_WITH_ASSUMPTIONS,"[""PRODUCT_DB"", ""SKILL_RULES""]",CALCULATION_WITH_ASSUMPTIONS,"[""Use verified power/energy specs and explicitly state assumptions for usage and electricity rate.""]","[""Do not invent product, price, stock, promotion, ranking or specification."", ""Use only verified backend/system data for factual commerce claims."", ""Do not present estimated electricity cost as guaranteed.""]",,
ENERGY_001-12,ENERGY_001,test,natural,CSPF 5.5 thì có tiết kiệm điện không?,ENERGY_ESTIMATE,ENERGY_COST_ESTIMATOR,"{""product"": ""resolve"", ""usage_hours"": ""extract_if_present"", ""electricity_rate"": ""extract_if_present""}",CALCULATE_WITH_ASSUMPTIONS,"[""PRODUCT_DB"", ""SKILL_RULES""]",CALCULATION_WITH_ASSUMPTIONS,"[""Use verified power/energy specs and explicitly state assumptions for usage and electricity rate.""]","[""Do not invent product, price, stock, promotion, ranking or specification."", ""Use only verified backend/system data for factual commerce claims."", ""Do not present estimated electricity cost as guaranteed.""]",,
ENERGY_001-13,ENERGY_001,test,no_accent,CSPF 5.5 thi co tiet kiem dien khong?,ENERGY_ESTIMATE,ENERGY_COST_ESTIMATOR,"{""product"": ""resolve"", ""usage_hours"": ""extract_if_present"", ""electricity_rate"": ""extract_if_present""}",CALCULATE_WITH_ASSUMPTIONS,"[""PRODUCT_DB"", ""SKILL_RULES""]",CALCULATION_WITH_ASSUMPTIONS,"[""Use verified power/energy specs and explicitly state assumptions for usage and electricity rate.""]","[""Do not invent product, price, stock, promotion, ranking or specification."", ""Use only verified backend/system data for factual commerce claims."", ""Do not present estimated electricity cost as guaranteed.""]",,
ENERGY_001-14,ENERGY_001,test,slang,cspf 5.5 thì có tiết kiệm điện ko?,ENERGY_ESTIMATE,ENERGY_COST_ESTIMATOR,"{""product"": ""resolve"", ""usage_hours"": ""extract_if_present"", ""electricity_rate"": ""extract_if_present""}",CALCULATE_WITH_ASSUMPTIONS,"[""PRODUCT_DB"", ""SKILL_RULES""]",CALCULATION_WITH_ASSUMPTIONS,"[""Use verified power/energy specs and explicitly state assumptions for usage and electricity rate.""]","[""Do not invent product, price, stock, promotion, ranking or specification."", ""Use only verified backend/system data for factual commerce claims."", ""Do not present estimated electricity cost as guaranteed.""]",,
INSTALL_001-01,INSTALL_001,train,natural,Mua điều hòa có bao lắp đặt không?,INSTALLATION,,"{""category"": ""extract_if_present"", ""product"": ""resolve_if_present""}",GET_INSTALLATION_POLICY,"[""INSTALLATION_POLICY"", ""PRODUCT_DB""]",POLICY_ANSWER,"[""Return current verified installation policy/pricing.""]","[""Do not invent product, price, stock, promotion, ranking or specification."", ""Use only verified backend/system data for factual commerce claims.""]",,
INSTALL_001-02,INSTALL_001,train,no_accent,Mua dieu hoa co bao lap dat khong?,INSTALLATION,,"{""category"": ""extract_if_present"", ""product"": ""resolve_if_present""}",GET_INSTALLATION_POLICY,"[""INSTALLATION_POLICY"", ""PRODUCT_DB""]",POLICY_ANSWER,"[""Return current verified installation policy/pricing.""]","[""Do not invent product, price, stock, promotion, ranking or specification."", ""Use only verified backend/system data for factual commerce claims.""]",,
INSTALL_001-03,INSTALL_001,train,slang,mua dieu hoa có bao lắp đặt ko?,INSTALLATION,,"{""category"": ""extract_if_present"", ""product"": ""resolve_if_present""}",GET_INSTALLATION_POLICY,"[""INSTALLATION_POLICY"", ""PRODUCT_DB""]",POLICY_ANSWER,"[""Return current verified installation policy/pricing.""]","[""Do not invent product, price, stock, promotion, ranking or specification."", ""Use only verified backend/system data for factual commerce claims.""]",,
INSTALL_001-04,INSTALL_001,train,natural,Lắp điều hòa cần thêm những vật tư gì?,INSTALLATION,,"{""category"": ""extract_if_present"", ""product"": ""resolve_if_present""}",GET_INSTALLATION_POLICY,"[""INSTALLATION_POLICY"", ""PRODUCT_DB""]",POLICY_ANSWER,"[""Return current verified installation policy/pricing.""]","[""Do not invent product, price, stock, promotion, ranking or specification."", ""Use only verified backend/system data for factual commerce claims.""]",,
INSTALL_001-05,INSTALL_001,train,no_accent,Lap dieu hoa can them nhung vat tu gi?,INSTALLATION,,"{""category"": ""extract_if_present"", ""product"": ""resolve_if_present""}",GET_INSTALLATION_POLICY,"[""INSTALLATION_POLICY"", ""PRODUCT_DB""]",POLICY_ANSWER,"[""Return current verified installation policy/pricing.""]","[""Do not invent product, price, stock, promotion, ranking or specification."", ""Use only verified backend/system data for factual commerce claims.""]",,
INSTALL_001-06,INSTALL_001,train,slang,lắp dieu hoa cần thêm những vật tư gì?,INSTALLATION,,"{""category"": ""extract_if_present"", ""product"": ""resolve_if_present""}",GET_INSTALLATION_POLICY,"[""INSTALLATION_POLICY"", ""PRODUCT_DB""]",POLICY_ANSWER,"[""Return current verified installation policy/pricing.""]","[""Do not invent product, price, stock, promotion, ranking or specification."", ""Use only verified backend/system data for factual commerce claims.""]",,
INSTALL_001-07,INSTALL_001,train,natural,Ống đồng tính tiền thế nào?,INSTALLATION,,"{""category"": ""extract_if_present"", ""product"": ""resolve_if_present""}",GET_INSTALLATION_POLICY,"[""INSTALLATION_POLICY"", ""PRODUCT_DB""]",POLICY_ANSWER,"[""Return current verified installation policy/pricing.""]","[""Do not invent product, price, stock, promotion, ranking or specification."", ""Use only verified backend/system data for factual commerce claims.""]",,
INSTALL_001-08,INSTALL_001,train,no_accent,Ong dong tinh tien the nao?,INSTALLATION,,"{""category"": ""extract_if_present"", ""product"": ""resolve_if_present""}",GET_INSTALLATION_POLICY,"[""INSTALLATION_POLICY"", ""PRODUCT_DB""]",POLICY_ANSWER,"[""Return current verified installation policy/pricing.""]","[""Do not invent product, price, stock, promotion, ranking or specification."", ""Use only verified backend/system data for factual commerce claims.""]",,
INSTALL_001-09,INSTALL_001,train,natural,Bên mình có tháo điều hòa cũ không?,INSTALLATION,,"{""category"": ""extract_if_present"", ""product"": ""resolve_if_present""}",GET_INSTALLATION_POLICY,"[""INSTALLATION_POLICY"", ""PRODUCT_DB""]",POLICY_ANSWER,"[""Return current verified installation policy/pricing.""]","[""Do not invent product, price, stock, promotion, ranking or specification."", ""Use only verified backend/system data for factual commerce claims.""]",,
INSTALL_001-10,INSTALL_001,train,no_accent,Ben minh co thao dieu hoa cu khong?,INSTALLATION,,"{""category"": ""extract_if_present"", ""product"": ""resolve_if_present""}",GET_INSTALLATION_POLICY,"[""INSTALLATION_POLICY"", ""PRODUCT_DB""]",POLICY_ANSWER,"[""Return current verified installation policy/pricing.""]","[""Do not invent product, price, stock, promotion, ranking or specification."", ""Use only verified backend/system data for factual commerce claims.""]",,
INSTALL_001-11,INSTALL_001,train,slang,bên mình có tháo dieu hoa cũ ko?,INSTALLATION,,"{""category"": ""extract_if_present"", ""product"": ""resolve_if_present""}",GET_INSTALLATION_POLICY,"[""INSTALLATION_POLICY"", ""PRODUCT_DB""]",POLICY_ANSWER,"[""Return current verified installation policy/pricing.""]","[""Do not invent product, price, stock, promotion, ranking or specification."", ""Use only verified backend/system data for factual commerce claims.""]",,
INSTALL_001-12,INSTALL_001,train,natural,Mua bình nóng lạnh có hỗ trợ lắp không?,INSTALLATION,,"{""category"": ""extract_if_present"", ""product"": ""resolve_if_present""}",GET_INSTALLATION_POLICY,"[""INSTALLATION_POLICY"", ""PRODUCT_DB""]",POLICY_ANSWER,"[""Return current verified installation policy/pricing.""]","[""Do not invent product, price, stock, promotion, ranking or specification."", ""Use only verified backend/system data for factual commerce claims.""]",,
INSTALL_001-13,INSTALL_001,train,no_accent,Mua binh nong lanh co ho tro lap khong?,INSTALLATION,,"{""category"": ""extract_if_present"", ""product"": ""resolve_if_present""}",GET_INSTALLATION_POLICY,"[""INSTALLATION_POLICY"", ""PRODUCT_DB""]",POLICY_ANSWER,"[""Return current verified installation policy/pricing.""]","[""Do not invent product, price, stock, promotion, ranking or specification."", ""Use only verified backend/system data for factual commerce claims.""]",,
INSTALL_001-14,INSTALL_001,train,slang,mua bình nóng lạnh có hỗ trợ lắp ko?,INSTALLATION,,"{""category"": ""extract_if_present"", ""product"": ""resolve_if_present""}",GET_INSTALLATION_POLICY,"[""INSTALLATION_POLICY"", ""PRODUCT_DB""]",POLICY_ANSWER,"[""Return current verified installation policy/pricing.""]","[""Do not invent product, price, stock, promotion, ranking or specification."", ""Use only verified backend/system data for factual commerce claims.""]",,
SHIP_001-01,SHIP_001,train,natural,Shop có giao hàng Hà Nội không?,SHIPPING,,"{""location"": ""extract_if_present"", ""product"": ""resolve_if_present""}",GET_SHIPPING_POLICY_OR_QUOTE,"[""SHIPPING_SERVICE"", ""POLICY_DB""]",POLICY_OR_QUOTE,"[""If fee/time depends on address and address is missing, ask for the minimum required location detail.""]","[""Do not invent product, price, stock, promotion, ranking or specification."", ""Use only verified backend/system data for factual commerce claims.""]",,
SHIP_001-02,SHIP_001,train,no_accent,Shop co giao hang Ha Noi khong?,SHIPPING,,"{""location"": ""extract_if_present"", ""product"": ""resolve_if_present""}",GET_SHIPPING_POLICY_OR_QUOTE,"[""SHIPPING_SERVICE"", ""POLICY_DB""]",POLICY_OR_QUOTE,"[""If fee/time depends on address and address is missing, ask for the minimum required location detail.""]","[""Do not invent product, price, stock, promotion, ranking or specification."", ""Use only verified backend/system data for factual commerce claims.""]",,
SHIP_001-03,SHIP_001,train,slang,shop có giao hàng hà nội ko?,SHIPPING,,"{""location"": ""extract_if_present"", ""product"": ""resolve_if_present""}",GET_SHIPPING_POLICY_OR_QUOTE,"[""SHIPPING_SERVICE"", ""POLICY_DB""]",POLICY_OR_QUOTE,"[""If fee/time depends on address and address is missing, ask for the minimum required location detail.""]","[""Do not invent product, price, stock, promotion, ranking or specification."", ""Use only verified backend/system data for factual commerce claims.""]",,
SHIP_001-04,SHIP_001,train,natural,Bao lâu thì nhận được hàng?,SHIPPING,,"{""location"": ""extract_if_present"", ""product"": ""resolve_if_present""}",GET_SHIPPING_POLICY_OR_QUOTE,"[""SHIPPING_SERVICE"", ""POLICY_DB""]",POLICY_OR_QUOTE,"[""If fee/time depends on address and address is missing, ask for the minimum required location detail.""]","[""Do not invent product, price, stock, promotion, ranking or specification."", ""Use only verified backend/system data for factual commerce claims.""]",,
SHIP_001-05,SHIP_001,train,no_accent,Bao lau thi nhan duoc hang?,SHIPPING,,"{""location"": ""extract_if_present"", ""product"": ""resolve_if_present""}",GET_SHIPPING_POLICY_OR_QUOTE,"[""SHIPPING_SERVICE"", ""POLICY_DB""]",POLICY_OR_QUOTE,"[""If fee/time depends on address and address is missing, ask for the minimum required location detail.""]","[""Do not invent product, price, stock, promotion, ranking or specification."", ""Use only verified backend/system data for factual commerce claims.""]",,
SHIP_001-06,SHIP_001,train,slang,bao lâu thì nhận dc hàng?,SHIPPING,,"{""location"": ""extract_if_present"", ""product"": ""resolve_if_present""}",GET_SHIPPING_POLICY_OR_QUOTE,"[""SHIPPING_SERVICE"", ""POLICY_DB""]",POLICY_OR_QUOTE,"[""If fee/time depends on address and address is missing, ask for the minimum required location detail.""]","[""Do not invent product, price, stock, promotion, ranking or specification."", ""Use only verified backend/system data for factual commerce claims.""]",,
SHIP_001-07,SHIP_001,train,natural,Có ship tỉnh không?,SHIPPING,,"{""location"": ""extract_if_present"", ""product"": ""resolve_if_present""}",GET_SHIPPING_POLICY_OR_QUOTE,"[""SHIPPING_SERVICE"", ""POLICY_DB""]",POLICY_OR_QUOTE,"[""If fee/time depends on address and address is missing, ask for the minimum required location detail.""]","[""Do not invent product, price, stock, promotion, ranking or specification."", ""Use only verified backend/system data for factual commerce claims.""]",,
SHIP_001-08,SHIP_001,train,no_accent,Co ship tinh khong?,SHIPPING,,"{""location"": ""extract_if_present"", ""product"": ""resolve_if_present""}",GET_SHIPPING_POLICY_OR_QUOTE,"[""SHIPPING_SERVICE"", ""POLICY_DB""]",POLICY_OR_QUOTE,"[""If fee/time depends on address and address is missing, ask for the minimum required location detail.""]","[""Do not invent product, price, stock, promotion, ranking or specification."", ""Use only verified backend/system data for factual commerce claims.""]",,
SHIP_001-09,SHIP_001,train,slang,có ship tỉnh ko?,SHIPPING,,"{""location"": ""extract_if_present"", ""product"": ""resolve_if_present""}",GET_SHIPPING_POLICY_OR_QUOTE,"[""SHIPPING_SERVICE"", ""POLICY_DB""]",POLICY_OR_QUOTE,"[""If fee/time depends on address and address is missing, ask for the minimum required location detail.""]","[""Do not invent product, price, stock, promotion, ranking or specification."", ""Use only verified backend/system data for factual commerce claims.""]",,
SHIP_001-10,SHIP_001,train,natural,Phí vận chuyển bao nhiêu?,SHIPPING,,"{""location"": ""extract_if_present"", ""product"": ""resolve_if_present""}",GET_SHIPPING_POLICY_OR_QUOTE,"[""SHIPPING_SERVICE"", ""POLICY_DB""]",POLICY_OR_QUOTE,"[""If fee/time depends on address and address is missing, ask for the minimum required location detail.""]","[""Do not invent product, price, stock, promotion, ranking or specification."", ""Use only verified backend/system data for factual commerce claims.""]",,
SHIP_001-11,SHIP_001,train,no_accent,Phi van chuyen bao nhieu?,SHIPPING,,"{""location"": ""extract_if_present"", ""product"": ""resolve_if_present""}",GET_SHIPPING_POLICY_OR_QUOTE,"[""SHIPPING_SERVICE"", ""POLICY_DB""]",POLICY_OR_QUOTE,"[""If fee/time depends on address and address is missing, ask for the minimum required location detail.""]","[""Do not invent product, price, stock, promotion, ranking or specification."", ""Use only verified backend/system data for factual commerce claims.""]",,
SHIP_001-12,SHIP_001,train,slang,phí vận chuyển bn?,SHIPPING,,"{""location"": ""extract_if_present"", ""product"": ""resolve_if_present""}",GET_SHIPPING_POLICY_OR_QUOTE,"[""SHIPPING_SERVICE"", ""POLICY_DB""]",POLICY_OR_QUOTE,"[""If fee/time depends on address and address is missing, ask for the minimum required location detail.""]","[""Do not invent product, price, stock, promotion, ranking or specification."", ""Use only verified backend/system data for factual commerce claims.""]",,
SHIP_001-13,SHIP_001,train,natural,Mua TV 75 inch có giao tận nhà không?,SHIPPING,,"{""location"": ""extract_if_present"", ""product"": ""resolve_if_present""}",GET_SHIPPING_POLICY_OR_QUOTE,"[""SHIPPING_SERVICE"", ""POLICY_DB""]",POLICY_OR_QUOTE,"[""If fee/time depends on address and address is missing, ask for the minimum required location detail.""]","[""Do not invent product, price, stock, promotion, ranking or specification."", ""Use only verified backend/system data for factual commerce claims.""]",,
SHIP_001-14,SHIP_001,train,no_accent,Mua TV 75 inch co giao tan nha khong?,SHIPPING,,"{""location"": ""extract_if_present"", ""product"": ""resolve_if_present""}",GET_SHIPPING_POLICY_OR_QUOTE,"[""SHIPPING_SERVICE"", ""POLICY_DB""]",POLICY_OR_QUOTE,"[""If fee/time depends on address and address is missing, ask for the minimum required location detail.""]","[""Do not invent product, price, stock, promotion, ranking or specification."", ""Use only verified backend/system data for factual commerce claims.""]",,
SHIP_001-15,SHIP_001,train,slang,mua tv 75 inch có giao tận nhà ko?,SHIPPING,,"{""location"": ""extract_if_present"", ""product"": ""resolve_if_present""}",GET_SHIPPING_POLICY_OR_QUOTE,"[""SHIPPING_SERVICE"", ""POLICY_DB""]",POLICY_OR_QUOTE,"[""If fee/time depends on address and address is missing, ask for the minimum required location detail.""]","[""Do not invent product, price, stock, promotion, ranking or specification."", ""Use only verified backend/system data for factual commerce claims.""]",,
WARRANTY_001-01,WARRANTY_001,train,natural,Daikin FTKB35 bảo hành bao lâu?,WARRANTY,,"{""product"": ""resolve"", ""component"": ""extract_if_present""}",GET_VERIFIED_WARRANTY,"[""WARRANTY_DB"", ""PRODUCT_DB""]",POLICY_ANSWER,"[""Distinguish whole-product vs component warranty if data supports it.""]","[""Do not invent product, price, stock, promotion, ranking or specification."", ""Use only verified backend/system data for factual commerce claims.""]",,
WARRANTY_001-02,WARRANTY_001,train,no_accent,Daikin FTKB35 bao hanh bao lau?,WARRANTY,,"{""product"": ""resolve"", ""component"": ""extract_if_present""}",GET_VERIFIED_WARRANTY,"[""WARRANTY_DB"", ""PRODUCT_DB""]",POLICY_ANSWER,"[""Distinguish whole-product vs component warranty if data supports it.""]","[""Do not invent product, price, stock, promotion, ranking or specification."", ""Use only verified backend/system data for factual commerce claims.""]",,
WARRANTY_001-03,WARRANTY_001,train,natural,Máy nén con này bảo hành mấy năm?,WARRANTY,,"{""product"": ""resolve"", ""component"": ""extract_if_present""}",GET_VERIFIED_WARRANTY,"[""WARRANTY_DB"", ""PRODUCT_DB""]",POLICY_ANSWER,"[""Distinguish whole-product vs component warranty if data supports it.""]","[""Do not invent product, price, stock, promotion, ranking or specification."", ""Use only verified backend/system data for factual commerce claims.""]",,
WARRANTY_001-04,WARRANTY_001,train,no_accent,May nen con nay bao hanh may nam?,WARRANTY,,"{""product"": ""resolve"", ""component"": ""extract_if_present""}",GET_VERIFIED_WARRANTY,"[""WARRANTY_DB"", ""PRODUCT_DB""]",POLICY_ANSWER,"[""Distinguish whole-product vs component warranty if data supports it.""]","[""Do not invent product, price, stock, promotion, ranking or specification."", ""Use only verified backend/system data for factual commerce claims.""]",,
WARRANTY_001-05,WARRANTY_001,train,natural,Có bảo hành tại nhà không?,WARRANTY,,"{""product"": ""resolve"", ""component"": ""extract_if_present""}",GET_VERIFIED_WARRANTY,"[""WARRANTY_DB"", ""PRODUCT_DB""]",POLICY_ANSWER,"[""Distinguish whole-product vs component warranty if data supports it.""]","[""Do not invent product, price, stock, promotion, ranking or specification."", ""Use only verified backend/system data for factual commerce claims.""]",,
WARRANTY_001-06,WARRANTY_001,train,no_accent,Co bao hanh tai nha khong?,WARRANTY,,"{""product"": ""resolve"", ""component"": ""extract_if_present""}",GET_VERIFIED_WARRANTY,"[""WARRANTY_DB"", ""PRODUCT_DB""]",POLICY_ANSWER,"[""Distinguish whole-product vs component warranty if data supports it.""]","[""Do not invent product, price, stock, promotion, ranking or specification."", ""Use only verified backend/system data for factual commerce claims.""]",,
WARRANTY_001-07,WARRANTY_001,train,slang,có bảo hành tại nhà ko?,WARRANTY,,"{""product"": ""resolve"", ""component"": ""extract_if_present""}",GET_VERIFIED_WARRANTY,"[""WARRANTY_DB"", ""PRODUCT_DB""]",POLICY_ANSWER,"[""Distinguish whole-product vs component warranty if data supports it.""]","[""Do not invent product, price, stock, promotion, ranking or specification."", ""Use only verified backend/system data for factual commerce claims.""]",,
WARRANTY_001-08,WARRANTY_001,train,natural,Tủ lạnh Panasonic được bảo hành thế nào?,WARRANTY,,"{""product"": ""resolve"", ""component"": ""extract_if_present""}",GET_VERIFIED_WARRANTY,"[""WARRANTY_DB"", ""PRODUCT_DB""]",POLICY_ANSWER,"[""Distinguish whole-product vs component warranty if data supports it.""]","[""Do not invent product, price, stock, promotion, ranking or specification."", ""Use only verified backend/system data for factual commerce claims.""]",,
WARRANTY_001-09,WARRANTY_001,train,no_accent,Tu lanh Panasonic duoc bao hanh the nao?,WARRANTY,,"{""product"": ""resolve"", ""component"": ""extract_if_present""}",GET_VERIFIED_WARRANTY,"[""WARRANTY_DB"", ""PRODUCT_DB""]",POLICY_ANSWER,"[""Distinguish whole-product vs component warranty if data supports it.""]","[""Do not invent product, price, stock, promotion, ranking or specification."", ""Use only verified backend/system data for factual commerce claims.""]",,
WARRANTY_001-10,WARRANTY_001,train,slang,tu lanh panasonic dc bảo hành thế nào?,WARRANTY,,"{""product"": ""resolve"", ""component"": ""extract_if_present""}",GET_VERIFIED_WARRANTY,"[""WARRANTY_DB"", ""PRODUCT_DB""]",POLICY_ANSWER,"[""Distinguish whole-product vs component warranty if data supports it.""]","[""Do not invent product, price, stock, promotion, ranking or specification."", ""Use only verified backend/system data for factual commerce claims.""]",,
WARRANTY_001-11,WARRANTY_001,train,natural,TV Sony này bảo hành chính hãng không?,WARRANTY,,"{""product"": ""resolve"", ""component"": ""extract_if_present""}",GET_VERIFIED_WARRANTY,"[""WARRANTY_DB"", ""PRODUCT_DB""]",POLICY_ANSWER,"[""Distinguish whole-product vs component warranty if data supports it.""]","[""Do not invent product, price, stock, promotion, ranking or specification."", ""Use only verified backend/system data for factual commerce claims.""]",,
WARRANTY_001-12,WARRANTY_001,train,no_accent,TV Sony nay bao hanh chinh hang khong?,WARRANTY,,"{""product"": ""resolve"", ""component"": ""extract_if_present""}",GET_VERIFIED_WARRANTY,"[""WARRANTY_DB"", ""PRODUCT_DB""]",POLICY_ANSWER,"[""Distinguish whole-product vs component warranty if data supports it.""]","[""Do not invent product, price, stock, promotion, ranking or specification."", ""Use only verified backend/system data for factual commerce claims.""]",,
WARRANTY_001-13,WARRANTY_001,train,slang,tv sony này bảo hành chính hãng ko?,WARRANTY,,"{""product"": ""resolve"", ""component"": ""extract_if_present""}",GET_VERIFIED_WARRANTY,"[""WARRANTY_DB"", ""PRODUCT_DB""]",POLICY_ANSWER,"[""Distinguish whole-product vs component warranty if data supports it.""]","[""Do not invent product, price, stock, promotion, ranking or specification."", ""Use only verified backend/system data for factual commerce claims.""]",,
RETURN_001-01,RETURN_001,train,natural,Shop có đổi trả không?,RETURN_EXCHANGE,,"{""scenario"": ""extract""}",GET_RETURN_POLICY,"[""POLICY_DB""]",POLICY_ANSWER,"[""Use current policy; if scenario needs human handling, provide escalation path.""]","[""Do not invent product, price, stock, promotion, ranking or specification."", ""Use only verified backend/system data for factual commerce claims.""]",,
RETURN_001-02,RETURN_001,train,no_accent,Shop co doi tra khong?,RETURN_EXCHANGE,,"{""scenario"": ""extract""}",GET_RETURN_POLICY,"[""POLICY_DB""]",POLICY_ANSWER,"[""Use current policy; if scenario needs human handling, provide escalation path.""]","[""Do not invent product, price, stock, promotion, ranking or specification."", ""Use only verified backend/system data for factual commerce claims.""]",,
RETURN_001-03,RETURN_001,train,slang,shop có đổi trả ko?,RETURN_EXCHANGE,,"{""scenario"": ""extract""}",GET_RETURN_POLICY,"[""POLICY_DB""]",POLICY_ANSWER,"[""Use current policy; if scenario needs human handling, provide escalation path.""]","[""Do not invent product, price, stock, promotion, ranking or specification."", ""Use only verified backend/system data for factual commerce claims.""]",,
RETURN_001-04,RETURN_001,train,natural,Mở hộp rồi có đổi được không?,RETURN_EXCHANGE,,"{""scenario"": ""extract""}",GET_RETURN_POLICY,"[""POLICY_DB""]",POLICY_ANSWER,"[""Use current policy; if scenario needs human handling, provide escalation path.""]","[""Do not invent product, price, stock, promotion, ranking or specification."", ""Use only verified backend/system data for factual commerce claims.""]",,
RETURN_001-05,RETURN_001,train,no_accent,Mo hop roi co doi duoc khong?,RETURN_EXCHANGE,,"{""scenario"": ""extract""}",GET_RETURN_POLICY,"[""POLICY_DB""]",POLICY_ANSWER,"[""Use current policy; if scenario needs human handling, provide escalation path.""]","[""Do not invent product, price, stock, promotion, ranking or specification."", ""Use only verified backend/system data for factual commerce claims.""]",,
RETURN_001-06,RETURN_001,train,slang,mở hộp rồi có đổi dc ko?,RETURN_EXCHANGE,,"{""scenario"": ""extract""}",GET_RETURN_POLICY,"[""POLICY_DB""]",POLICY_ANSWER,"[""Use current policy; if scenario needs human handling, provide escalation path.""]","[""Do not invent product, price, stock, promotion, ranking or specification."", ""Use only verified backend/system data for factual commerce claims.""]",,
RETURN_001-07,RETURN_001,train,natural,Hàng lỗi thì đổi thế nào?,RETURN_EXCHANGE,,"{""scenario"": ""extract""}",GET_RETURN_POLICY,"[""POLICY_DB""]",POLICY_ANSWER,"[""Use current policy; if scenario needs human handling, provide escalation path.""]","[""Do not invent product, price, stock, promotion, ranking or specification."", ""Use only verified backend/system data for factual commerce claims.""]",,
RETURN_001-08,RETURN_001,train,no_accent,Hang loi thi doi the nao?,RETURN_EXCHANGE,,"{""scenario"": ""extract""}",GET_RETURN_POLICY,"[""POLICY_DB""]",POLICY_ANSWER,"[""Use current policy; if scenario needs human handling, provide escalation path.""]","[""Do not invent product, price, stock, promotion, ranking or specification."", ""Use only verified backend/system data for factual commerce claims.""]",,
RETURN_001-09,RETURN_001,train,natural,Tôi mua nhầm model có đổi được không?,RETURN_EXCHANGE,,"{""scenario"": ""extract""}",GET_RETURN_POLICY,"[""POLICY_DB""]",POLICY_ANSWER,"[""Use current policy; if scenario needs human handling, provide escalation path.""]","[""Do not invent product, price, stock, promotion, ranking or specification."", ""Use only verified backend/system data for factual commerce claims.""]",,
RETURN_001-10,RETURN_001,train,no_accent,Toi mua nham model co doi duoc khong?,RETURN_EXCHANGE,,"{""scenario"": ""extract""}",GET_RETURN_POLICY,"[""POLICY_DB""]",POLICY_ANSWER,"[""Use current policy; if scenario needs human handling, provide escalation path.""]","[""Do not invent product, price, stock, promotion, ranking or specification."", ""Use only verified backend/system data for factual commerce claims.""]",,
RETURN_001-11,RETURN_001,train,slang,tôi mua nhầm model có đổi dc ko?,RETURN_EXCHANGE,,"{""scenario"": ""extract""}",GET_RETURN_POLICY,"[""POLICY_DB""]",POLICY_ANSWER,"[""Use current policy; if scenario needs human handling, provide escalation path.""]","[""Do not invent product, price, stock, promotion, ranking or specification."", ""Use only verified backend/system data for factual commerce claims.""]",,
RETURN_001-12,RETURN_001,train,natural,Sản phẩm bị móp khi giao thì xử lý thế nào?,RETURN_EXCHANGE,,"{""scenario"": ""extract""}",GET_RETURN_POLICY,"[""POLICY_DB""]",POLICY_ANSWER,"[""Use current policy; if scenario needs human handling, provide escalation path.""]","[""Do not invent product, price, stock, promotion, ranking or specification."", ""Use only verified backend/system data for factual commerce claims.""]",,
RETURN_001-13,RETURN_001,train,no_accent,San pham bi mop khi giao thi xu ly the nao?,RETURN_EXCHANGE,,"{""scenario"": ""extract""}",GET_RETURN_POLICY,"[""POLICY_DB""]",POLICY_ANSWER,"[""Use current policy; if scenario needs human handling, provide escalation path.""]","[""Do not invent product, price, stock, promotion, ranking or specification."", ""Use only verified backend/system data for factual commerce claims.""]",,
AFTER_001-01,AFTER_001,validation,natural,Điều hòa mới mua mà không mát thì làm sao?,AFTER_SALES,,"{""product_category"": ""extract"", ""symptom"": ""extract""}",BASIC_DIAGNOSTIC_AND_ESCALATE,"[""KNOWLEDGE_DB"", ""SERVICE_POLICY""]",SAFE_TROUBLESHOOTING,"[""Give only safe basic checks and advise service escalation where appropriate.""]","[""Do not invent product, price, stock, promotion, ranking or specification."", ""Use only verified backend/system data for factual commerce claims."", ""Do not instruct unsafe electrical disassembly.""]",,
AFTER_001-02,AFTER_001,validation,no_accent,Dieu hoa moi mua ma khong mat thi lam sao?,AFTER_SALES,,"{""product_category"": ""extract"", ""symptom"": ""extract""}",BASIC_DIAGNOSTIC_AND_ESCALATE,"[""KNOWLEDGE_DB"", ""SERVICE_POLICY""]",SAFE_TROUBLESHOOTING,"[""Give only safe basic checks and advise service escalation where appropriate.""]","[""Do not invent product, price, stock, promotion, ranking or specification."", ""Use only verified backend/system data for factual commerce claims."", ""Do not instruct unsafe electrical disassembly.""]",,
AFTER_001-03,AFTER_001,validation,slang,dieu hoa mới mua mà ko mát thì làm sao?,AFTER_SALES,,"{""product_category"": ""extract"", ""symptom"": ""extract""}",BASIC_DIAGNOSTIC_AND_ESCALATE,"[""KNOWLEDGE_DB"", ""SERVICE_POLICY""]",SAFE_TROUBLESHOOTING,"[""Give only safe basic checks and advise service escalation where appropriate.""]","[""Do not invent product, price, stock, promotion, ranking or specification."", ""Use only verified backend/system data for factual commerce claims."", ""Do not instruct unsafe electrical disassembly.""]",,
AFTER_001-04,AFTER_001,validation,natural,Máy giặt rung mạnh khi vắt,AFTER_SALES,,"{""product_category"": ""extract"", ""symptom"": ""extract""}",BASIC_DIAGNOSTIC_AND_ESCALATE,"[""KNOWLEDGE_DB"", ""SERVICE_POLICY""]",SAFE_TROUBLESHOOTING,"[""Give only safe basic checks and advise service escalation where appropriate.""]","[""Do not invent product, price, stock, promotion, ranking or specification."", ""Use only verified backend/system data for factual commerce claims."", ""Do not instruct unsafe electrical disassembly.""]",,
AFTER_001-05,AFTER_001,validation,no_accent,May giat rung manh khi vat,AFTER_SALES,,"{""product_category"": ""extract"", ""symptom"": ""extract""}",BASIC_DIAGNOSTIC_AND_ESCALATE,"[""KNOWLEDGE_DB"", ""SERVICE_POLICY""]",SAFE_TROUBLESHOOTING,"[""Give only safe basic checks and advise service escalation where appropriate.""]","[""Do not invent product, price, stock, promotion, ranking or specification."", ""Use only verified backend/system data for factual commerce claims."", ""Do not instruct unsafe electrical disassembly.""]",,
AFTER_001-06,AFTER_001,validation,slang,may giat rung mạnh khi vắt,AFTER_SALES,,"{""product_category"": ""extract"", ""symptom"": ""extract""}",BASIC_DIAGNOSTIC_AND_ESCALATE,"[""KNOWLEDGE_DB"", ""SERVICE_POLICY""]",SAFE_TROUBLESHOOTING,"[""Give only safe basic checks and advise service escalation where appropriate.""]","[""Do not invent product, price, stock, promotion, ranking or specification."", ""Use only verified backend/system data for factual commerce claims."", ""Do not instruct unsafe electrical disassembly.""]",,
AFTER_001-07,AFTER_001,validation,natural,Tủ lạnh bị đọng nước,AFTER_SALES,,"{""product_category"": ""extract"", ""symptom"": ""extract""}",BASIC_DIAGNOSTIC_AND_ESCALATE,"[""KNOWLEDGE_DB"", ""SERVICE_POLICY""]",SAFE_TROUBLESHOOTING,"[""Give only safe basic checks and advise service escalation where appropriate.""]","[""Do not invent product, price, stock, promotion, ranking or specification."", ""Use only verified backend/system data for factual commerce claims."", ""Do not instruct unsafe electrical disassembly.""]",,
AFTER_001-08,AFTER_001,validation,no_accent,Tu lanh bi dong nuoc,AFTER_SALES,,"{""product_category"": ""extract"", ""symptom"": ""extract""}",BASIC_DIAGNOSTIC_AND_ESCALATE,"[""KNOWLEDGE_DB"", ""SERVICE_POLICY""]",SAFE_TROUBLESHOOTING,"[""Give only safe basic checks and advise service escalation where appropriate.""]","[""Do not invent product, price, stock, promotion, ranking or specification."", ""Use only verified backend/system data for factual commerce claims."", ""Do not instruct unsafe electrical disassembly.""]",,
AFTER_001-09,AFTER_001,validation,slang,tu lanh bị đọng nước,AFTER_SALES,,"{""product_category"": ""extract"", ""symptom"": ""extract""}",BASIC_DIAGNOSTIC_AND_ESCALATE,"[""KNOWLEDGE_DB"", ""SERVICE_POLICY""]",SAFE_TROUBLESHOOTING,"[""Give only safe basic checks and advise service escalation where appropriate.""]","[""Do not invent product, price, stock, promotion, ranking or specification."", ""Use only verified backend/system data for factual commerce claims."", ""Do not instruct unsafe electrical disassembly.""]",,
AFTER_001-10,AFTER_001,validation,natural,TV mới mua không bắt được Wi-Fi,AFTER_SALES,,"{""product_category"": ""extract"", ""symptom"": ""extract""}",BASIC_DIAGNOSTIC_AND_ESCALATE,"[""KNOWLEDGE_DB"", ""SERVICE_POLICY""]",SAFE_TROUBLESHOOTING,"[""Give only safe basic checks and advise service escalation where appropriate.""]","[""Do not invent product, price, stock, promotion, ranking or specification."", ""Use only verified backend/system data for factual commerce claims."", ""Do not instruct unsafe electrical disassembly.""]",,
AFTER_001-11,AFTER_001,validation,no_accent,TV moi mua khong bat duoc Wi-Fi,AFTER_SALES,,"{""product_category"": ""extract"", ""symptom"": ""extract""}",BASIC_DIAGNOSTIC_AND_ESCALATE,"[""KNOWLEDGE_DB"", ""SERVICE_POLICY""]",SAFE_TROUBLESHOOTING,"[""Give only safe basic checks and advise service escalation where appropriate.""]","[""Do not invent product, price, stock, promotion, ranking or specification."", ""Use only verified backend/system data for factual commerce claims."", ""Do not instruct unsafe electrical disassembly.""]",,
AFTER_001-12,AFTER_001,validation,slang,tv mới mua ko bắt dc wi-fi,AFTER_SALES,,"{""product_category"": ""extract"", ""symptom"": ""extract""}",BASIC_DIAGNOSTIC_AND_ESCALATE,"[""KNOWLEDGE_DB"", ""SERVICE_POLICY""]",SAFE_TROUBLESHOOTING,"[""Give only safe basic checks and advise service escalation where appropriate.""]","[""Do not invent product, price, stock, promotion, ranking or specification."", ""Use only verified backend/system data for factual commerce claims."", ""Do not instruct unsafe electrical disassembly.""]",,
AFTER_001-13,AFTER_001,validation,natural,Máy sấy kêu to bất thường,AFTER_SALES,,"{""product_category"": ""extract"", ""symptom"": ""extract""}",BASIC_DIAGNOSTIC_AND_ESCALATE,"[""KNOWLEDGE_DB"", ""SERVICE_POLICY""]",SAFE_TROUBLESHOOTING,"[""Give only safe basic checks and advise service escalation where appropriate.""]","[""Do not invent product, price, stock, promotion, ranking or specification."", ""Use only verified backend/system data for factual commerce claims."", ""Do not instruct unsafe electrical disassembly.""]",,
AFTER_001-14,AFTER_001,validation,no_accent,May say keu to bat thuong,AFTER_SALES,,"{""product_category"": ""extract"", ""symptom"": ""extract""}",BASIC_DIAGNOSTIC_AND_ESCALATE,"[""KNOWLEDGE_DB"", ""SERVICE_POLICY""]",SAFE_TROUBLESHOOTING,"[""Give only safe basic checks and advise service escalation where appropriate.""]","[""Do not invent product, price, stock, promotion, ranking or specification."", ""Use only verified backend/system data for factual commerce claims."", ""Do not instruct unsafe electrical disassembly.""]",,
VARIANT_001-01,VARIANT_001,train,natural,Mẫu này có màu đen không?,VARIANT_AVAILABILITY,,"{""product_family"": ""resolve"", ""variant"": ""extract""}",QUERY_VARIANTS,"[""PRODUCT_DB"", ""VARIANT_DB""]",DIRECT_TEMPLATE,"[""Return only real variants/SKUs.""]","[""Do not invent product, price, stock, promotion, ranking or specification."", ""Use only verified backend/system data for factual commerce claims.""]",,
VARIANT_001-02,VARIANT_001,train,no_accent,Mau nay co mau den khong?,VARIANT_AVAILABILITY,,"{""product_family"": ""resolve"", ""variant"": ""extract""}",QUERY_VARIANTS,"[""PRODUCT_DB"", ""VARIANT_DB""]",DIRECT_TEMPLATE,"[""Return only real variants/SKUs.""]","[""Do not invent product, price, stock, promotion, ranking or specification."", ""Use only verified backend/system data for factual commerce claims.""]",,
VARIANT_001-03,VARIANT_001,train,slang,mẫu này có màu đen ko?,VARIANT_AVAILABILITY,,"{""product_family"": ""resolve"", ""variant"": ""extract""}",QUERY_VARIANTS,"[""PRODUCT_DB"", ""VARIANT_DB""]",DIRECT_TEMPLATE,"[""Return only real variants/SKUs.""]","[""Do not invent product, price, stock, promotion, ranking or specification."", ""Use only verified backend/system data for factual commerce claims.""]",,
VARIANT_001-04,VARIANT_001,train,natural,Có bản 12kg không?,VARIANT_AVAILABILITY,,"{""product_family"": ""resolve"", ""variant"": ""extract""}",QUERY_VARIANTS,"[""PRODUCT_DB"", ""VARIANT_DB""]",DIRECT_TEMPLATE,"[""Return only real variants/SKUs.""]","[""Do not invent product, price, stock, promotion, ranking or specification."", ""Use only verified backend/system data for factual commerce claims.""]",,
VARIANT_001-05,VARIANT_001,train,no_accent,Co ban 12kg khong?,VARIANT_AVAILABILITY,,"{""product_family"": ""resolve"", ""variant"": ""extract""}",QUERY_VARIANTS,"[""PRODUCT_DB"", ""VARIANT_DB""]",DIRECT_TEMPLATE,"[""Return only real variants/SKUs.""]","[""Do not invent product, price, stock, promotion, ranking or specification."", ""Use only verified backend/system data for factual commerce claims.""]",,
VARIANT_001-06,VARIANT_001,train,slang,có bản 12kg ko?,VARIANT_AVAILABILITY,,"{""product_family"": ""resolve"", ""variant"": ""extract""}",QUERY_VARIANTS,"[""PRODUCT_DB"", ""VARIANT_DB""]",DIRECT_TEMPLATE,"[""Return only real variants/SKUs.""]","[""Do not invent product, price, stock, promotion, ranking or specification."", ""Use only verified backend/system data for factual commerce claims.""]",,
VARIANT_001-07,VARIANT_001,train,natural,TV này có size 75 inch không?,VARIANT_AVAILABILITY,,"{""product_family"": ""resolve"", ""variant"": ""extract""}",QUERY_VARIANTS,"[""PRODUCT_DB"", ""VARIANT_DB""]",DIRECT_TEMPLATE,"[""Return only real variants/SKUs.""]","[""Do not invent product, price, stock, promotion, ranking or specification."", ""Use only verified backend/system data for factual commerce claims.""]",,
VARIANT_001-08,VARIANT_001,train,no_accent,TV nay co size 75 inch khong?,VARIANT_AVAILABILITY,,"{""product_family"": ""resolve"", ""variant"": ""extract""}",QUERY_VARIANTS,"[""PRODUCT_DB"", ""VARIANT_DB""]",DIRECT_TEMPLATE,"[""Return only real variants/SKUs.""]","[""Do not invent product, price, stock, promotion, ranking or specification."", ""Use only verified backend/system data for factual commerce claims.""]",,
VARIANT_001-09,VARIANT_001,train,slang,tv này có size 75 inch ko?,VARIANT_AVAILABILITY,,"{""product_family"": ""resolve"", ""variant"": ""extract""}",QUERY_VARIANTS,"[""PRODUCT_DB"", ""VARIANT_DB""]",DIRECT_TEMPLATE,"[""Return only real variants/SKUs.""]","[""Do not invent product, price, stock, promotion, ranking or specification."", ""Use only verified backend/system data for factual commerce claims.""]",,
VARIANT_001-10,VARIANT_001,train,natural,Tủ lạnh này có màu bạc không?,VARIANT_AVAILABILITY,,"{""product_family"": ""resolve"", ""variant"": ""extract""}",QUERY_VARIANTS,"[""PRODUCT_DB"", ""VARIANT_DB""]",DIRECT_TEMPLATE,"[""Return only real variants/SKUs.""]","[""Do not invent product, price, stock, promotion, ranking or specification."", ""Use only verified backend/system data for factual commerce claims.""]",,
VARIANT_001-11,VARIANT_001,train,no_accent,Tu lanh nay co mau bac khong?,VARIANT_AVAILABILITY,,"{""product_family"": ""resolve"", ""variant"": ""extract""}",QUERY_VARIANTS,"[""PRODUCT_DB"", ""VARIANT_DB""]",DIRECT_TEMPLATE,"[""Return only real variants/SKUs.""]","[""Do not invent product, price, stock, promotion, ranking or specification."", ""Use only verified backend/system data for factual commerce claims.""]",,
VARIANT_001-12,VARIANT_001,train,slang,tu lanh này có màu bạc ko?,VARIANT_AVAILABILITY,,"{""product_family"": ""resolve"", ""variant"": ""extract""}",QUERY_VARIANTS,"[""PRODUCT_DB"", ""VARIANT_DB""]",DIRECT_TEMPLATE,"[""Return only real variants/SKUs.""]","[""Do not invent product, price, stock, promotion, ranking or specification."", ""Use only verified backend/system data for factual commerce claims.""]",,
VARIANT_001-13,VARIANT_001,train,natural,Điều hòa này có bản 18000 BTU không?,VARIANT_AVAILABILITY,,"{""product_family"": ""resolve"", ""variant"": ""extract""}",QUERY_VARIANTS,"[""PRODUCT_DB"", ""VARIANT_DB""]",DIRECT_TEMPLATE,"[""Return only real variants/SKUs.""]","[""Do not invent product, price, stock, promotion, ranking or specification."", ""Use only verified backend/system data for factual commerce claims.""]",,
VARIANT_001-14,VARIANT_001,train,no_accent,Dieu hoa nay co ban 18000 BTU khong?,VARIANT_AVAILABILITY,,"{""product_family"": ""resolve"", ""variant"": ""extract""}",QUERY_VARIANTS,"[""PRODUCT_DB"", ""VARIANT_DB""]",DIRECT_TEMPLATE,"[""Return only real variants/SKUs.""]","[""Do not invent product, price, stock, promotion, ranking or specification."", ""Use only verified backend/system data for factual commerce claims.""]",,
VARIANT_001-15,VARIANT_001,train,slang,dieu hoa này có bản 18000 btu ko?,VARIANT_AVAILABILITY,,"{""product_family"": ""resolve"", ""variant"": ""extract""}",QUERY_VARIANTS,"[""PRODUCT_DB"", ""VARIANT_DB""]",DIRECT_TEMPLATE,"[""Return only real variants/SKUs.""]","[""Do not invent product, price, stock, promotion, ranking or specification."", ""Use only verified backend/system data for factual commerce claims.""]",,
B2B_001-01,B2B_001,test,natural,Tôi cần mua 10 điều hòa cho văn phòng,COMMERCIAL_B2B,,"{""quantity"": ""extract_if_present"", ""category"": ""extract"", ""project_type"": ""extract_if_present""}",B2B_DISCOVERY_OR_HANDOFF,"[""B2B_POLICY"", ""PRODUCT_DB""]",B2B_FLOW,"[""Collect only minimum details needed for quote and use verified B2B policy.""]","[""Do not invent product, price, stock, promotion, ranking or specification."", ""Use only verified backend/system data for factual commerce claims.""]",,
B2B_001-02,B2B_001,test,no_accent,Toi can mua 10 dieu hoa cho van phong,COMMERCIAL_B2B,,"{""quantity"": ""extract_if_present"", ""category"": ""extract"", ""project_type"": ""extract_if_present""}",B2B_DISCOVERY_OR_HANDOFF,"[""B2B_POLICY"", ""PRODUCT_DB""]",B2B_FLOW,"[""Collect only minimum details needed for quote and use verified B2B policy.""]","[""Do not invent product, price, stock, promotion, ranking or specification."", ""Use only verified backend/system data for factual commerce claims.""]",,
B2B_001-03,B2B_001,test,slang,tôi cần mua 10 dieu hoa cho văn phong,COMMERCIAL_B2B,,"{""quantity"": ""extract_if_present"", ""category"": ""extract"", ""project_type"": ""extract_if_present""}",B2B_DISCOVERY_OR_HANDOFF,"[""B2B_POLICY"", ""PRODUCT_DB""]",B2B_FLOW,"[""Collect only minimum details needed for quote and use verified B2B policy.""]","[""Do not invent product, price, stock, promotion, ranking or specification."", ""Use only verified backend/system data for factual commerce claims.""]",,
B2B_001-04,B2B_001,test,natural,Khách sạn cần khoảng 30 TV,COMMERCIAL_B2B,,"{""quantity"": ""extract_if_present"", ""category"": ""extract"", ""project_type"": ""extract_if_present""}",B2B_DISCOVERY_OR_HANDOFF,"[""B2B_POLICY"", ""PRODUCT_DB""]",B2B_FLOW,"[""Collect only minimum details needed for quote and use verified B2B policy.""]","[""Do not invent product, price, stock, promotion, ranking or specification."", ""Use only verified backend/system data for factual commerce claims.""]",,
B2B_001-05,B2B_001,test,no_accent,Khach san can khoang 30 TV,COMMERCIAL_B2B,,"{""quantity"": ""extract_if_present"", ""category"": ""extract"", ""project_type"": ""extract_if_present""}",B2B_DISCOVERY_OR_HANDOFF,"[""B2B_POLICY"", ""PRODUCT_DB""]",B2B_FLOW,"[""Collect only minimum details needed for quote and use verified B2B policy.""]","[""Do not invent product, price, stock, promotion, ranking or specification."", ""Use only verified backend/system data for factual commerce claims.""]",,
B2B_001-06,B2B_001,test,natural,Mua 20 tủ lạnh có giá dự án không?,COMMERCIAL_B2B,,"{""quantity"": ""extract_if_present"", ""category"": ""extract"", ""project_type"": ""extract_if_present""}",B2B_DISCOVERY_OR_HANDOFF,"[""B2B_POLICY"", ""PRODUCT_DB""]",B2B_FLOW,"[""Collect only minimum details needed for quote and use verified B2B policy.""]","[""Do not invent product, price, stock, promotion, ranking or specification."", ""Use only verified backend/system data for factual commerce claims.""]",,
B2B_001-07,B2B_001,test,no_accent,Mua 20 tu lanh co gia du an khong?,COMMERCIAL_B2B,,"{""quantity"": ""extract_if_present"", ""category"": ""extract"", ""project_type"": ""extract_if_present""}",B2B_DISCOVERY_OR_HANDOFF,"[""B2B_POLICY"", ""PRODUCT_DB""]",B2B_FLOW,"[""Collect only minimum details needed for quote and use verified B2B policy.""]","[""Do not invent product, price, stock, promotion, ranking or specification."", ""Use only verified backend/system data for factual commerce claims.""]",,
B2B_001-08,B2B_001,test,slang,mua 20 tu lanh có gia dự án ko?,COMMERCIAL_B2B,,"{""quantity"": ""extract_if_present"", ""category"": ""extract"", ""project_type"": ""extract_if_present""}",B2B_DISCOVERY_OR_HANDOFF,"[""B2B_POLICY"", ""PRODUCT_DB""]",B2B_FLOW,"[""Collect only minimum details needed for quote and use verified B2B policy.""]","[""Do not invent product, price, stock, promotion, ranking or specification."", ""Use only verified backend/system data for factual commerce claims.""]",,
B2B_001-09,B2B_001,test,natural,Tôi cần trang bị máy giặt cho khu căn hộ,COMMERCIAL_B2B,,"{""quantity"": ""extract_if_present"", ""category"": ""extract"", ""project_type"": ""extract_if_present""}",B2B_DISCOVERY_OR_HANDOFF,"[""B2B_POLICY"", ""PRODUCT_DB""]",B2B_FLOW,"[""Collect only minimum details needed for quote and use verified B2B policy.""]","[""Do not invent product, price, stock, promotion, ranking or specification."", ""Use only verified backend/system data for factual commerce claims.""]",,
B2B_001-10,B2B_001,test,no_accent,Toi can trang bi may giat cho khu can ho,COMMERCIAL_B2B,,"{""quantity"": ""extract_if_present"", ""category"": ""extract"", ""project_type"": ""extract_if_present""}",B2B_DISCOVERY_OR_HANDOFF,"[""B2B_POLICY"", ""PRODUCT_DB""]",B2B_FLOW,"[""Collect only minimum details needed for quote and use verified B2B policy.""]","[""Do not invent product, price, stock, promotion, ranking or specification."", ""Use only verified backend/system data for factual commerce claims.""]",,
B2B_001-11,B2B_001,test,slang,tôi cần trang bị may giat cho khu căn hộ,COMMERCIAL_B2B,,"{""quantity"": ""extract_if_present"", ""category"": ""extract"", ""project_type"": ""extract_if_present""}",B2B_DISCOVERY_OR_HANDOFF,"[""B2B_POLICY"", ""PRODUCT_DB""]",B2B_FLOW,"[""Collect only minimum details needed for quote and use verified B2B policy.""]","[""Do not invent product, price, stock, promotion, ranking or specification."", ""Use only verified backend/system data for factual commerce claims.""]",,
B2B_001-12,B2B_001,test,natural,Mua số lượng lớn bên mình có chiết khấu không?,COMMERCIAL_B2B,,"{""quantity"": ""extract_if_present"", ""category"": ""extract"", ""project_type"": ""extract_if_present""}",B2B_DISCOVERY_OR_HANDOFF,"[""B2B_POLICY"", ""PRODUCT_DB""]",B2B_FLOW,"[""Collect only minimum details needed for quote and use verified B2B policy.""]","[""Do not invent product, price, stock, promotion, ranking or specification."", ""Use only verified backend/system data for factual commerce claims.""]",,
B2B_001-13,B2B_001,test,no_accent,Mua so luong lon ben minh co chiet khau khong?,COMMERCIAL_B2B,,"{""quantity"": ""extract_if_present"", ""category"": ""extract"", ""project_type"": ""extract_if_present""}",B2B_DISCOVERY_OR_HANDOFF,"[""B2B_POLICY"", ""PRODUCT_DB""]",B2B_FLOW,"[""Collect only minimum details needed for quote and use verified B2B policy.""]","[""Do not invent product, price, stock, promotion, ranking or specification."", ""Use only verified backend/system data for factual commerce claims.""]",,
B2B_001-14,B2B_001,test,slang,mua số lượng lớn bên mình có chiết khấu ko?,COMMERCIAL_B2B,,"{""quantity"": ""extract_if_present"", ""category"": ""extract"", ""project_type"": ""extract_if_present""}",B2B_DISCOVERY_OR_HANDOFF,"[""B2B_POLICY"", ""PRODUCT_DB""]",B2B_FLOW,"[""Collect only minimum details needed for quote and use verified B2B policy.""]","[""Do not invent product, price, stock, promotion, ranking or specification."", ""Use only verified backend/system data for factual commerce claims.""]",,
QUOTE_001-01,QUOTE_001,train,natural,Báo giá 5 điều hòa Daikin 18000 BTU,QUOTE_REQUEST,,"{""quantity"": ""extract"", ""category_or_product"": ""extract"", ""brand"": ""extract_if_present""}",BUILD_QUOTE_FROM_VERIFIED_DATA,"[""PRICE_SERVICE"", ""PRODUCT_DB"", ""QUOTE_SERVICE""]",QUOTE_FLOW,"[""Use current product price/stock/promotion and clearly separate tentative vs confirmed project pricing.""]","[""Do not invent product, price, stock, promotion, ranking or specification."", ""Use only verified backend/system data for factual commerce claims.""]",,
QUOTE_001-02,QUOTE_001,train,no_accent,Bao gia 5 dieu hoa Daikin 18000 BTU,QUOTE_REQUEST,,"{""quantity"": ""extract"", ""category_or_product"": ""extract"", ""brand"": ""extract_if_present""}",BUILD_QUOTE_FROM_VERIFIED_DATA,"[""PRICE_SERVICE"", ""PRODUCT_DB"", ""QUOTE_SERVICE""]",QUOTE_FLOW,"[""Use current product price/stock/promotion and clearly separate tentative vs confirmed project pricing.""]","[""Do not invent product, price, stock, promotion, ranking or specification."", ""Use only verified backend/system data for factual commerce claims.""]",,
QUOTE_001-03,QUOTE_001,train,slang,báo gia 5 dieu hoa daikin 18000 btu,QUOTE_REQUEST,,"{""quantity"": ""extract"", ""category_or_product"": ""extract"", ""brand"": ""extract_if_present""}",BUILD_QUOTE_FROM_VERIFIED_DATA,"[""PRICE_SERVICE"", ""PRODUCT_DB"", ""QUOTE_SERVICE""]",QUOTE_FLOW,"[""Use current product price/stock/promotion and clearly separate tentative vs confirmed project pricing.""]","[""Do not invent product, price, stock, promotion, ranking or specification."", ""Use only verified backend/system data for factual commerce claims.""]",,
QUOTE_001-04,QUOTE_001,train,natural,Xuất báo giá 10 TV 55 inch,QUOTE_REQUEST,,"{""quantity"": ""extract"", ""category_or_product"": ""extract"", ""brand"": ""extract_if_present""}",BUILD_QUOTE_FROM_VERIFIED_DATA,"[""PRICE_SERVICE"", ""PRODUCT_DB"", ""QUOTE_SERVICE""]",QUOTE_FLOW,"[""Use current product price/stock/promotion and clearly separate tentative vs confirmed project pricing.""]","[""Do not invent product, price, stock, promotion, ranking or specification."", ""Use only verified backend/system data for factual commerce claims.""]",,
QUOTE_001-05,QUOTE_001,train,no_accent,Xuat bao gia 10 TV 55 inch,QUOTE_REQUEST,,"{""quantity"": ""extract"", ""category_or_product"": ""extract"", ""brand"": ""extract_if_present""}",BUILD_QUOTE_FROM_VERIFIED_DATA,"[""PRICE_SERVICE"", ""PRODUCT_DB"", ""QUOTE_SERVICE""]",QUOTE_FLOW,"[""Use current product price/stock/promotion and clearly separate tentative vs confirmed project pricing.""]","[""Do not invent product, price, stock, promotion, ranking or specification."", ""Use only verified backend/system data for factual commerce claims.""]",,
QUOTE_001-06,QUOTE_001,train,slang,xuất báo gia 10 tv 55 inch,QUOTE_REQUEST,,"{""quantity"": ""extract"", ""category_or_product"": ""extract"", ""brand"": ""extract_if_present""}",BUILD_QUOTE_FROM_VERIFIED_DATA,"[""PRICE_SERVICE"", ""PRODUCT_DB"", ""QUOTE_SERVICE""]",QUOTE_FLOW,"[""Use current product price/stock/promotion and clearly separate tentative vs confirmed project pricing.""]","[""Do not invent product, price, stock, promotion, ranking or specification."", ""Use only verified backend/system data for factual commerce claims.""]",,
QUOTE_001-07,QUOTE_001,train,natural,Cho tôi giá dự án 20 máy giặt,QUOTE_REQUEST,,"{""quantity"": ""extract"", ""category_or_product"": ""extract"", ""brand"": ""extract_if_present""}",BUILD_QUOTE_FROM_VERIFIED_DATA,"[""PRICE_SERVICE"", ""PRODUCT_DB"", ""QUOTE_SERVICE""]",QUOTE_FLOW,"[""Use current product price/stock/promotion and clearly separate tentative vs confirmed project pricing.""]","[""Do not invent product, price, stock, promotion, ranking or specification."", ""Use only verified backend/system data for factual commerce claims.""]",,
QUOTE_001-08,QUOTE_001,train,no_accent,Cho toi gia du an 20 may giat,QUOTE_REQUEST,,"{""quantity"": ""extract"", ""category_or_product"": ""extract"", ""brand"": ""extract_if_present""}",BUILD_QUOTE_FROM_VERIFIED_DATA,"[""PRICE_SERVICE"", ""PRODUCT_DB"", ""QUOTE_SERVICE""]",QUOTE_FLOW,"[""Use current product price/stock/promotion and clearly separate tentative vs confirmed project pricing.""]","[""Do not invent product, price, stock, promotion, ranking or specification."", ""Use only verified backend/system data for factual commerce claims.""]",,
QUOTE_001-09,QUOTE_001,train,slang,cho tôi gia dự án 20 may giat,QUOTE_REQUEST,,"{""quantity"": ""extract"", ""category_or_product"": ""extract"", ""brand"": ""extract_if_present""}",BUILD_QUOTE_FROM_VERIFIED_DATA,"[""PRICE_SERVICE"", ""PRODUCT_DB"", ""QUOTE_SERVICE""]",QUOTE_FLOW,"[""Use current product price/stock/promotion and clearly separate tentative vs confirmed project pricing.""]","[""Do not invent product, price, stock, promotion, ranking or specification."", ""Use only verified backend/system data for factual commerce claims.""]",,
QUOTE_001-10,QUOTE_001,train,natural,Báo giá giúp 3 tủ lạnh Panasonic,QUOTE_REQUEST,,"{""quantity"": ""extract"", ""category_or_product"": ""extract"", ""brand"": ""extract_if_present""}",BUILD_QUOTE_FROM_VERIFIED_DATA,"[""PRICE_SERVICE"", ""PRODUCT_DB"", ""QUOTE_SERVICE""]",QUOTE_FLOW,"[""Use current product price/stock/promotion and clearly separate tentative vs confirmed project pricing.""]","[""Do not invent product, price, stock, promotion, ranking or specification."", ""Use only verified backend/system data for factual commerce claims.""]",,
QUOTE_001-11,QUOTE_001,train,no_accent,Bao gia giup 3 tu lanh Panasonic,QUOTE_REQUEST,,"{""quantity"": ""extract"", ""category_or_product"": ""extract"", ""brand"": ""extract_if_present""}",BUILD_QUOTE_FROM_VERIFIED_DATA,"[""PRICE_SERVICE"", ""PRODUCT_DB"", ""QUOTE_SERVICE""]",QUOTE_FLOW,"[""Use current product price/stock/promotion and clearly separate tentative vs confirmed project pricing.""]","[""Do not invent product, price, stock, promotion, ranking or specification."", ""Use only verified backend/system data for factual commerce claims.""]",,
QUOTE_001-12,QUOTE_001,train,slang,báo gia giúp 3 tu lanh panasonic,QUOTE_REQUEST,,"{""quantity"": ""extract"", ""category_or_product"": ""extract"", ""brand"": ""extract_if_present""}",BUILD_QUOTE_FROM_VERIFIED_DATA,"[""PRICE_SERVICE"", ""PRODUCT_DB"", ""QUOTE_SERVICE""]",QUOTE_FLOW,"[""Use current product price/stock/promotion and clearly separate tentative vs confirmed project pricing.""]","[""Do not invent product, price, stock, promotion, ranking or specification."", ""Use only verified backend/system data for factual commerce claims.""]",,
QUOTE_001-13,QUOTE_001,train,natural,Tôi cần báo giá combo điện máy cho 5 căn hộ,QUOTE_REQUEST,,"{""quantity"": ""extract"", ""category_or_product"": ""extract"", ""brand"": ""extract_if_present""}",BUILD_QUOTE_FROM_VERIFIED_DATA,"[""PRICE_SERVICE"", ""PRODUCT_DB"", ""QUOTE_SERVICE""]",QUOTE_FLOW,"[""Use current product price/stock/promotion and clearly separate tentative vs confirmed project pricing.""]","[""Do not invent product, price, stock, promotion, ranking or specification."", ""Use only verified backend/system data for factual commerce claims.""]",,
QUOTE_001-14,QUOTE_001,train,no_accent,Toi can bao gia combo dien may cho 5 can ho,QUOTE_REQUEST,,"{""quantity"": ""extract"", ""category_or_product"": ""extract"", ""brand"": ""extract_if_present""}",BUILD_QUOTE_FROM_VERIFIED_DATA,"[""PRICE_SERVICE"", ""PRODUCT_DB"", ""QUOTE_SERVICE""]",QUOTE_FLOW,"[""Use current product price/stock/promotion and clearly separate tentative vs confirmed project pricing.""]","[""Do not invent product, price, stock, promotion, ranking or specification."", ""Use only verified backend/system data for factual commerce claims.""]",,
QUOTE_001-15,QUOTE_001,train,slang,tôi cần báo gia combo điện máy cho 5 căn hộ,QUOTE_REQUEST,,"{""quantity"": ""extract"", ""category_or_product"": ""extract"", ""brand"": ""extract_if_present""}",BUILD_QUOTE_FROM_VERIFIED_DATA,"[""PRICE_SERVICE"", ""PRODUCT_DB"", ""QUOTE_SERVICE""]",QUOTE_FLOW,"[""Use current product price/stock/promotion and clearly separate tentative vs confirmed project pricing.""]","[""Do not invent product, price, stock, promotion, ranking or specification."", ""Use only verified backend/system data for factual commerce claims.""]",,
COMPAT_001-01,COMPAT_001,train,natural,Điều khiển này dùng được cho model điều hòa nào?,COMPATIBILITY,,"{""product_or_accessory"": ""resolve"", ""target"": ""resolve""}",VERIFY_COMPATIBILITY,"[""COMPATIBILITY_DB"", ""PRODUCT_DB""]",DIRECT_WITH_CAVEAT,"[""Only confirm compatibility when verified by structured data or official knowledge.""]","[""Do not invent product, price, stock, promotion, ranking or specification."", ""Use only verified backend/system data for factual commerce claims.""]",,
COMPAT_001-02,COMPAT_001,train,no_accent,Dieu khien nay dung duoc cho model dieu hoa nao?,COMPATIBILITY,,"{""product_or_accessory"": ""resolve"", ""target"": ""resolve""}",VERIFY_COMPATIBILITY,"[""COMPATIBILITY_DB"", ""PRODUCT_DB""]",DIRECT_WITH_CAVEAT,"[""Only confirm compatibility when verified by structured data or official knowledge.""]","[""Do not invent product, price, stock, promotion, ranking or specification."", ""Use only verified backend/system data for factual commerce claims.""]",,
COMPAT_001-03,COMPAT_001,train,slang,điều khiển này dùng dc cho model dieu hoa nào?,COMPATIBILITY,,"{""product_or_accessory"": ""resolve"", ""target"": ""resolve""}",VERIFY_COMPATIBILITY,"[""COMPATIBILITY_DB"", ""PRODUCT_DB""]",DIRECT_WITH_CAVEAT,"[""Only confirm compatibility when verified by structured data or official knowledge.""]","[""Do not invent product, price, stock, promotion, ranking or specification."", ""Use only verified backend/system data for factual commerce claims.""]",,
COMPAT_001-04,COMPAT_001,train,natural,Chân treo TV này có hợp TV 65 inch không?,COMPATIBILITY,,"{""product_or_accessory"": ""resolve"", ""target"": ""resolve""}",VERIFY_COMPATIBILITY,"[""COMPATIBILITY_DB"", ""PRODUCT_DB""]",DIRECT_WITH_CAVEAT,"[""Only confirm compatibility when verified by structured data or official knowledge.""]","[""Do not invent product, price, stock, promotion, ranking or specification."", ""Use only verified backend/system data for factual commerce claims.""]",,
COMPAT_001-05,COMPAT_001,train,no_accent,Chan treo TV nay co hop TV 65 inch khong?,COMPATIBILITY,,"{""product_or_accessory"": ""resolve"", ""target"": ""resolve""}",VERIFY_COMPATIBILITY,"[""COMPATIBILITY_DB"", ""PRODUCT_DB""]",DIRECT_WITH_CAVEAT,"[""Only confirm compatibility when verified by structured data or official knowledge.""]","[""Do not invent product, price, stock, promotion, ranking or specification."", ""Use only verified backend/system data for factual commerce claims.""]",,
COMPAT_001-06,COMPAT_001,train,slang,chân treo tv này có hợp tv 65 inch ko?,COMPATIBILITY,,"{""product_or_accessory"": ""resolve"", ""target"": ""resolve""}",VERIFY_COMPATIBILITY,"[""COMPATIBILITY_DB"", ""PRODUCT_DB""]",DIRECT_WITH_CAVEAT,"[""Only confirm compatibility when verified by structured data or official knowledge.""]","[""Do not invent product, price, stock, promotion, ranking or specification."", ""Use only verified backend/system data for factual commerce claims.""]",,
COMPAT_001-07,COMPAT_001,train,natural,Ống đồng cỡ nào dùng cho điều hòa 12000 BTU?,COMPATIBILITY,,"{""product_or_accessory"": ""resolve"", ""target"": ""resolve""}",VERIFY_COMPATIBILITY,"[""COMPATIBILITY_DB"", ""PRODUCT_DB""]",DIRECT_WITH_CAVEAT,"[""Only confirm compatibility when verified by structured data or official knowledge.""]","[""Do not invent product, price, stock, promotion, ranking or specification."", ""Use only verified backend/system data for factual commerce claims.""]",,
COMPAT_001-08,COMPAT_001,train,no_accent,Ong dong co nao dung cho dieu hoa 12000 BTU?,COMPATIBILITY,,"{""product_or_accessory"": ""resolve"", ""target"": ""resolve""}",VERIFY_COMPATIBILITY,"[""COMPATIBILITY_DB"", ""PRODUCT_DB""]",DIRECT_WITH_CAVEAT,"[""Only confirm compatibility when verified by structured data or official knowledge.""]","[""Do not invent product, price, stock, promotion, ranking or specification."", ""Use only verified backend/system data for factual commerce claims.""]",,
COMPAT_001-09,COMPAT_001,train,slang,ống đồng cỡ nào dùng cho dieu hoa 12000 btu?,COMPATIBILITY,,"{""product_or_accessory"": ""resolve"", ""target"": ""resolve""}",VERIFY_COMPATIBILITY,"[""COMPATIBILITY_DB"", ""PRODUCT_DB""]",DIRECT_WITH_CAVEAT,"[""Only confirm compatibility when verified by structured data or official knowledge.""]","[""Do not invent product, price, stock, promotion, ranking or specification."", ""Use only verified backend/system data for factual commerce claims.""]",,
COMPAT_001-10,COMPAT_001,train,natural,Giá đỡ này có tương thích với TV Sony X90L không?,COMPATIBILITY,,"{""product_or_accessory"": ""resolve"", ""target"": ""resolve""}",VERIFY_COMPATIBILITY,"[""COMPATIBILITY_DB"", ""PRODUCT_DB""]",DIRECT_WITH_CAVEAT,"[""Only confirm compatibility when verified by structured data or official knowledge.""]","[""Do not invent product, price, stock, promotion, ranking or specification."", ""Use only verified backend/system data for factual commerce claims.""]",,
COMPAT_001-11,COMPAT_001,train,no_accent,Gia do nay co tuong thich voi TV Sony X90L khong?,COMPATIBILITY,,"{""product_or_accessory"": ""resolve"", ""target"": ""resolve""}",VERIFY_COMPATIBILITY,"[""COMPATIBILITY_DB"", ""PRODUCT_DB""]",DIRECT_WITH_CAVEAT,"[""Only confirm compatibility when verified by structured data or official knowledge.""]","[""Do not invent product, price, stock, promotion, ranking or specification."", ""Use only verified backend/system data for factual commerce claims.""]",,
COMPAT_001-12,COMPAT_001,train,slang,gia đỡ này có tương thích với tv sony x90l ko?,COMPATIBILITY,,"{""product_or_accessory"": ""resolve"", ""target"": ""resolve""}",VERIFY_COMPATIBILITY,"[""COMPATIBILITY_DB"", ""PRODUCT_DB""]",DIRECT_WITH_CAVEAT,"[""Only confirm compatibility when verified by structured data or official knowledge.""]","[""Do not invent product, price, stock, promotion, ranking or specification."", ""Use only verified backend/system data for factual commerce claims.""]",,
COMPAT_001-13,COMPAT_001,train,natural,Bộ lọc này dùng cho máy lọc không khí model nào?,COMPATIBILITY,,"{""product_or_accessory"": ""resolve"", ""target"": ""resolve""}",VERIFY_COMPATIBILITY,"[""COMPATIBILITY_DB"", ""PRODUCT_DB""]",DIRECT_WITH_CAVEAT,"[""Only confirm compatibility when verified by structured data or official knowledge.""]","[""Do not invent product, price, stock, promotion, ranking or specification."", ""Use only verified backend/system data for factual commerce claims.""]",,
COMPAT_001-14,COMPAT_001,train,no_accent,Bo loc nay dung cho may loc khong khi model nao?,COMPATIBILITY,,"{""product_or_accessory"": ""resolve"", ""target"": ""resolve""}",VERIFY_COMPATIBILITY,"[""COMPATIBILITY_DB"", ""PRODUCT_DB""]",DIRECT_WITH_CAVEAT,"[""Only confirm compatibility when verified by structured data or official knowledge.""]","[""Do not invent product, price, stock, promotion, ranking or specification."", ""Use only verified backend/system data for factual commerce claims.""]",,
COMPAT_001-15,COMPAT_001,train,slang,bộ lọc này dùng cho máy lọc ko khí model nào?,COMPATIBILITY,,"{""product_or_accessory"": ""resolve"", ""target"": ""resolve""}",VERIFY_COMPATIBILITY,"[""COMPATIBILITY_DB"", ""PRODUCT_DB""]",DIRECT_WITH_CAVEAT,"[""Only confirm compatibility when verified by structured data or official knowledge.""]","[""Do not invent product, price, stock, promotion, ranking or specification."", ""Use only verified backend/system data for factual commerce claims.""]",,
FOLLOW_001-01,FOLLOW_001,train,natural,Con thứ hai thì sao?,FOLLOW_UP_CONTEXT,,"{""context_reference"": ""resolve_from_short_context""}",RESOLVE_SHORT_CONTEXT_THEN_ROUTE,"[""CLIENT_CONTEXT"", ""PRODUCT_DB""]",CONTEXTUAL_SHORT_ANSWER,"[""Use lastProductId/lastCategoryId/lastIntent when enough; ask for clarification if ambiguous.""]","[""Do not invent product, price, stock, promotion, ranking or specification."", ""Use only verified backend/system data for factual commerce claims.""]",,
FOLLOW_001-02,FOLLOW_001,train,no_accent,Con thu hai thi sao?,FOLLOW_UP_CONTEXT,,"{""context_reference"": ""resolve_from_short_context""}",RESOLVE_SHORT_CONTEXT_THEN_ROUTE,"[""CLIENT_CONTEXT"", ""PRODUCT_DB""]",CONTEXTUAL_SHORT_ANSWER,"[""Use lastProductId/lastCategoryId/lastIntent when enough; ask for clarification if ambiguous.""]","[""Do not invent product, price, stock, promotion, ranking or specification."", ""Use only verified backend/system data for factual commerce claims.""]",,
FOLLOW_001-03,FOLLOW_001,train,natural,Còn hàng không?,FOLLOW_UP_CONTEXT,,"{""context_reference"": ""resolve_from_short_context""}",RESOLVE_SHORT_CONTEXT_THEN_ROUTE,"[""CLIENT_CONTEXT"", ""PRODUCT_DB""]",CONTEXTUAL_SHORT_ANSWER,"[""Use lastProductId/lastCategoryId/lastIntent when enough; ask for clarification if ambiguous.""]","[""Do not invent product, price, stock, promotion, ranking or specification."", ""Use only verified backend/system data for factual commerce claims.""]",,
FOLLOW_001-04,FOLLOW_001,train,no_accent,Con hang khong?,FOLLOW_UP_CONTEXT,,"{""context_reference"": ""resolve_from_short_context""}",RESOLVE_SHORT_CONTEXT_THEN_ROUTE,"[""CLIENT_CONTEXT"", ""PRODUCT_DB""]",CONTEXTUAL_SHORT_ANSWER,"[""Use lastProductId/lastCategoryId/lastIntent when enough; ask for clarification if ambiguous.""]","[""Do not invent product, price, stock, promotion, ranking or specification."", ""Use only verified backend/system data for factual commerce claims.""]",,
FOLLOW_001-05,FOLLOW_001,train,slang,con hang ko?,FOLLOW_UP_CONTEXT,,"{""context_reference"": ""resolve_from_short_context""}",RESOLVE_SHORT_CONTEXT_THEN_ROUTE,"[""CLIENT_CONTEXT"", ""PRODUCT_DB""]",CONTEXTUAL_SHORT_ANSWER,"[""Use lastProductId/lastCategoryId/lastIntent when enough; ask for clarification if ambiguous.""]","[""Do not invent product, price, stock, promotion, ranking or specification."", ""Use only verified backend/system data for factual commerce claims.""]",,
FOLLOW_001-06,FOLLOW_001,train,natural,Nó có inverter không?,FOLLOW_UP_CONTEXT,,"{""context_reference"": ""resolve_from_short_context""}",RESOLVE_SHORT_CONTEXT_THEN_ROUTE,"[""CLIENT_CONTEXT"", ""PRODUCT_DB""]",CONTEXTUAL_SHORT_ANSWER,"[""Use lastProductId/lastCategoryId/lastIntent when enough; ask for clarification if ambiguous.""]","[""Do not invent product, price, stock, promotion, ranking or specification."", ""Use only verified backend/system data for factual commerce claims.""]",,
FOLLOW_001-07,FOLLOW_001,train,no_accent,No co inverter khong?,FOLLOW_UP_CONTEXT,,"{""context_reference"": ""resolve_from_short_context""}",RESOLVE_SHORT_CONTEXT_THEN_ROUTE,"[""CLIENT_CONTEXT"", ""PRODUCT_DB""]",CONTEXTUAL_SHORT_ANSWER,"[""Use lastProductId/lastCategoryId/lastIntent when enough; ask for clarification if ambiguous.""]","[""Do not invent product, price, stock, promotion, ranking or specification."", ""Use only verified backend/system data for factual commerce claims.""]",,
FOLLOW_001-08,FOLLOW_001,train,slang,nó có inverter ko?,FOLLOW_UP_CONTEXT,,"{""context_reference"": ""resolve_from_short_context""}",RESOLVE_SHORT_CONTEXT_THEN_ROUTE,"[""CLIENT_CONTEXT"", ""PRODUCT_DB""]",CONTEXTUAL_SHORT_ANSWER,"[""Use lastProductId/lastCategoryId/lastIntent when enough; ask for clarification if ambiguous.""]","[""Do not invent product, price, stock, promotion, ranking or specification."", ""Use only verified backend/system data for factual commerce claims.""]",,
FOLLOW_001-09,FOLLOW_001,train,natural,Mẫu rẻ hơn thì thế nào?,FOLLOW_UP_CONTEXT,,"{""context_reference"": ""resolve_from_short_context""}",RESOLVE_SHORT_CONTEXT_THEN_ROUTE,"[""CLIENT_CONTEXT"", ""PRODUCT_DB""]",CONTEXTUAL_SHORT_ANSWER,"[""Use lastProductId/lastCategoryId/lastIntent when enough; ask for clarification if ambiguous.""]","[""Do not invent product, price, stock, promotion, ranking or specification."", ""Use only verified backend/system data for factual commerce claims.""]",,
FOLLOW_001-10,FOLLOW_001,train,no_accent,Mau re hon thi the nao?,FOLLOW_UP_CONTEXT,,"{""context_reference"": ""resolve_from_short_context""}",RESOLVE_SHORT_CONTEXT_THEN_ROUTE,"[""CLIENT_CONTEXT"", ""PRODUCT_DB""]",CONTEXTUAL_SHORT_ANSWER,"[""Use lastProductId/lastCategoryId/lastIntent when enough; ask for clarification if ambiguous.""]","[""Do not invent product, price, stock, promotion, ranking or specification."", ""Use only verified backend/system data for factual commerce claims.""]",,
FOLLOW_001-11,FOLLOW_001,train,natural,Con Daikin vừa nói bảo hành bao lâu?,FOLLOW_UP_CONTEXT,,"{""context_reference"": ""resolve_from_short_context""}",RESOLVE_SHORT_CONTEXT_THEN_ROUTE,"[""CLIENT_CONTEXT"", ""PRODUCT_DB""]",CONTEXTUAL_SHORT_ANSWER,"[""Use lastProductId/lastCategoryId/lastIntent when enough; ask for clarification if ambiguous.""]","[""Do not invent product, price, stock, promotion, ranking or specification."", ""Use only verified backend/system data for factual commerce claims.""]",,
FOLLOW_001-12,FOLLOW_001,train,no_accent,Con Daikin vua noi bao hanh bao lau?,FOLLOW_UP_CONTEXT,,"{""context_reference"": ""resolve_from_short_context""}",RESOLVE_SHORT_CONTEXT_THEN_ROUTE,"[""CLIENT_CONTEXT"", ""PRODUCT_DB""]",CONTEXTUAL_SHORT_ANSWER,"[""Use lastProductId/lastCategoryId/lastIntent when enough; ask for clarification if ambiguous.""]","[""Do not invent product, price, stock, promotion, ranking or specification."", ""Use only verified backend/system data for factual commerce claims.""]",,
CORRECT_001-01,CORRECT_001,train,natural,"Không, tôi muốn 18000 BTU cơ",CORRECTION,,"{""updated_constraints"": ""extract""}",UPDATE_CONTEXT_AND_REQUERY,"[""CLIENT_CONTEXT"", ""PRODUCT_DB""]",UPDATED_RESULT,"[""Replace conflicting prior constraint rather than forcing user to repeat everything.""]","[""Do not invent product, price, stock, promotion, ranking or specification."", ""Use only verified backend/system data for factual commerce claims.""]",,
CORRECT_001-02,CORRECT_001,train,no_accent,"Khong, toi muon 18000 BTU co",CORRECTION,,"{""updated_constraints"": ""extract""}",UPDATE_CONTEXT_AND_REQUERY,"[""CLIENT_CONTEXT"", ""PRODUCT_DB""]",UPDATED_RESULT,"[""Replace conflicting prior constraint rather than forcing user to repeat everything.""]","[""Do not invent product, price, stock, promotion, ranking or specification."", ""Use only verified backend/system data for factual commerce claims.""]",,
CORRECT_001-03,CORRECT_001,train,slang,"ko, tôi muốn 18000 btu cơ",CORRECTION,,"{""updated_constraints"": ""extract""}",UPDATE_CONTEXT_AND_REQUERY,"[""CLIENT_CONTEXT"", ""PRODUCT_DB""]",UPDATED_RESULT,"[""Replace conflicting prior constraint rather than forcing user to repeat everything.""]","[""Do not invent product, price, stock, promotion, ranking or specification."", ""Use only verified backend/system data for factual commerce claims.""]",,
CORRECT_001-04,CORRECT_001,train,natural,Ý tôi là Panasonic chứ không phải Daikin,CORRECTION,,"{""updated_constraints"": ""extract""}",UPDATE_CONTEXT_AND_REQUERY,"[""CLIENT_CONTEXT"", ""PRODUCT_DB""]",UPDATED_RESULT,"[""Replace conflicting prior constraint rather than forcing user to repeat everything.""]","[""Do not invent product, price, stock, promotion, ranking or specification."", ""Use only verified backend/system data for factual commerce claims.""]",,
CORRECT_001-05,CORRECT_001,train,no_accent,Y toi la Panasonic chu khong phai Daikin,CORRECTION,,"{""updated_constraints"": ""extract""}",UPDATE_CONTEXT_AND_REQUERY,"[""CLIENT_CONTEXT"", ""PRODUCT_DB""]",UPDATED_RESULT,"[""Replace conflicting prior constraint rather than forcing user to repeat everything.""]","[""Do not invent product, price, stock, promotion, ranking or specification."", ""Use only verified backend/system data for factual commerce claims.""]",,
CORRECT_001-06,CORRECT_001,train,slang,ý tôi là panasonic chứ ko phải daikin,CORRECTION,,"{""updated_constraints"": ""extract""}",UPDATE_CONTEXT_AND_REQUERY,"[""CLIENT_CONTEXT"", ""PRODUCT_DB""]",UPDATED_RESULT,"[""Replace conflicting prior constraint rather than forcing user to repeat everything.""]","[""Do not invent product, price, stock, promotion, ranking or specification."", ""Use only verified backend/system data for factual commerce claims.""]",,
CORRECT_001-07,CORRECT_001,train,natural,Ngân sách chỉ 10 triệu thôi,CORRECTION,,"{""updated_constraints"": ""extract""}",UPDATE_CONTEXT_AND_REQUERY,"[""CLIENT_CONTEXT"", ""PRODUCT_DB""]",UPDATED_RESULT,"[""Replace conflicting prior constraint rather than forcing user to repeat everything.""]","[""Do not invent product, price, stock, promotion, ranking or specification."", ""Use only verified backend/system data for factual commerce claims.""]",,
CORRECT_001-08,CORRECT_001,train,no_accent,Ngan sach chi 10 trieu thoi,CORRECTION,,"{""updated_constraints"": ""extract""}",UPDATE_CONTEXT_AND_REQUERY,"[""CLIENT_CONTEXT"", ""PRODUCT_DB""]",UPDATED_RESULT,"[""Replace conflicting prior constraint rather than forcing user to repeat everything.""]","[""Do not invent product, price, stock, promotion, ranking or specification."", ""Use only verified backend/system data for factual commerce claims.""]",,
CORRECT_001-09,CORRECT_001,train,natural,Không cần inverter,CORRECTION,,"{""updated_constraints"": ""extract""}",UPDATE_CONTEXT_AND_REQUERY,"[""CLIENT_CONTEXT"", ""PRODUCT_DB""]",UPDATED_RESULT,"[""Replace conflicting prior constraint rather than forcing user to repeat everything.""]","[""Do not invent product, price, stock, promotion, ranking or specification."", ""Use only verified backend/system data for factual commerce claims.""]",,
CORRECT_001-10,CORRECT_001,train,no_accent,Khong can inverter,CORRECTION,,"{""updated_constraints"": ""extract""}",UPDATE_CONTEXT_AND_REQUERY,"[""CLIENT_CONTEXT"", ""PRODUCT_DB""]",UPDATED_RESULT,"[""Replace conflicting prior constraint rather than forcing user to repeat everything.""]","[""Do not invent product, price, stock, promotion, ranking or specification."", ""Use only verified backend/system data for factual commerce claims.""]",,
CORRECT_001-11,CORRECT_001,train,slang,ko cần inverter,CORRECTION,,"{""updated_constraints"": ""extract""}",UPDATE_CONTEXT_AND_REQUERY,"[""CLIENT_CONTEXT"", ""PRODUCT_DB""]",UPDATED_RESULT,"[""Replace conflicting prior constraint rather than forcing user to repeat everything.""]","[""Do not invent product, price, stock, promotion, ranking or specification."", ""Use only verified backend/system data for factual commerce claims.""]",,
CORRECT_001-12,CORRECT_001,train,natural,"Tôi muốn TV 75 inch, không phải 65",CORRECTION,,"{""updated_constraints"": ""extract""}",UPDATE_CONTEXT_AND_REQUERY,"[""CLIENT_CONTEXT"", ""PRODUCT_DB""]",UPDATED_RESULT,"[""Replace conflicting prior constraint rather than forcing user to repeat everything.""]","[""Do not invent product, price, stock, promotion, ranking or specification."", ""Use only verified backend/system data for factual commerce claims.""]",,
CORRECT_001-13,CORRECT_001,train,no_accent,"Toi muon TV 75 inch, khong phai 65",CORRECTION,,"{""updated_constraints"": ""extract""}",UPDATE_CONTEXT_AND_REQUERY,"[""CLIENT_CONTEXT"", ""PRODUCT_DB""]",UPDATED_RESULT,"[""Replace conflicting prior constraint rather than forcing user to repeat everything.""]","[""Do not invent product, price, stock, promotion, ranking or specification."", ""Use only verified backend/system data for factual commerce claims.""]",,
CORRECT_001-14,CORRECT_001,train,slang,"tôi muốn tv 75 inch, ko phải 65",CORRECTION,,"{""updated_constraints"": ""extract""}",UPDATE_CONTEXT_AND_REQUERY,"[""CLIENT_CONTEXT"", ""PRODUCT_DB""]",UPDATED_RESULT,"[""Replace conflicting prior constraint rather than forcing user to repeat everything.""]","[""Do not invent product, price, stock, promotion, ranking or specification."", ""Use only verified backend/system data for factual commerce claims.""]",,
INCOMPLETE_001-01,INCOMPLETE_001,train,natural,Tư vấn điều hòa,INCOMPLETE_REQUEST,,"{""category"": ""extract""}",ASK_HIGHEST_INFORMATION_GAIN_QUESTION,[],ONE_CLARIFYING_QUESTION,"[""Ask exactly one high-value clarifying question, e.g. room area for AC, household size for washer/fridge, viewing distance for TV.""]","[""Do not ask a long questionnaire all at once.""]",,
INCOMPLETE_001-02,INCOMPLETE_001,train,no_accent,Tu van dieu hoa,INCOMPLETE_REQUEST,,"{""category"": ""extract""}",ASK_HIGHEST_INFORMATION_GAIN_QUESTION,[],ONE_CLARIFYING_QUESTION,"[""Ask exactly one high-value clarifying question, e.g. room area for AC, household size for washer/fridge, viewing distance for TV.""]","[""Do not ask a long questionnaire all at once.""]",,
INCOMPLETE_001-03,INCOMPLETE_001,train,natural,Tôi cần mua TV,INCOMPLETE_REQUEST,,"{""category"": ""extract""}",ASK_HIGHEST_INFORMATION_GAIN_QUESTION,[],ONE_CLARIFYING_QUESTION,"[""Ask exactly one high-value clarifying question, e.g. room area for AC, household size for washer/fridge, viewing distance for TV.""]","[""Do not ask a long questionnaire all at once.""]",,
INCOMPLETE_001-04,INCOMPLETE_001,train,no_accent,Toi can mua TV,INCOMPLETE_REQUEST,,"{""category"": ""extract""}",ASK_HIGHEST_INFORMATION_GAIN_QUESTION,[],ONE_CLARIFYING_QUESTION,"[""Ask exactly one high-value clarifying question, e.g. room area for AC, household size for washer/fridge, viewing distance for TV.""]","[""Do not ask a long questionnaire all at once.""]",,
INCOMPLETE_001-05,INCOMPLETE_001,train,natural,Muốn mua máy giặt,INCOMPLETE_REQUEST,,"{""category"": ""extract""}",ASK_HIGHEST_INFORMATION_GAIN_QUESTION,[],ONE_CLARIFYING_QUESTION,"[""Ask exactly one high-value clarifying question, e.g. room area for AC, household size for washer/fridge, viewing distance for TV.""]","[""Do not ask a long questionnaire all at once.""]",,
INCOMPLETE_001-06,INCOMPLETE_001,train,no_accent,Muon mua may giat,INCOMPLETE_REQUEST,,"{""category"": ""extract""}",ASK_HIGHEST_INFORMATION_GAIN_QUESTION,[],ONE_CLARIFYING_QUESTION,"[""Ask exactly one high-value clarifying question, e.g. room area for AC, household size for washer/fridge, viewing distance for TV.""]","[""Do not ask a long questionnaire all at once.""]",,
INCOMPLETE_001-07,INCOMPLETE_001,train,slang,muốn mua may giat,INCOMPLETE_REQUEST,,"{""category"": ""extract""}",ASK_HIGHEST_INFORMATION_GAIN_QUESTION,[],ONE_CLARIFYING_QUESTION,"[""Ask exactly one high-value clarifying question, e.g. room area for AC, household size for washer/fridge, viewing distance for TV.""]","[""Do not ask a long questionnaire all at once.""]",,
INCOMPLETE_001-08,INCOMPLETE_001,train,natural,Tìm tủ lạnh giúp tôi,INCOMPLETE_REQUEST,,"{""category"": ""extract""}",ASK_HIGHEST_INFORMATION_GAIN_QUESTION,[],ONE_CLARIFYING_QUESTION,"[""Ask exactly one high-value clarifying question, e.g. room area for AC, household size for washer/fridge, viewing distance for TV.""]","[""Do not ask a long questionnaire all at once.""]",,
INCOMPLETE_001-09,INCOMPLETE_001,train,no_accent,Tim tu lanh giup toi,INCOMPLETE_REQUEST,,"{""category"": ""extract""}",ASK_HIGHEST_INFORMATION_GAIN_QUESTION,[],ONE_CLARIFYING_QUESTION,"[""Ask exactly one high-value clarifying question, e.g. room area for AC, household size for washer/fridge, viewing distance for TV.""]","[""Do not ask a long questionnaire all at once.""]",,
INCOMPLETE_001-10,INCOMPLETE_001,train,slang,tìm tu lanh giúp tôi,INCOMPLETE_REQUEST,,"{""category"": ""extract""}",ASK_HIGHEST_INFORMATION_GAIN_QUESTION,[],ONE_CLARIFYING_QUESTION,"[""Ask exactly one high-value clarifying question, e.g. room area for AC, household size for washer/fridge, viewing distance for TV.""]","[""Do not ask a long questionnaire all at once.""]",,
INCOMPLETE_001-11,INCOMPLETE_001,train,natural,Tôi cần máy lọc không khí,INCOMPLETE_REQUEST,,"{""category"": ""extract""}",ASK_HIGHEST_INFORMATION_GAIN_QUESTION,[],ONE_CLARIFYING_QUESTION,"[""Ask exactly one high-value clarifying question, e.g. room area for AC, household size for washer/fridge, viewing distance for TV.""]","[""Do not ask a long questionnaire all at once.""]",,
INCOMPLETE_001-12,INCOMPLETE_001,train,no_accent,Toi can may loc khong khi,INCOMPLETE_REQUEST,,"{""category"": ""extract""}",ASK_HIGHEST_INFORMATION_GAIN_QUESTION,[],ONE_CLARIFYING_QUESTION,"[""Ask exactly one high-value clarifying question, e.g. room area for AC, household size for washer/fridge, viewing distance for TV.""]","[""Do not ask a long questionnaire all at once.""]",,
INCOMPLETE_001-13,INCOMPLETE_001,train,slang,tôi cần máy lọc ko khí,INCOMPLETE_REQUEST,,"{""category"": ""extract""}",ASK_HIGHEST_INFORMATION_GAIN_QUESTION,[],ONE_CLARIFYING_QUESTION,"[""Ask exactly one high-value clarifying question, e.g. room area for AC, household size for washer/fridge, viewing distance for TV.""]","[""Do not ask a long questionnaire all at once.""]",,
AMBIG_001-01,AMBIG_001,train,natural,Tìm LG 12,AMBIGUOUS_MODEL,,"{""ambiguous_reference"": ""extract""}",RETURN_CANDIDATES_OR_CLARIFY,"[""PRODUCT_DB"", ""ALIAS_INDEX""]",CLARIFY_WITH_CANDIDATES,"[""Show a small set of likely candidates or ask for exact model if needed.""]","[""Do not invent product, price, stock, promotion, ranking or specification."", ""Use only verified backend/system data for factual commerce claims.""]",,
AMBIG_001-02,AMBIG_001,train,no_accent,Tim LG 12,AMBIGUOUS_MODEL,,"{""ambiguous_reference"": ""extract""}",RETURN_CANDIDATES_OR_CLARIFY,"[""PRODUCT_DB"", ""ALIAS_INDEX""]",CLARIFY_WITH_CANDIDATES,"[""Show a small set of likely candidates or ask for exact model if needed.""]","[""Do not invent product, price, stock, promotion, ranking or specification."", ""Use only verified backend/system data for factual commerce claims.""]",,
AMBIG_001-03,AMBIG_001,train,natural,Có Daikin 35 không?,AMBIGUOUS_MODEL,,"{""ambiguous_reference"": ""extract""}",RETURN_CANDIDATES_OR_CLARIFY,"[""PRODUCT_DB"", ""ALIAS_INDEX""]",CLARIFY_WITH_CANDIDATES,"[""Show a small set of likely candidates or ask for exact model if needed.""]","[""Do not invent product, price, stock, promotion, ranking or specification."", ""Use only verified backend/system data for factual commerce claims.""]",,
AMBIG_001-04,AMBIG_001,train,no_accent,Co Daikin 35 khong?,AMBIGUOUS_MODEL,,"{""ambiguous_reference"": ""extract""}",RETURN_CANDIDATES_OR_CLARIFY,"[""PRODUCT_DB"", ""ALIAS_INDEX""]",CLARIFY_WITH_CANDIDATES,"[""Show a small set of likely candidates or ask for exact model if needed.""]","[""Do not invent product, price, stock, promotion, ranking or specification."", ""Use only verified backend/system data for factual commerce claims.""]",,
AMBIG_001-05,AMBIG_001,train,slang,có daikin 35 ko?,AMBIGUOUS_MODEL,,"{""ambiguous_reference"": ""extract""}",RETURN_CANDIDATES_OR_CLARIFY,"[""PRODUCT_DB"", ""ALIAS_INDEX""]",CLARIFY_WITH_CANDIDATES,"[""Show a small set of likely candidates or ask for exact model if needed.""]","[""Do not invent product, price, stock, promotion, ranking or specification."", ""Use only verified backend/system data for factual commerce claims.""]",,
AMBIG_001-06,AMBIG_001,train,natural,Panasonic XPU giá bao nhiêu?,AMBIGUOUS_MODEL,,"{""ambiguous_reference"": ""extract""}",RETURN_CANDIDATES_OR_CLARIFY,"[""PRODUCT_DB"", ""ALIAS_INDEX""]",CLARIFY_WITH_CANDIDATES,"[""Show a small set of likely candidates or ask for exact model if needed.""]","[""Do not invent product, price, stock, promotion, ranking or specification."", ""Use only verified backend/system data for factual commerce claims.""]",,
AMBIG_001-07,AMBIG_001,train,no_accent,Panasonic XPU gia bao nhieu?,AMBIGUOUS_MODEL,,"{""ambiguous_reference"": ""extract""}",RETURN_CANDIDATES_OR_CLARIFY,"[""PRODUCT_DB"", ""ALIAS_INDEX""]",CLARIFY_WITH_CANDIDATES,"[""Show a small set of likely candidates or ask for exact model if needed.""]","[""Do not invent product, price, stock, promotion, ranking or specification."", ""Use only verified backend/system data for factual commerce claims.""]",,
AMBIG_001-08,AMBIG_001,train,slang,panasonic xpu gia bn?,AMBIGUOUS_MODEL,,"{""ambiguous_reference"": ""extract""}",RETURN_CANDIDATES_OR_CLARIFY,"[""PRODUCT_DB"", ""ALIAS_INDEX""]",CLARIFY_WITH_CANDIDATES,"[""Show a small set of likely candidates or ask for exact model if needed.""]","[""Do not invent product, price, stock, promotion, ranking or specification."", ""Use only verified backend/system data for factual commerce claims.""]",,
AMBIG_001-09,AMBIG_001,train,natural,Samsung 65 còn hàng không?,AMBIGUOUS_MODEL,,"{""ambiguous_reference"": ""extract""}",RETURN_CANDIDATES_OR_CLARIFY,"[""PRODUCT_DB"", ""ALIAS_INDEX""]",CLARIFY_WITH_CANDIDATES,"[""Show a small set of likely candidates or ask for exact model if needed.""]","[""Do not invent product, price, stock, promotion, ranking or specification."", ""Use only verified backend/system data for factual commerce claims.""]",,
AMBIG_001-10,AMBIG_001,train,no_accent,Samsung 65 con hang khong?,AMBIGUOUS_MODEL,,"{""ambiguous_reference"": ""extract""}",RETURN_CANDIDATES_OR_CLARIFY,"[""PRODUCT_DB"", ""ALIAS_INDEX""]",CLARIFY_WITH_CANDIDATES,"[""Show a small set of likely candidates or ask for exact model if needed.""]","[""Do not invent product, price, stock, promotion, ranking or specification."", ""Use only verified backend/system data for factual commerce claims.""]",,
AMBIG_001-11,AMBIG_001,train,slang,samsung 65 con hang ko?,AMBIGUOUS_MODEL,,"{""ambiguous_reference"": ""extract""}",RETURN_CANDIDATES_OR_CLARIFY,"[""PRODUCT_DB"", ""ALIAS_INDEX""]",CLARIFY_WITH_CANDIDATES,"[""Show a small set of likely candidates or ask for exact model if needed.""]","[""Do not invent product, price, stock, promotion, ranking or specification."", ""Use only verified backend/system data for factual commerce claims.""]",,
AMBIG_001-12,AMBIG_001,train,natural,Midea 12k model nào rẻ?,AMBIGUOUS_MODEL,,"{""ambiguous_reference"": ""extract""}",RETURN_CANDIDATES_OR_CLARIFY,"[""PRODUCT_DB"", ""ALIAS_INDEX""]",CLARIFY_WITH_CANDIDATES,"[""Show a small set of likely candidates or ask for exact model if needed.""]","[""Do not invent product, price, stock, promotion, ranking or specification."", ""Use only verified backend/system data for factual commerce claims.""]",,
AMBIG_001-13,AMBIG_001,train,no_accent,Midea 12k model nao re?,AMBIGUOUS_MODEL,,"{""ambiguous_reference"": ""extract""}",RETURN_CANDIDATES_OR_CLARIFY,"[""PRODUCT_DB"", ""ALIAS_INDEX""]",CLARIFY_WITH_CANDIDATES,"[""Show a small set of likely candidates or ask for exact model if needed.""]","[""Do not invent product, price, stock, promotion, ranking or specification."", ""Use only verified backend/system data for factual commerce claims.""]",,
NORES_001-01,NORES_001,train,natural,Có điều hòa Daikin 12000 BTU dưới 3 triệu không?,NO_RESULTS,,"{""constraints"": ""extract_all""}",SEARCH_THEN_NEAREST_ALTERNATIVES,"[""PRODUCT_DB"", ""PRICE_SERVICE""]",NO_RESULT_WITH_NEAR_MATCHES,"[""State no exact match, then relax one constraint at a time and label alternatives clearly.""]","[""Do not invent product, price, stock, promotion, ranking or specification."", ""Use only verified backend/system data for factual commerce claims."", ""Do not silently violate hard constraints.""]",,
NORES_001-02,NORES_001,train,no_accent,Co dieu hoa Daikin 12000 BTU duoi 3 trieu khong?,NO_RESULTS,,"{""constraints"": ""extract_all""}",SEARCH_THEN_NEAREST_ALTERNATIVES,"[""PRODUCT_DB"", ""PRICE_SERVICE""]",NO_RESULT_WITH_NEAR_MATCHES,"[""State no exact match, then relax one constraint at a time and label alternatives clearly.""]","[""Do not invent product, price, stock, promotion, ranking or specification."", ""Use only verified backend/system data for factual commerce claims."", ""Do not silently violate hard constraints.""]",,
NORES_001-03,NORES_001,train,slang,có dieu hoa daikin 12000 btu dưới 3 triệu ko?,NO_RESULTS,,"{""constraints"": ""extract_all""}",SEARCH_THEN_NEAREST_ALTERNATIVES,"[""PRODUCT_DB"", ""PRICE_SERVICE""]",NO_RESULT_WITH_NEAR_MATCHES,"[""State no exact match, then relax one constraint at a time and label alternatives clearly.""]","[""Do not invent product, price, stock, promotion, ranking or specification."", ""Use only verified backend/system data for factual commerce claims."", ""Do not silently violate hard constraints.""]",,
NORES_001-04,NORES_001,train,natural,TV OLED 85 inch dưới 10 triệu,NO_RESULTS,,"{""constraints"": ""extract_all""}",SEARCH_THEN_NEAREST_ALTERNATIVES,"[""PRODUCT_DB"", ""PRICE_SERVICE""]",NO_RESULT_WITH_NEAR_MATCHES,"[""State no exact match, then relax one constraint at a time and label alternatives clearly.""]","[""Do not invent product, price, stock, promotion, ranking or specification."", ""Use only verified backend/system data for factual commerce claims."", ""Do not silently violate hard constraints.""]",,
NORES_001-05,NORES_001,train,no_accent,TV OLED 85 inch duoi 10 trieu,NO_RESULTS,,"{""constraints"": ""extract_all""}",SEARCH_THEN_NEAREST_ALTERNATIVES,"[""PRODUCT_DB"", ""PRICE_SERVICE""]",NO_RESULT_WITH_NEAR_MATCHES,"[""State no exact match, then relax one constraint at a time and label alternatives clearly.""]","[""Do not invent product, price, stock, promotion, ranking or specification."", ""Use only verified backend/system data for factual commerce claims."", ""Do not silently violate hard constraints.""]",,
NORES_001-06,NORES_001,train,natural,Tủ lạnh side by side dưới 5 triệu,NO_RESULTS,,"{""constraints"": ""extract_all""}",SEARCH_THEN_NEAREST_ALTERNATIVES,"[""PRODUCT_DB"", ""PRICE_SERVICE""]",NO_RESULT_WITH_NEAR_MATCHES,"[""State no exact match, then relax one constraint at a time and label alternatives clearly.""]","[""Do not invent product, price, stock, promotion, ranking or specification."", ""Use only verified backend/system data for factual commerce claims."", ""Do not silently violate hard constraints.""]",,
NORES_001-07,NORES_001,train,no_accent,Tu lanh side by side duoi 5 trieu,NO_RESULTS,,"{""constraints"": ""extract_all""}",SEARCH_THEN_NEAREST_ALTERNATIVES,"[""PRODUCT_DB"", ""PRICE_SERVICE""]",NO_RESULT_WITH_NEAR_MATCHES,"[""State no exact match, then relax one constraint at a time and label alternatives clearly.""]","[""Do not invent product, price, stock, promotion, ranking or specification."", ""Use only verified backend/system data for factual commerce claims."", ""Do not silently violate hard constraints.""]",,
NORES_001-08,NORES_001,train,slang,tu lanh side by side dưới 5 triệu,NO_RESULTS,,"{""constraints"": ""extract_all""}",SEARCH_THEN_NEAREST_ALTERNATIVES,"[""PRODUCT_DB"", ""PRICE_SERVICE""]",NO_RESULT_WITH_NEAR_MATCHES,"[""State no exact match, then relax one constraint at a time and label alternatives clearly.""]","[""Do not invent product, price, stock, promotion, ranking or specification."", ""Use only verified backend/system data for factual commerce claims."", ""Do not silently violate hard constraints.""]",,
NORES_001-09,NORES_001,train,natural,Máy giặt 15kg có sấy dưới 7 triệu,NO_RESULTS,,"{""constraints"": ""extract_all""}",SEARCH_THEN_NEAREST_ALTERNATIVES,"[""PRODUCT_DB"", ""PRICE_SERVICE""]",NO_RESULT_WITH_NEAR_MATCHES,"[""State no exact match, then relax one constraint at a time and label alternatives clearly.""]","[""Do not invent product, price, stock, promotion, ranking or specification."", ""Use only verified backend/system data for factual commerce claims."", ""Do not silently violate hard constraints.""]",,
NORES_001-10,NORES_001,train,no_accent,May giat 15kg co say duoi 7 trieu,NO_RESULTS,,"{""constraints"": ""extract_all""}",SEARCH_THEN_NEAREST_ALTERNATIVES,"[""PRODUCT_DB"", ""PRICE_SERVICE""]",NO_RESULT_WITH_NEAR_MATCHES,"[""State no exact match, then relax one constraint at a time and label alternatives clearly.""]","[""Do not invent product, price, stock, promotion, ranking or specification."", ""Use only verified backend/system data for factual commerce claims."", ""Do not silently violate hard constraints.""]",,
NORES_001-11,NORES_001,train,slang,may giat 15kg có sấy dưới 7 triệu,NO_RESULTS,,"{""constraints"": ""extract_all""}",SEARCH_THEN_NEAREST_ALTERNATIVES,"[""PRODUCT_DB"", ""PRICE_SERVICE""]",NO_RESULT_WITH_NEAR_MATCHES,"[""State no exact match, then relax one constraint at a time and label alternatives clearly.""]","[""Do not invent product, price, stock, promotion, ranking or specification."", ""Use only verified backend/system data for factual commerce claims."", ""Do not silently violate hard constraints.""]",,
NORES_001-12,NORES_001,train,natural,Điều hòa 24000 BTU inverter dưới 5 triệu,NO_RESULTS,,"{""constraints"": ""extract_all""}",SEARCH_THEN_NEAREST_ALTERNATIVES,"[""PRODUCT_DB"", ""PRICE_SERVICE""]",NO_RESULT_WITH_NEAR_MATCHES,"[""State no exact match, then relax one constraint at a time and label alternatives clearly.""]","[""Do not invent product, price, stock, promotion, ranking or specification."", ""Use only verified backend/system data for factual commerce claims."", ""Do not silently violate hard constraints.""]",,
NORES_001-13,NORES_001,train,no_accent,Dieu hoa 24000 BTU inverter duoi 5 trieu,NO_RESULTS,,"{""constraints"": ""extract_all""}",SEARCH_THEN_NEAREST_ALTERNATIVES,"[""PRODUCT_DB"", ""PRICE_SERVICE""]",NO_RESULT_WITH_NEAR_MATCHES,"[""State no exact match, then relax one constraint at a time and label alternatives clearly.""]","[""Do not invent product, price, stock, promotion, ranking or specification."", ""Use only verified backend/system data for factual commerce claims."", ""Do not silently violate hard constraints.""]",,
NORES_001-14,NORES_001,train,slang,dieu hoa 24000 btu inverter dưới 5 triệu,NO_RESULTS,,"{""constraints"": ""extract_all""}",SEARCH_THEN_NEAREST_ALTERNATIVES,"[""PRODUCT_DB"", ""PRICE_SERVICE""]",NO_RESULT_WITH_NEAR_MATCHES,"[""State no exact match, then relax one constraint at a time and label alternatives clearly.""]","[""Do not invent product, price, stock, promotion, ranking or specification."", ""Use only verified backend/system data for factual commerce claims."", ""Do not silently violate hard constraints.""]",,
UNKNOWN_001-01,UNKNOWN_001,test,natural,Mẫu này bán được bao nhiêu chiếc toàn quốc?,UNKNOWN_DATA,,"{""metric"": ""extract"", ""product_or_brand"": ""resolve_if_present""}",ANSWER_ONLY_IF_VERIFIED_METRIC_EXISTS,"[""ANALYTICS"", ""EXTERNAL_VERIFIED_DATA_IF_CONFIGURED""]",TRANSPARENT_LIMITATION,"[""Say the metric cannot be verified when the system has no source.""]","[""Do not invent product, price, stock, promotion, ranking or specification."", ""Use only verified backend/system data for factual commerce claims.""]",,
UNKNOWN_001-02,UNKNOWN_001,test,no_accent,Mau nay ban duoc bao nhieu chiec toan quoc?,UNKNOWN_DATA,,"{""metric"": ""extract"", ""product_or_brand"": ""resolve_if_present""}",ANSWER_ONLY_IF_VERIFIED_METRIC_EXISTS,"[""ANALYTICS"", ""EXTERNAL_VERIFIED_DATA_IF_CONFIGURED""]",TRANSPARENT_LIMITATION,"[""Say the metric cannot be verified when the system has no source.""]","[""Do not invent product, price, stock, promotion, ranking or specification."", ""Use only verified backend/system data for factual commerce claims.""]",,
UNKNOWN_001-03,UNKNOWN_001,test,slang,mẫu này bán dc bn chiếc toàn quốc?,UNKNOWN_DATA,,"{""metric"": ""extract"", ""product_or_brand"": ""resolve_if_present""}",ANSWER_ONLY_IF_VERIFIED_METRIC_EXISTS,"[""ANALYTICS"", ""EXTERNAL_VERIFIED_DATA_IF_CONFIGURED""]",TRANSPARENT_LIMITATION,"[""Say the metric cannot be verified when the system has no source.""]","[""Do not invent product, price, stock, promotion, ranking or specification."", ""Use only verified backend/system data for factual commerce claims.""]",,
UNKNOWN_001-04,UNKNOWN_001,test,natural,Sản phẩm này đứng top mấy ở Việt Nam?,UNKNOWN_DATA,,"{""metric"": ""extract"", ""product_or_brand"": ""resolve_if_present""}",ANSWER_ONLY_IF_VERIFIED_METRIC_EXISTS,"[""ANALYTICS"", ""EXTERNAL_VERIFIED_DATA_IF_CONFIGURED""]",TRANSPARENT_LIMITATION,"[""Say the metric cannot be verified when the system has no source.""]","[""Do not invent product, price, stock, promotion, ranking or specification."", ""Use only verified backend/system data for factual commerce claims.""]",,
UNKNOWN_001-05,UNKNOWN_001,test,no_accent,San pham nay dung top may o Viet Nam?,UNKNOWN_DATA,,"{""metric"": ""extract"", ""product_or_brand"": ""resolve_if_present""}",ANSWER_ONLY_IF_VERIFIED_METRIC_EXISTS,"[""ANALYTICS"", ""EXTERNAL_VERIFIED_DATA_IF_CONFIGURED""]",TRANSPARENT_LIMITATION,"[""Say the metric cannot be verified when the system has no source.""]","[""Do not invent product, price, stock, promotion, ranking or specification."", ""Use only verified backend/system data for factual commerce claims.""]",,
UNKNOWN_001-06,UNKNOWN_001,test,natural,Bao nhiêu phần trăm khách hàng hài lòng với model này?,UNKNOWN_DATA,,"{""metric"": ""extract"", ""product_or_brand"": ""resolve_if_present""}",ANSWER_ONLY_IF_VERIFIED_METRIC_EXISTS,"[""ANALYTICS"", ""EXTERNAL_VERIFIED_DATA_IF_CONFIGURED""]",TRANSPARENT_LIMITATION,"[""Say the metric cannot be verified when the system has no source.""]","[""Do not invent product, price, stock, promotion, ranking or specification."", ""Use only verified backend/system data for factual commerce claims.""]",,
UNKNOWN_001-07,UNKNOWN_001,test,no_accent,Bao nhieu phan tram khach hang hai long voi model nay?,UNKNOWN_DATA,,"{""metric"": ""extract"", ""product_or_brand"": ""resolve_if_present""}",ANSWER_ONLY_IF_VERIFIED_METRIC_EXISTS,"[""ANALYTICS"", ""EXTERNAL_VERIFIED_DATA_IF_CONFIGURED""]",TRANSPARENT_LIMITATION,"[""Say the metric cannot be verified when the system has no source.""]","[""Do not invent product, price, stock, promotion, ranking or specification."", ""Use only verified backend/system data for factual commerce claims.""]",,
UNKNOWN_001-08,UNKNOWN_001,test,slang,bn phần trăm khách hàng hài lòng với model này?,UNKNOWN_DATA,,"{""metric"": ""extract"", ""product_or_brand"": ""resolve_if_present""}",ANSWER_ONLY_IF_VERIFIED_METRIC_EXISTS,"[""ANALYTICS"", ""EXTERNAL_VERIFIED_DATA_IF_CONFIGURED""]",TRANSPARENT_LIMITATION,"[""Say the metric cannot be verified when the system has no source.""]","[""Do not invent product, price, stock, promotion, ranking or specification."", ""Use only verified backend/system data for factual commerce claims.""]",,
UNKNOWN_001-09,UNKNOWN_001,test,natural,Mẫu này có phải bán chạy nhất thị trường không?,UNKNOWN_DATA,,"{""metric"": ""extract"", ""product_or_brand"": ""resolve_if_present""}",ANSWER_ONLY_IF_VERIFIED_METRIC_EXISTS,"[""ANALYTICS"", ""EXTERNAL_VERIFIED_DATA_IF_CONFIGURED""]",TRANSPARENT_LIMITATION,"[""Say the metric cannot be verified when the system has no source.""]","[""Do not invent product, price, stock, promotion, ranking or specification."", ""Use only verified backend/system data for factual commerce claims.""]",,
UNKNOWN_001-10,UNKNOWN_001,test,no_accent,Mau nay co phai ban chay nhat thi truong khong?,UNKNOWN_DATA,,"{""metric"": ""extract"", ""product_or_brand"": ""resolve_if_present""}",ANSWER_ONLY_IF_VERIFIED_METRIC_EXISTS,"[""ANALYTICS"", ""EXTERNAL_VERIFIED_DATA_IF_CONFIGURED""]",TRANSPARENT_LIMITATION,"[""Say the metric cannot be verified when the system has no source.""]","[""Do not invent product, price, stock, promotion, ranking or specification."", ""Use only verified backend/system data for factual commerce claims.""]",,
UNKNOWN_001-11,UNKNOWN_001,test,slang,mẫu này có phải bán chạy nhất thị trường ko?,UNKNOWN_DATA,,"{""metric"": ""extract"", ""product_or_brand"": ""resolve_if_present""}",ANSWER_ONLY_IF_VERIFIED_METRIC_EXISTS,"[""ANALYTICS"", ""EXTERNAL_VERIFIED_DATA_IF_CONFIGURED""]",TRANSPARENT_LIMITATION,"[""Say the metric cannot be verified when the system has no source.""]","[""Do not invent product, price, stock, promotion, ranking or specification."", ""Use only verified backend/system data for factual commerce claims.""]",,
UNKNOWN_001-12,UNKNOWN_001,test,natural,Hãng này có thị phần bao nhiêu phần trăm?,UNKNOWN_DATA,,"{""metric"": ""extract"", ""product_or_brand"": ""resolve_if_present""}",ANSWER_ONLY_IF_VERIFIED_METRIC_EXISTS,"[""ANALYTICS"", ""EXTERNAL_VERIFIED_DATA_IF_CONFIGURED""]",TRANSPARENT_LIMITATION,"[""Say the metric cannot be verified when the system has no source.""]","[""Do not invent product, price, stock, promotion, ranking or specification."", ""Use only verified backend/system data for factual commerce claims.""]",,
UNKNOWN_001-13,UNKNOWN_001,test,no_accent,Hang nay co thi phan bao nhieu phan tram?,UNKNOWN_DATA,,"{""metric"": ""extract"", ""product_or_brand"": ""resolve_if_present""}",ANSWER_ONLY_IF_VERIFIED_METRIC_EXISTS,"[""ANALYTICS"", ""EXTERNAL_VERIFIED_DATA_IF_CONFIGURED""]",TRANSPARENT_LIMITATION,"[""Say the metric cannot be verified when the system has no source.""]","[""Do not invent product, price, stock, promotion, ranking or specification."", ""Use only verified backend/system data for factual commerce claims.""]",,
UNKNOWN_001-14,UNKNOWN_001,test,slang,hãng này có thị phần bn phần trăm?,UNKNOWN_DATA,,"{""metric"": ""extract"", ""product_or_brand"": ""resolve_if_present""}",ANSWER_ONLY_IF_VERIFIED_METRIC_EXISTS,"[""ANALYTICS"", ""EXTERNAL_VERIFIED_DATA_IF_CONFIGURED""]",TRANSPARENT_LIMITATION,"[""Say the metric cannot be verified when the system has no source.""]","[""Do not invent product, price, stock, promotion, ranking or specification."", ""Use only verified backend/system data for factual commerce claims.""]",,
HANDOFF_001-01,HANDOFF_001,train,natural,Cho tôi gặp nhân viên tư vấn,HUMAN_HANDOFF,,"{""reason"": ""extract""}",HANDOFF_TO_HUMAN,"[""CRM_OR_CONTACT_SERVICE""]",HANDOFF,"[""Preserve a concise conversation summary for staff when authenticated/allowed.""]","[""Do not pretend a human is connected if no handoff channel exists.""]",,
HANDOFF_001-02,HANDOFF_001,train,no_accent,Cho toi gap nhan vien tu van,HUMAN_HANDOFF,,"{""reason"": ""extract""}",HANDOFF_TO_HUMAN,"[""CRM_OR_CONTACT_SERVICE""]",HANDOFF,"[""Preserve a concise conversation summary for staff when authenticated/allowed.""]","[""Do not pretend a human is connected if no handoff channel exists.""]",,
HANDOFF_001-03,HANDOFF_001,train,slang,cho tôi gặp nhân viên tu van,HUMAN_HANDOFF,,"{""reason"": ""extract""}",HANDOFF_TO_HUMAN,"[""CRM_OR_CONTACT_SERVICE""]",HANDOFF,"[""Preserve a concise conversation summary for staff when authenticated/allowed.""]","[""Do not pretend a human is connected if no handoff channel exists.""]",,
HANDOFF_001-04,HANDOFF_001,train,natural,Tôi muốn deal giá trực tiếp,HUMAN_HANDOFF,,"{""reason"": ""extract""}",HANDOFF_TO_HUMAN,"[""CRM_OR_CONTACT_SERVICE""]",HANDOFF,"[""Preserve a concise conversation summary for staff when authenticated/allowed.""]","[""Do not pretend a human is connected if no handoff channel exists.""]",,
HANDOFF_001-05,HANDOFF_001,train,no_accent,Toi muon deal gia truc tiep,HUMAN_HANDOFF,,"{""reason"": ""extract""}",HANDOFF_TO_HUMAN,"[""CRM_OR_CONTACT_SERVICE""]",HANDOFF,"[""Preserve a concise conversation summary for staff when authenticated/allowed.""]","[""Do not pretend a human is connected if no handoff channel exists.""]",,
HANDOFF_001-06,HANDOFF_001,train,slang,tôi muốn deal gia trực tiếp,HUMAN_HANDOFF,,"{""reason"": ""extract""}",HANDOFF_TO_HUMAN,"[""CRM_OR_CONTACT_SERVICE""]",HANDOFF,"[""Preserve a concise conversation summary for staff when authenticated/allowed.""]","[""Do not pretend a human is connected if no handoff channel exists.""]",,
HANDOFF_001-07,HANDOFF_001,train,natural,Tôi cần khiếu nại,HUMAN_HANDOFF,,"{""reason"": ""extract""}",HANDOFF_TO_HUMAN,"[""CRM_OR_CONTACT_SERVICE""]",HANDOFF,"[""Preserve a concise conversation summary for staff when authenticated/allowed.""]","[""Do not pretend a human is connected if no handoff channel exists.""]",,
HANDOFF_001-08,HANDOFF_001,train,no_accent,Toi can khieu nai,HUMAN_HANDOFF,,"{""reason"": ""extract""}",HANDOFF_TO_HUMAN,"[""CRM_OR_CONTACT_SERVICE""]",HANDOFF,"[""Preserve a concise conversation summary for staff when authenticated/allowed.""]","[""Do not pretend a human is connected if no handoff channel exists.""]",,
HANDOFF_001-09,HANDOFF_001,train,natural,Cho tôi gặp bộ phận bảo hành,HUMAN_HANDOFF,,"{""reason"": ""extract""}",HANDOFF_TO_HUMAN,"[""CRM_OR_CONTACT_SERVICE""]",HANDOFF,"[""Preserve a concise conversation summary for staff when authenticated/allowed.""]","[""Do not pretend a human is connected if no handoff channel exists.""]",,
HANDOFF_001-10,HANDOFF_001,train,no_accent,Cho toi gap bo phan bao hanh,HUMAN_HANDOFF,,"{""reason"": ""extract""}",HANDOFF_TO_HUMAN,"[""CRM_OR_CONTACT_SERVICE""]",HANDOFF,"[""Preserve a concise conversation summary for staff when authenticated/allowed.""]","[""Do not pretend a human is connected if no handoff channel exists.""]",,
HANDOFF_001-11,HANDOFF_001,train,natural,Tôi cần tư vấn dự án lớn,HUMAN_HANDOFF,,"{""reason"": ""extract""}",HANDOFF_TO_HUMAN,"[""CRM_OR_CONTACT_SERVICE""]",HANDOFF,"[""Preserve a concise conversation summary for staff when authenticated/allowed.""]","[""Do not pretend a human is connected if no handoff channel exists.""]",,
HANDOFF_001-12,HANDOFF_001,train,no_accent,Toi can tu van du an lon,HUMAN_HANDOFF,,"{""reason"": ""extract""}",HANDOFF_TO_HUMAN,"[""CRM_OR_CONTACT_SERVICE""]",HANDOFF,"[""Preserve a concise conversation summary for staff when authenticated/allowed.""]","[""Do not pretend a human is connected if no handoff channel exists.""]",,
HANDOFF_001-13,HANDOFF_001,train,slang,tôi cần tu van dự án lớn,HUMAN_HANDOFF,,"{""reason"": ""extract""}",HANDOFF_TO_HUMAN,"[""CRM_OR_CONTACT_SERVICE""]",HANDOFF,"[""Preserve a concise conversation summary for staff when authenticated/allowed.""]","[""Do not pretend a human is connected if no handoff channel exists.""]",,
OOS_001-01,OOS_001,train,natural,Dự báo thời tiết ngày mai,OUT_OF_SCOPE,,{},REDIRECT_TO_COMMERCE_SCOPE,[],SHORT_REDIRECT,"[""Briefly state store-assistant scope and redirect to product-shopping help.""]","[""Do not spend tokens solving unrelated tasks.""]",,
OOS_001-02,OOS_001,train,no_accent,Du bao thoi tiet ngay mai,OUT_OF_SCOPE,,{},REDIRECT_TO_COMMERCE_SCOPE,[],SHORT_REDIRECT,"[""Briefly state store-assistant scope and redirect to product-shopping help.""]","[""Do not spend tokens solving unrelated tasks.""]",,
OOS_001-03,OOS_001,train,natural,Viết code Python cho tôi,OUT_OF_SCOPE,,{},REDIRECT_TO_COMMERCE_SCOPE,[],SHORT_REDIRECT,"[""Briefly state store-assistant scope and redirect to product-shopping help.""]","[""Do not spend tokens solving unrelated tasks.""]",,
OOS_001-04,OOS_001,train,no_accent,Viet code Python cho toi,OUT_OF_SCOPE,,{},REDIRECT_TO_COMMERCE_SCOPE,[],SHORT_REDIRECT,"[""Briefly state store-assistant scope and redirect to product-shopping help.""]","[""Do not spend tokens solving unrelated tasks.""]",,
OOS_001-05,OOS_001,train,natural,Kể một câu chuyện,OUT_OF_SCOPE,,{},REDIRECT_TO_COMMERCE_SCOPE,[],SHORT_REDIRECT,"[""Briefly state store-assistant scope and redirect to product-shopping help.""]","[""Do not spend tokens solving unrelated tasks.""]",,
OOS_001-06,OOS_001,train,no_accent,Ke mot cau chuyen,OUT_OF_SCOPE,,{},REDIRECT_TO_COMMERCE_SCOPE,[],SHORT_REDIRECT,"[""Briefly state store-assistant scope and redirect to product-shopping help.""]","[""Do not spend tokens solving unrelated tasks.""]",,
OOS_001-07,OOS_001,train,natural,Giá vàng hôm nay bao nhiêu?,OUT_OF_SCOPE,,{},REDIRECT_TO_COMMERCE_SCOPE,[],SHORT_REDIRECT,"[""Briefly state store-assistant scope and redirect to product-shopping help.""]","[""Do not spend tokens solving unrelated tasks.""]",,
OOS_001-08,OOS_001,train,no_accent,Gia vang hom nay bao nhieu?,OUT_OF_SCOPE,,{},REDIRECT_TO_COMMERCE_SCOPE,[],SHORT_REDIRECT,"[""Briefly state store-assistant scope and redirect to product-shopping help.""]","[""Do not spend tokens solving unrelated tasks.""]",,
OOS_001-09,OOS_001,train,slang,gia vàng hôm nay bn?,OUT_OF_SCOPE,,{},REDIRECT_TO_COMMERCE_SCOPE,[],SHORT_REDIRECT,"[""Briefly state store-assistant scope and redirect to product-shopping help.""]","[""Do not spend tokens solving unrelated tasks.""]",,
OOS_001-10,OOS_001,train,natural,Soạn email xin nghỉ phép,OUT_OF_SCOPE,,{},REDIRECT_TO_COMMERCE_SCOPE,[],SHORT_REDIRECT,"[""Briefly state store-assistant scope and redirect to product-shopping help.""]","[""Do not spend tokens solving unrelated tasks.""]",,
OOS_001-11,OOS_001,train,no_accent,Soan email xin nghi phep,OUT_OF_SCOPE,,{},REDIRECT_TO_COMMERCE_SCOPE,[],SHORT_REDIRECT,"[""Briefly state store-assistant scope and redirect to product-shopping help.""]","[""Do not spend tokens solving unrelated tasks.""]",,
DRYER_001-01,DRYER_001,validation,natural,Nhà 4 người nên mua máy sấy bao nhiêu kg?,DRYER_ADVICE,DRYER_ADVISOR,"{""people"": ""extract_if_present"", ""budget"": ""extract_if_present"", ""priorities"": ""extract""}",EXTRACT_REQUIREMENTS_AND_FILTER,"[""PRODUCT_DB"", ""KNOWLEDGE_DB"", ""SKILL_RULES""]",ADVICE_WITH_PRODUCTS,"[""Use capacity/compatibility/features from verified data.""]","[""Do not invent product, price, stock, promotion, ranking or specification."", ""Use only verified backend/system data for factual commerce claims.""]",,
DRYER_001-02,DRYER_001,validation,no_accent,Nha 4 nguoi nen mua may say bao nhieu kg?,DRYER_ADVICE,DRYER_ADVISOR,"{""people"": ""extract_if_present"", ""budget"": ""extract_if_present"", ""priorities"": ""extract""}",EXTRACT_REQUIREMENTS_AND_FILTER,"[""PRODUCT_DB"", ""KNOWLEDGE_DB"", ""SKILL_RULES""]",ADVICE_WITH_PRODUCTS,"[""Use capacity/compatibility/features from verified data.""]","[""Do not invent product, price, stock, promotion, ranking or specification."", ""Use only verified backend/system data for factual commerce claims.""]",,
DRYER_001-03,DRYER_001,validation,slang,nhà 4 người nên mua máy sấy bn kg?,DRYER_ADVICE,DRYER_ADVISOR,"{""people"": ""extract_if_present"", ""budget"": ""extract_if_present"", ""priorities"": ""extract""}",EXTRACT_REQUIREMENTS_AND_FILTER,"[""PRODUCT_DB"", ""KNOWLEDGE_DB"", ""SKILL_RULES""]",ADVICE_WITH_PRODUCTS,"[""Use capacity/compatibility/features from verified data.""]","[""Do not invent product, price, stock, promotion, ranking or specification."", ""Use only verified backend/system data for factual commerce claims.""]",,
DRYER_001-04,DRYER_001,validation,natural,Máy sấy bơm nhiệt có đáng tiền không?,DRYER_ADVICE,DRYER_ADVISOR,"{""people"": ""extract_if_present"", ""budget"": ""extract_if_present"", ""priorities"": ""extract""}",EXTRACT_REQUIREMENTS_AND_FILTER,"[""PRODUCT_DB"", ""KNOWLEDGE_DB"", ""SKILL_RULES""]",ADVICE_WITH_PRODUCTS,"[""Use capacity/compatibility/features from verified data.""]","[""Do not invent product, price, stock, promotion, ranking or specification."", ""Use only verified backend/system data for factual commerce claims.""]",,
DRYER_001-05,DRYER_001,validation,no_accent,May say bom nhiet co dang tien khong?,DRYER_ADVICE,DRYER_ADVISOR,"{""people"": ""extract_if_present"", ""budget"": ""extract_if_present"", ""priorities"": ""extract""}",EXTRACT_REQUIREMENTS_AND_FILTER,"[""PRODUCT_DB"", ""KNOWLEDGE_DB"", ""SKILL_RULES""]",ADVICE_WITH_PRODUCTS,"[""Use capacity/compatibility/features from verified data.""]","[""Do not invent product, price, stock, promotion, ranking or specification."", ""Use only verified backend/system data for factual commerce claims.""]",,
DRYER_001-06,DRYER_001,validation,slang,máy sấy bơm nhiệt có đáng tiền ko?,DRYER_ADVICE,DRYER_ADVISOR,"{""people"": ""extract_if_present"", ""budget"": ""extract_if_present"", ""priorities"": ""extract""}",EXTRACT_REQUIREMENTS_AND_FILTER,"[""PRODUCT_DB"", ""KNOWLEDGE_DB"", ""SKILL_RULES""]",ADVICE_WITH_PRODUCTS,"[""Use capacity/compatibility/features from verified data.""]","[""Do not invent product, price, stock, promotion, ranking or specification."", ""Use only verified backend/system data for factual commerce claims.""]",,
DRYER_001-07,DRYER_001,validation,natural,Tôi muốn máy sấy tiết kiệm điện và ít nhăn,DRYER_ADVICE,DRYER_ADVISOR,"{""people"": ""extract_if_present"", ""budget"": ""extract_if_present"", ""priorities"": ""extract""}",EXTRACT_REQUIREMENTS_AND_FILTER,"[""PRODUCT_DB"", ""KNOWLEDGE_DB"", ""SKILL_RULES""]",ADVICE_WITH_PRODUCTS,"[""Use capacity/compatibility/features from verified data.""]","[""Do not invent product, price, stock, promotion, ranking or specification."", ""Use only verified backend/system data for factual commerce claims.""]",,
DRYER_001-08,DRYER_001,validation,no_accent,Toi muon may say tiet kiem dien va it nhan,DRYER_ADVICE,DRYER_ADVISOR,"{""people"": ""extract_if_present"", ""budget"": ""extract_if_present"", ""priorities"": ""extract""}",EXTRACT_REQUIREMENTS_AND_FILTER,"[""PRODUCT_DB"", ""KNOWLEDGE_DB"", ""SKILL_RULES""]",ADVICE_WITH_PRODUCTS,"[""Use capacity/compatibility/features from verified data.""]","[""Do not invent product, price, stock, promotion, ranking or specification."", ""Use only verified backend/system data for factual commerce claims.""]",,
DRYER_001-09,DRYER_001,validation,natural,Máy sấy nào phù hợp đặt chồng lên máy giặt?,DRYER_ADVICE,DRYER_ADVISOR,"{""people"": ""extract_if_present"", ""budget"": ""extract_if_present"", ""priorities"": ""extract""}",EXTRACT_REQUIREMENTS_AND_FILTER,"[""PRODUCT_DB"", ""KNOWLEDGE_DB"", ""SKILL_RULES""]",ADVICE_WITH_PRODUCTS,"[""Use capacity/compatibility/features from verified data.""]","[""Do not invent product, price, stock, promotion, ranking or specification."", ""Use only verified backend/system data for factual commerce claims.""]",,
DRYER_001-10,DRYER_001,validation,no_accent,May say nao phu hop dat chong len may giat?,DRYER_ADVICE,DRYER_ADVISOR,"{""people"": ""extract_if_present"", ""budget"": ""extract_if_present"", ""priorities"": ""extract""}",EXTRACT_REQUIREMENTS_AND_FILTER,"[""PRODUCT_DB"", ""KNOWLEDGE_DB"", ""SKILL_RULES""]",ADVICE_WITH_PRODUCTS,"[""Use capacity/compatibility/features from verified data.""]","[""Do not invent product, price, stock, promotion, ranking or specification."", ""Use only verified backend/system data for factual commerce claims.""]",,
DRYER_001-11,DRYER_001,validation,slang,máy sấy nào phù hợp đặt chồng lên may giat?,DRYER_ADVICE,DRYER_ADVISOR,"{""people"": ""extract_if_present"", ""budget"": ""extract_if_present"", ""priorities"": ""extract""}",EXTRACT_REQUIREMENTS_AND_FILTER,"[""PRODUCT_DB"", ""KNOWLEDGE_DB"", ""SKILL_RULES""]",ADVICE_WITH_PRODUCTS,"[""Use capacity/compatibility/features from verified data.""]","[""Do not invent product, price, stock, promotion, ranking or specification."", ""Use only verified backend/system data for factual commerce claims.""]",,
DRYER_001-12,DRYER_001,validation,natural,Máy sấy dưới 20 triệu loại nào hợp gia đình 5 người?,DRYER_ADVICE,DRYER_ADVISOR,"{""people"": ""extract_if_present"", ""budget"": ""extract_if_present"", ""priorities"": ""extract""}",EXTRACT_REQUIREMENTS_AND_FILTER,"[""PRODUCT_DB"", ""KNOWLEDGE_DB"", ""SKILL_RULES""]",ADVICE_WITH_PRODUCTS,"[""Use capacity/compatibility/features from verified data.""]","[""Do not invent product, price, stock, promotion, ranking or specification."", ""Use only verified backend/system data for factual commerce claims.""]",,
DRYER_001-13,DRYER_001,validation,no_accent,May say duoi 20 trieu loai nao hop gia dinh 5 nguoi?,DRYER_ADVICE,DRYER_ADVISOR,"{""people"": ""extract_if_present"", ""budget"": ""extract_if_present"", ""priorities"": ""extract""}",EXTRACT_REQUIREMENTS_AND_FILTER,"[""PRODUCT_DB"", ""KNOWLEDGE_DB"", ""SKILL_RULES""]",ADVICE_WITH_PRODUCTS,"[""Use capacity/compatibility/features from verified data.""]","[""Do not invent product, price, stock, promotion, ranking or specification."", ""Use only verified backend/system data for factual commerce claims.""]",,
DISH_001-01,DISH_001,train,natural,Nhà 4 người dùng máy rửa bát bao nhiêu bộ?,DISHWASHER_ADVICE,DISHWASHER_ADVISOR,"{""people"": ""extract_if_present"", ""budget"": ""extract_if_present"", ""installation"": ""extract_if_present""}",EXTRACT_REQUIREMENTS_AND_FILTER,"[""PRODUCT_DB"", ""KNOWLEDGE_DB"", ""SKILL_RULES""]",ADVICE_WITH_PRODUCTS,"[""Map household/load/installation constraints to product attributes.""]","[""Do not invent product, price, stock, promotion, ranking or specification."", ""Use only verified backend/system data for factual commerce claims.""]",,
DISH_001-02,DISH_001,train,no_accent,Nha 4 nguoi dung may rua bat bao nhieu bo?,DISHWASHER_ADVICE,DISHWASHER_ADVISOR,"{""people"": ""extract_if_present"", ""budget"": ""extract_if_present"", ""installation"": ""extract_if_present""}",EXTRACT_REQUIREMENTS_AND_FILTER,"[""PRODUCT_DB"", ""KNOWLEDGE_DB"", ""SKILL_RULES""]",ADVICE_WITH_PRODUCTS,"[""Map household/load/installation constraints to product attributes.""]","[""Do not invent product, price, stock, promotion, ranking or specification."", ""Use only verified backend/system data for factual commerce claims.""]",,
DISH_001-03,DISH_001,train,slang,nhà 4 người dùng máy rửa bát bn bộ?,DISHWASHER_ADVICE,DISHWASHER_ADVISOR,"{""people"": ""extract_if_present"", ""budget"": ""extract_if_present"", ""installation"": ""extract_if_present""}",EXTRACT_REQUIREMENTS_AND_FILTER,"[""PRODUCT_DB"", ""KNOWLEDGE_DB"", ""SKILL_RULES""]",ADVICE_WITH_PRODUCTS,"[""Map household/load/installation constraints to product attributes.""]","[""Do not invent product, price, stock, promotion, ranking or specification."", ""Use only verified backend/system data for factual commerce claims.""]",,
DISH_001-04,DISH_001,train,natural,Bếp nhỏ nên mua máy rửa bát âm hay độc lập?,DISHWASHER_ADVICE,DISHWASHER_ADVISOR,"{""people"": ""extract_if_present"", ""budget"": ""extract_if_present"", ""installation"": ""extract_if_present""}",EXTRACT_REQUIREMENTS_AND_FILTER,"[""PRODUCT_DB"", ""KNOWLEDGE_DB"", ""SKILL_RULES""]",ADVICE_WITH_PRODUCTS,"[""Map household/load/installation constraints to product attributes.""]","[""Do not invent product, price, stock, promotion, ranking or specification."", ""Use only verified backend/system data for factual commerce claims.""]",,
DISH_001-05,DISH_001,train,no_accent,Bep nho nen mua may rua bat am hay doc lap?,DISHWASHER_ADVICE,DISHWASHER_ADVISOR,"{""people"": ""extract_if_present"", ""budget"": ""extract_if_present"", ""installation"": ""extract_if_present""}",EXTRACT_REQUIREMENTS_AND_FILTER,"[""PRODUCT_DB"", ""KNOWLEDGE_DB"", ""SKILL_RULES""]",ADVICE_WITH_PRODUCTS,"[""Map household/load/installation constraints to product attributes.""]","[""Do not invent product, price, stock, promotion, ranking or specification."", ""Use only verified backend/system data for factual commerce claims.""]",,
DISH_001-06,DISH_001,train,natural,Máy rửa bát nào sấy khô tốt?,DISHWASHER_ADVICE,DISHWASHER_ADVISOR,"{""people"": ""extract_if_present"", ""budget"": ""extract_if_present"", ""installation"": ""extract_if_present""}",EXTRACT_REQUIREMENTS_AND_FILTER,"[""PRODUCT_DB"", ""KNOWLEDGE_DB"", ""SKILL_RULES""]",ADVICE_WITH_PRODUCTS,"[""Map household/load/installation constraints to product attributes.""]","[""Do not invent product, price, stock, promotion, ranking or specification."", ""Use only verified backend/system data for factual commerce claims.""]",,
DISH_001-07,DISH_001,train,no_accent,May rua bat nao say kho tot?,DISHWASHER_ADVICE,DISHWASHER_ADVISOR,"{""people"": ""extract_if_present"", ""budget"": ""extract_if_present"", ""installation"": ""extract_if_present""}",EXTRACT_REQUIREMENTS_AND_FILTER,"[""PRODUCT_DB"", ""KNOWLEDGE_DB"", ""SKILL_RULES""]",ADVICE_WITH_PRODUCTS,"[""Map household/load/installation constraints to product attributes.""]","[""Do not invent product, price, stock, promotion, ranking or specification."", ""Use only verified backend/system data for factual commerce claims.""]",,
DISH_001-08,DISH_001,train,natural,Tôi cần máy rửa bát dưới 15 triệu,DISHWASHER_ADVICE,DISHWASHER_ADVISOR,"{""people"": ""extract_if_present"", ""budget"": ""extract_if_present"", ""installation"": ""extract_if_present""}",EXTRACT_REQUIREMENTS_AND_FILTER,"[""PRODUCT_DB"", ""KNOWLEDGE_DB"", ""SKILL_RULES""]",ADVICE_WITH_PRODUCTS,"[""Map household/load/installation constraints to product attributes.""]","[""Do not invent product, price, stock, promotion, ranking or specification."", ""Use only verified backend/system data for factual commerce claims.""]",,
DISH_001-09,DISH_001,train,no_accent,Toi can may rua bat duoi 15 trieu,DISHWASHER_ADVICE,DISHWASHER_ADVISOR,"{""people"": ""extract_if_present"", ""budget"": ""extract_if_present"", ""installation"": ""extract_if_present""}",EXTRACT_REQUIREMENTS_AND_FILTER,"[""PRODUCT_DB"", ""KNOWLEDGE_DB"", ""SKILL_RULES""]",ADVICE_WITH_PRODUCTS,"[""Map household/load/installation constraints to product attributes.""]","[""Do not invent product, price, stock, promotion, ranking or specification."", ""Use only verified backend/system data for factual commerce claims.""]",,
DISH_001-10,DISH_001,train,natural,Nhà 6 người nên mua máy rửa bát cỡ nào?,DISHWASHER_ADVICE,DISHWASHER_ADVISOR,"{""people"": ""extract_if_present"", ""budget"": ""extract_if_present"", ""installation"": ""extract_if_present""}",EXTRACT_REQUIREMENTS_AND_FILTER,"[""PRODUCT_DB"", ""KNOWLEDGE_DB"", ""SKILL_RULES""]",ADVICE_WITH_PRODUCTS,"[""Map household/load/installation constraints to product attributes.""]","[""Do not invent product, price, stock, promotion, ranking or specification."", ""Use only verified backend/system data for factual commerce claims.""]",,
DISH_001-11,DISH_001,train,no_accent,Nha 6 nguoi nen mua may rua bat co nao?,DISHWASHER_ADVICE,DISHWASHER_ADVISOR,"{""people"": ""extract_if_present"", ""budget"": ""extract_if_present"", ""installation"": ""extract_if_present""}",EXTRACT_REQUIREMENTS_AND_FILTER,"[""PRODUCT_DB"", ""KNOWLEDGE_DB"", ""SKILL_RULES""]",ADVICE_WITH_PRODUCTS,"[""Map household/load/installation constraints to product attributes.""]","[""Do not invent product, price, stock, promotion, ranking or specification."", ""Use only verified backend/system data for factual commerce claims.""]",,
VAC_001-01,VAC_001,validation,natural,Nhà 80m2 nên mua robot hút bụi loại nào?,VACUUM_ADVICE,VACUUM_ADVISOR,"{""area_m2"": ""extract_if_present"", ""pets"": ""extract_if_present"", ""budget"": ""extract_if_present"", ""floor_type"": ""extract_if_present""}",EXTRACT_REQUIREMENTS_AND_FILTER,"[""PRODUCT_DB"", ""KNOWLEDGE_DB""]",ADVICE_WITH_PRODUCTS,"[""Use suction, navigation, mop, anti-tangle and floor compatibility only if present in data.""]","[""Do not invent product, price, stock, promotion, ranking or specification."", ""Use only verified backend/system data for factual commerce claims.""]",,
VAC_001-02,VAC_001,validation,no_accent,Nha 80m2 nen mua robot hut bui loai nao?,VACUUM_ADVICE,VACUUM_ADVISOR,"{""area_m2"": ""extract_if_present"", ""pets"": ""extract_if_present"", ""budget"": ""extract_if_present"", ""floor_type"": ""extract_if_present""}",EXTRACT_REQUIREMENTS_AND_FILTER,"[""PRODUCT_DB"", ""KNOWLEDGE_DB""]",ADVICE_WITH_PRODUCTS,"[""Use suction, navigation, mop, anti-tangle and floor compatibility only if present in data.""]","[""Do not invent product, price, stock, promotion, ranking or specification."", ""Use only verified backend/system data for factual commerce claims.""]",,
VAC_001-03,VAC_001,validation,natural,Nhà có thú cưng nên chọn robot hút bụi ra sao?,VACUUM_ADVICE,VACUUM_ADVISOR,"{""area_m2"": ""extract_if_present"", ""pets"": ""extract_if_present"", ""budget"": ""extract_if_present"", ""floor_type"": ""extract_if_present""}",EXTRACT_REQUIREMENTS_AND_FILTER,"[""PRODUCT_DB"", ""KNOWLEDGE_DB""]",ADVICE_WITH_PRODUCTS,"[""Use suction, navigation, mop, anti-tangle and floor compatibility only if present in data.""]","[""Do not invent product, price, stock, promotion, ranking or specification."", ""Use only verified backend/system data for factual commerce claims.""]",,
VAC_001-04,VAC_001,validation,no_accent,Nha co thu cung nen chon robot hut bui ra sao?,VACUUM_ADVICE,VACUUM_ADVISOR,"{""area_m2"": ""extract_if_present"", ""pets"": ""extract_if_present"", ""budget"": ""extract_if_present"", ""floor_type"": ""extract_if_present""}",EXTRACT_REQUIREMENTS_AND_FILTER,"[""PRODUCT_DB"", ""KNOWLEDGE_DB""]",ADVICE_WITH_PRODUCTS,"[""Use suction, navigation, mop, anti-tangle and floor compatibility only if present in data.""]","[""Do not invent product, price, stock, promotion, ranking or specification."", ""Use only verified backend/system data for factual commerce claims.""]",,
VAC_001-05,VAC_001,validation,natural,Robot nào vừa hút vừa lau tốt?,VACUUM_ADVICE,VACUUM_ADVISOR,"{""area_m2"": ""extract_if_present"", ""pets"": ""extract_if_present"", ""budget"": ""extract_if_present"", ""floor_type"": ""extract_if_present""}",EXTRACT_REQUIREMENTS_AND_FILTER,"[""PRODUCT_DB"", ""KNOWLEDGE_DB""]",ADVICE_WITH_PRODUCTS,"[""Use suction, navigation, mop, anti-tangle and floor compatibility only if present in data.""]","[""Do not invent product, price, stock, promotion, ranking or specification."", ""Use only verified backend/system data for factual commerce claims.""]",,
VAC_001-06,VAC_001,validation,no_accent,Robot nao vua hut vua lau tot?,VACUUM_ADVICE,VACUUM_ADVISOR,"{""area_m2"": ""extract_if_present"", ""pets"": ""extract_if_present"", ""budget"": ""extract_if_present"", ""floor_type"": ""extract_if_present""}",EXTRACT_REQUIREMENTS_AND_FILTER,"[""PRODUCT_DB"", ""KNOWLEDGE_DB""]",ADVICE_WITH_PRODUCTS,"[""Use suction, navigation, mop, anti-tangle and floor compatibility only if present in data.""]","[""Do not invent product, price, stock, promotion, ranking or specification."", ""Use only verified backend/system data for factual commerce claims.""]",,
VAC_001-07,VAC_001,validation,natural,Tôi cần máy hút bụi cầm tay dưới 5 triệu,VACUUM_ADVICE,VACUUM_ADVISOR,"{""area_m2"": ""extract_if_present"", ""pets"": ""extract_if_present"", ""budget"": ""extract_if_present"", ""floor_type"": ""extract_if_present""}",EXTRACT_REQUIREMENTS_AND_FILTER,"[""PRODUCT_DB"", ""KNOWLEDGE_DB""]",ADVICE_WITH_PRODUCTS,"[""Use suction, navigation, mop, anti-tangle and floor compatibility only if present in data.""]","[""Do not invent product, price, stock, promotion, ranking or specification."", ""Use only verified backend/system data for factual commerce claims.""]",,
VAC_001-08,VAC_001,validation,no_accent,Toi can may hut bui cam tay duoi 5 trieu,VACUUM_ADVICE,VACUUM_ADVISOR,"{""area_m2"": ""extract_if_present"", ""pets"": ""extract_if_present"", ""budget"": ""extract_if_present"", ""floor_type"": ""extract_if_present""}",EXTRACT_REQUIREMENTS_AND_FILTER,"[""PRODUCT_DB"", ""KNOWLEDGE_DB""]",ADVICE_WITH_PRODUCTS,"[""Use suction, navigation, mop, anti-tangle and floor compatibility only if present in data.""]","[""Do not invent product, price, stock, promotion, ranking or specification."", ""Use only verified backend/system data for factual commerce claims.""]",,
VAC_001-09,VAC_001,validation,natural,Nhà nhiều thảm thì robot hút bụi cần tính năng gì?,VACUUM_ADVICE,VACUUM_ADVISOR,"{""area_m2"": ""extract_if_present"", ""pets"": ""extract_if_present"", ""budget"": ""extract_if_present"", ""floor_type"": ""extract_if_present""}",EXTRACT_REQUIREMENTS_AND_FILTER,"[""PRODUCT_DB"", ""KNOWLEDGE_DB""]",ADVICE_WITH_PRODUCTS,"[""Use suction, navigation, mop, anti-tangle and floor compatibility only if present in data.""]","[""Do not invent product, price, stock, promotion, ranking or specification."", ""Use only verified backend/system data for factual commerce claims.""]",,
VAC_001-10,VAC_001,validation,no_accent,Nha nhieu tham thi robot hut bui can tinh nang gi?,VACUUM_ADVICE,VACUUM_ADVISOR,"{""area_m2"": ""extract_if_present"", ""pets"": ""extract_if_present"", ""budget"": ""extract_if_present"", ""floor_type"": ""extract_if_present""}",EXTRACT_REQUIREMENTS_AND_FILTER,"[""PRODUCT_DB"", ""KNOWLEDGE_DB""]",ADVICE_WITH_PRODUCTS,"[""Use suction, navigation, mop, anti-tangle and floor compatibility only if present in data.""]","[""Do not invent product, price, stock, promotion, ranking or specification."", ""Use only verified backend/system data for factual commerce claims.""]",,
COOK_001-01,COOK_001,train,natural,Bếp từ đôi nào phù hợp gia đình 4 người?,COOKING_APPLIANCE_ADVICE,COOKING_APPLIANCE_ADVISOR,"{""category"": ""extract"", ""people"": ""extract_if_present"", ""budget"": ""extract_if_present"", ""installation"": ""extract_if_present""}",EXTRACT_REQUIREMENTS_AND_FILTER,"[""PRODUCT_DB"", ""KNOWLEDGE_DB"", ""SKILL_RULES""]",ADVICE_WITH_PRODUCTS,"[""Use capacity/power/installation constraints from verified data.""]","[""Do not invent product, price, stock, promotion, ranking or specification."", ""Use only verified backend/system data for factual commerce claims.""]",,
COOK_001-02,COOK_001,train,no_accent,Bep tu doi nao phu hop gia dinh 4 nguoi?,COOKING_APPLIANCE_ADVICE,COOKING_APPLIANCE_ADVISOR,"{""category"": ""extract"", ""people"": ""extract_if_present"", ""budget"": ""extract_if_present"", ""installation"": ""extract_if_present""}",EXTRACT_REQUIREMENTS_AND_FILTER,"[""PRODUCT_DB"", ""KNOWLEDGE_DB"", ""SKILL_RULES""]",ADVICE_WITH_PRODUCTS,"[""Use capacity/power/installation constraints from verified data.""]","[""Do not invent product, price, stock, promotion, ranking or specification."", ""Use only verified backend/system data for factual commerce claims.""]",,
COOK_001-03,COOK_001,train,natural,Nồi cơm điện cho 5 người nên mua bao nhiêu lít?,COOKING_APPLIANCE_ADVICE,COOKING_APPLIANCE_ADVISOR,"{""category"": ""extract"", ""people"": ""extract_if_present"", ""budget"": ""extract_if_present"", ""installation"": ""extract_if_present""}",EXTRACT_REQUIREMENTS_AND_FILTER,"[""PRODUCT_DB"", ""KNOWLEDGE_DB"", ""SKILL_RULES""]",ADVICE_WITH_PRODUCTS,"[""Use capacity/power/installation constraints from verified data.""]","[""Do not invent product, price, stock, promotion, ranking or specification."", ""Use only verified backend/system data for factual commerce claims.""]",,
COOK_001-04,COOK_001,train,no_accent,Noi com dien cho 5 nguoi nen mua bao nhieu lit?,COOKING_APPLIANCE_ADVICE,COOKING_APPLIANCE_ADVISOR,"{""category"": ""extract"", ""people"": ""extract_if_present"", ""budget"": ""extract_if_present"", ""installation"": ""extract_if_present""}",EXTRACT_REQUIREMENTS_AND_FILTER,"[""PRODUCT_DB"", ""KNOWLEDGE_DB"", ""SKILL_RULES""]",ADVICE_WITH_PRODUCTS,"[""Use capacity/power/installation constraints from verified data.""]","[""Do not invent product, price, stock, promotion, ranking or specification."", ""Use only verified backend/system data for factual commerce claims.""]",,
COOK_001-05,COOK_001,train,slang,nồi cơm điện cho 5 người nên mua bn lít?,COOKING_APPLIANCE_ADVICE,COOKING_APPLIANCE_ADVISOR,"{""category"": ""extract"", ""people"": ""extract_if_present"", ""budget"": ""extract_if_present"", ""installation"": ""extract_if_present""}",EXTRACT_REQUIREMENTS_AND_FILTER,"[""PRODUCT_DB"", ""KNOWLEDGE_DB"", ""SKILL_RULES""]",ADVICE_WITH_PRODUCTS,"[""Use capacity/power/installation constraints from verified data.""]","[""Do not invent product, price, stock, promotion, ranking or specification."", ""Use only verified backend/system data for factual commerce claims.""]",,
COOK_001-06,COOK_001,train,natural,Lò vi sóng có nướng dưới 5 triệu,COOKING_APPLIANCE_ADVICE,COOKING_APPLIANCE_ADVISOR,"{""category"": ""extract"", ""people"": ""extract_if_present"", ""budget"": ""extract_if_present"", ""installation"": ""extract_if_present""}",EXTRACT_REQUIREMENTS_AND_FILTER,"[""PRODUCT_DB"", ""KNOWLEDGE_DB"", ""SKILL_RULES""]",ADVICE_WITH_PRODUCTS,"[""Use capacity/power/installation constraints from verified data.""]","[""Do not invent product, price, stock, promotion, ranking or specification."", ""Use only verified backend/system data for factual commerce claims.""]",,
COOK_001-07,COOK_001,train,no_accent,Lo vi song co nuong duoi 5 trieu,COOKING_APPLIANCE_ADVICE,COOKING_APPLIANCE_ADVISOR,"{""category"": ""extract"", ""people"": ""extract_if_present"", ""budget"": ""extract_if_present"", ""installation"": ""extract_if_present""}",EXTRACT_REQUIREMENTS_AND_FILTER,"[""PRODUCT_DB"", ""KNOWLEDGE_DB"", ""SKILL_RULES""]",ADVICE_WITH_PRODUCTS,"[""Use capacity/power/installation constraints from verified data.""]","[""Do not invent product, price, stock, promotion, ranking or specification."", ""Use only verified backend/system data for factual commerce claims.""]",,
COOK_001-08,COOK_001,train,natural,Nồi chiên không dầu cho gia đình 4 người nên bao nhiêu lít?,COOKING_APPLIANCE_ADVICE,COOKING_APPLIANCE_ADVISOR,"{""category"": ""extract"", ""people"": ""extract_if_present"", ""budget"": ""extract_if_present"", ""installation"": ""extract_if_present""}",EXTRACT_REQUIREMENTS_AND_FILTER,"[""PRODUCT_DB"", ""KNOWLEDGE_DB"", ""SKILL_RULES""]",ADVICE_WITH_PRODUCTS,"[""Use capacity/power/installation constraints from verified data.""]","[""Do not invent product, price, stock, promotion, ranking or specification."", ""Use only verified backend/system data for factual commerce claims.""]",,
COOK_001-09,COOK_001,train,no_accent,Noi chien khong dau cho gia dinh 4 nguoi nen bao nhieu lit?,COOKING_APPLIANCE_ADVICE,COOKING_APPLIANCE_ADVISOR,"{""category"": ""extract"", ""people"": ""extract_if_present"", ""budget"": ""extract_if_present"", ""installation"": ""extract_if_present""}",EXTRACT_REQUIREMENTS_AND_FILTER,"[""PRODUCT_DB"", ""KNOWLEDGE_DB"", ""SKILL_RULES""]",ADVICE_WITH_PRODUCTS,"[""Use capacity/power/installation constraints from verified data.""]","[""Do not invent product, price, stock, promotion, ranking or specification."", ""Use only verified backend/system data for factual commerce claims.""]",,
COOK_001-10,COOK_001,train,slang,nồi chiên ko dầu cho gia đình 4 người nên bn lít?,COOKING_APPLIANCE_ADVICE,COOKING_APPLIANCE_ADVISOR,"{""category"": ""extract"", ""people"": ""extract_if_present"", ""budget"": ""extract_if_present"", ""installation"": ""extract_if_present""}",EXTRACT_REQUIREMENTS_AND_FILTER,"[""PRODUCT_DB"", ""KNOWLEDGE_DB"", ""SKILL_RULES""]",ADVICE_WITH_PRODUCTS,"[""Use capacity/power/installation constraints from verified data.""]","[""Do not invent product, price, stock, promotion, ranking or specification."", ""Use only verified backend/system data for factual commerce claims.""]",,
COOK_001-11,COOK_001,train,natural,Bếp từ âm hay bếp từ dương phù hợp căn hộ?,COOKING_APPLIANCE_ADVICE,COOKING_APPLIANCE_ADVISOR,"{""category"": ""extract"", ""people"": ""extract_if_present"", ""budget"": ""extract_if_present"", ""installation"": ""extract_if_present""}",EXTRACT_REQUIREMENTS_AND_FILTER,"[""PRODUCT_DB"", ""KNOWLEDGE_DB"", ""SKILL_RULES""]",ADVICE_WITH_PRODUCTS,"[""Use capacity/power/installation constraints from verified data.""]","[""Do not invent product, price, stock, promotion, ranking or specification."", ""Use only verified backend/system data for factual commerce claims.""]",,
COOK_001-12,COOK_001,train,no_accent,Bep tu am hay bep tu duong phu hop can ho?,COOKING_APPLIANCE_ADVICE,COOKING_APPLIANCE_ADVISOR,"{""category"": ""extract"", ""people"": ""extract_if_present"", ""budget"": ""extract_if_present"", ""installation"": ""extract_if_present""}",EXTRACT_REQUIREMENTS_AND_FILTER,"[""PRODUCT_DB"", ""KNOWLEDGE_DB"", ""SKILL_RULES""]",ADVICE_WITH_PRODUCTS,"[""Use capacity/power/installation constraints from verified data.""]","[""Do not invent product, price, stock, promotion, ranking or specification."", ""Use only verified backend/system data for factual commerce claims.""]",,
TYPO_AC_001-01,TYPO_AC_001,train,natural,phong ngu 20m2 dung dieu hoa bao nhieu btu,AIR_CONDITIONER_SIZING,AIR_CONDITIONER_SIZING,"{""area_m2"": ""extract"", ""heat_load_factors"": ""extract_if_present""}",CALCULATE_THEN_SEARCH,"[""SKILL_RULES"", ""PRODUCT_DB""]",ADVICE_WITH_PRODUCTS,"[""Normalize unaccented/slang Vietnamese before classification.""]","[""Do not invent product, price, stock, promotion, ranking or specification."", ""Use only verified backend/system data for factual commerce claims.""]",,
TYPO_AC_001-02,TYPO_AC_001,train,natural,20 met vuong lap may lanh may ngua,AIR_CONDITIONER_SIZING,AIR_CONDITIONER_SIZING,"{""area_m2"": ""extract"", ""heat_load_factors"": ""extract_if_present""}",CALCULATE_THEN_SEARCH,"[""SKILL_RULES"", ""PRODUCT_DB""]",ADVICE_WITH_PRODUCTS,"[""Normalize unaccented/slang Vietnamese before classification.""]","[""Do not invent product, price, stock, promotion, ranking or specification."", ""Use only verified backend/system data for factual commerce claims.""]",,
TYPO_AC_001-03,TYPO_AC_001,train,natural,phong 4x5 dieu hoa 1hp dc ko,AIR_CONDITIONER_SIZING,AIR_CONDITIONER_SIZING,"{""area_m2"": ""extract"", ""heat_load_factors"": ""extract_if_present""}",CALCULATE_THEN_SEARCH,"[""SKILL_RULES"", ""PRODUCT_DB""]",ADVICE_WITH_PRODUCTS,"[""Normalize unaccented/slang Vietnamese before classification.""]","[""Do not invent product, price, stock, promotion, ranking or specification."", ""Use only verified backend/system data for factual commerce claims.""]",,
TYPO_AC_001-04,TYPO_AC_001,train,natural,20m tang cuoi huong tay thi 12k du ko,AIR_CONDITIONER_SIZING,AIR_CONDITIONER_SIZING,"{""area_m2"": ""extract"", ""heat_load_factors"": ""extract_if_present""}",CALCULATE_THEN_SEARCH,"[""SKILL_RULES"", ""PRODUCT_DB""]",ADVICE_WITH_PRODUCTS,"[""Normalize unaccented/slang Vietnamese before classification.""]","[""Do not invent product, price, stock, promotion, ranking or specification."", ""Use only verified backend/system data for factual commerce claims.""]",,
TYPO_AC_001-05,TYPO_AC_001,train,natural,phong 25m2 nen dung 12k hay 18k,AIR_CONDITIONER_SIZING,AIR_CONDITIONER_SIZING,"{""area_m2"": ""extract"", ""heat_load_factors"": ""extract_if_present""}",CALCULATE_THEN_SEARCH,"[""SKILL_RULES"", ""PRODUCT_DB""]",ADVICE_WITH_PRODUCTS,"[""Normalize unaccented/slang Vietnamese before classification.""]","[""Do not invent product, price, stock, promotion, ranking or specification."", ""Use only verified backend/system data for factual commerce claims.""]",,
TYPO_PRICE_001-01,TYPO_PRICE_001,train,natural,ftkb35 bn tien,PRODUCT_PRICE,,"{""product"": ""resolve_from_text_or_context""}",GET_CURRENT_PRICE,"[""PRICE_SERVICE"", ""PRODUCT_DB"", ""CLIENT_CONTEXT""]",DIRECT_TEMPLATE,"[""Resolve short product reference from context where possible.""]","[""Do not invent product, price, stock, promotion, ranking or specification."", ""Use only verified backend/system data for factual commerce claims.""]",,
TYPO_PRICE_001-02,TYPO_PRICE_001,train,natural,con daikin kia gia bn,PRODUCT_PRICE,,"{""product"": ""resolve_from_text_or_context""}",GET_CURRENT_PRICE,"[""PRICE_SERVICE"", ""PRODUCT_DB"", ""CLIENT_CONTEXT""]",DIRECT_TEMPLATE,"[""Resolve short product reference from context where possible.""]","[""Do not invent product, price, stock, promotion, ranking or specification."", ""Use only verified backend/system data for factual commerce claims.""]",,
TYPO_PRICE_001-03,TYPO_PRICE_001,train,natural,lg fv1412 gia hien tai,PRODUCT_PRICE,,"{""product"": ""resolve_from_text_or_context""}",GET_CURRENT_PRICE,"[""PRICE_SERVICE"", ""PRODUCT_DB"", ""CLIENT_CONTEXT""]",DIRECT_TEMPLATE,"[""Resolve short product reference from context where possible.""]","[""Do not invent product, price, stock, promotion, ranking or specification."", ""Use only verified backend/system data for factual commerce claims.""]",,
TYPO_PRICE_001-04,TYPO_PRICE_001,train,natural,xpu12 bao nhieu,PRODUCT_PRICE,,"{""product"": ""resolve_from_text_or_context""}",GET_CURRENT_PRICE,"[""PRICE_SERVICE"", ""PRODUCT_DB"", ""CLIENT_CONTEXT""]",DIRECT_TEMPLATE,"[""Resolve short product reference from context where possible.""]","[""Do not invent product, price, stock, promotion, ranking or specification."", ""Use only verified backend/system data for factual commerce claims.""]",,
TYPO_PRICE_001-05,TYPO_PRICE_001,train,natural,con nay gia sao,PRODUCT_PRICE,,"{""product"": ""resolve_from_text_or_context""}",GET_CURRENT_PRICE,"[""PRICE_SERVICE"", ""PRODUCT_DB"", ""CLIENT_CONTEXT""]",DIRECT_TEMPLATE,"[""Resolve short product reference from context where possible.""]","[""Do not invent product, price, stock, promotion, ranking or specification."", ""Use only verified backend/system data for factual commerce claims.""]",,
CONTRAST_MIDEA_01-01,CONTRAST_MIDEA_01,train,natural,Điều hòa Midea nào phù hợp nếu ưu tiên chạy êm?,PRODUCT_ADVICE,,"{""brand"": ""Midea"", ""category"": ""AIR_CONDITIONER"", ""priority"": ""quiet""}",EXTRACT_REQUIREMENTS_AND_FILTER,"[""PRODUCT_DB"", ""PRICE_SERVICE"", ""INVENTORY_SERVICE"", ""SALES_ANALYTICS""]",INTENT_SPECIFIC,"[""Distinguish this intent from other Midea air-conditioner queries.""]","[""Do not invent product, price, stock, promotion, ranking or specification."", ""Use only verified backend/system data for factual commerce claims.""]",,
CONTRAST_MIDEA_01-02,CONTRAST_MIDEA_01,train,no_accent,Dieu hoa Midea nao phu hop neu uu tien chay em?,PRODUCT_ADVICE,,"{""brand"": ""Midea"", ""category"": ""AIR_CONDITIONER"", ""priority"": ""quiet""}",EXTRACT_REQUIREMENTS_AND_FILTER,"[""PRODUCT_DB"", ""PRICE_SERVICE"", ""INVENTORY_SERVICE"", ""SALES_ANALYTICS""]",INTENT_SPECIFIC,"[""Distinguish this intent from other Midea air-conditioner queries.""]","[""Do not invent product, price, stock, promotion, ranking or specification."", ""Use only verified backend/system data for factual commerce claims.""]",,
CONTRAST_MIDEA_01-03,CONTRAST_MIDEA_01,train,slang,dieu hoa midea nào phù hợp nếu ưu tiên chạy êm?,PRODUCT_ADVICE,,"{""brand"": ""Midea"", ""category"": ""AIR_CONDITIONER"", ""priority"": ""quiet""}",EXTRACT_REQUIREMENTS_AND_FILTER,"[""PRODUCT_DB"", ""PRICE_SERVICE"", ""INVENTORY_SERVICE"", ""SALES_ANALYTICS""]",INTENT_SPECIFIC,"[""Distinguish this intent from other Midea air-conditioner queries.""]","[""Do not invent product, price, stock, promotion, ranking or specification."", ""Use only verified backend/system data for factual commerce claims.""]",,
CONTRAST_MIDEA_02-01,CONTRAST_MIDEA_02,train,natural,Điều hòa Midea nào bán chạy nhất?,BEST_SELLER,,"{""brand"": ""Midea"", ""category"": ""AIR_CONDITIONER""}",QUERY_VERIFIED_SALES_RANKING,"[""PRODUCT_DB"", ""PRICE_SERVICE"", ""INVENTORY_SERVICE"", ""SALES_ANALYTICS""]",INTENT_SPECIFIC,"[""Distinguish this intent from other Midea air-conditioner queries.""]","[""Do not invent product, price, stock, promotion, ranking or specification."", ""Use only verified backend/system data for factual commerce claims.""]",,
CONTRAST_MIDEA_02-02,CONTRAST_MIDEA_02,train,no_accent,Dieu hoa Midea nao ban chay nhat?,BEST_SELLER,,"{""brand"": ""Midea"", ""category"": ""AIR_CONDITIONER""}",QUERY_VERIFIED_SALES_RANKING,"[""PRODUCT_DB"", ""PRICE_SERVICE"", ""INVENTORY_SERVICE"", ""SALES_ANALYTICS""]",INTENT_SPECIFIC,"[""Distinguish this intent from other Midea air-conditioner queries.""]","[""Do not invent product, price, stock, promotion, ranking or specification."", ""Use only verified backend/system data for factual commerce claims.""]",,
CONTRAST_MIDEA_02-03,CONTRAST_MIDEA_02,train,slang,dieu hoa midea nào bán chạy nhất?,BEST_SELLER,,"{""brand"": ""Midea"", ""category"": ""AIR_CONDITIONER""}",QUERY_VERIFIED_SALES_RANKING,"[""PRODUCT_DB"", ""PRICE_SERVICE"", ""INVENTORY_SERVICE"", ""SALES_ANALYTICS""]",INTENT_SPECIFIC,"[""Distinguish this intent from other Midea air-conditioner queries.""]","[""Do not invent product, price, stock, promotion, ranking or specification."", ""Use only verified backend/system data for factual commerce claims.""]",,
CONTRAST_MIDEA_03-01,CONTRAST_MIDEA_03,validation,natural,Điều hòa Midea nào rẻ nhất?,PRICE_RANKING,,"{""brand"": ""Midea"", ""category"": ""AIR_CONDITIONER""}",SORT_BY_CURRENT_PRICE,"[""PRODUCT_DB"", ""PRICE_SERVICE"", ""INVENTORY_SERVICE"", ""SALES_ANALYTICS""]",INTENT_SPECIFIC,"[""Distinguish this intent from other Midea air-conditioner queries.""]","[""Do not invent product, price, stock, promotion, ranking or specification."", ""Use only verified backend/system data for factual commerce claims.""]",,
CONTRAST_MIDEA_03-02,CONTRAST_MIDEA_03,validation,no_accent,Dieu hoa Midea nao re nhat?,PRICE_RANKING,,"{""brand"": ""Midea"", ""category"": ""AIR_CONDITIONER""}",SORT_BY_CURRENT_PRICE,"[""PRODUCT_DB"", ""PRICE_SERVICE"", ""INVENTORY_SERVICE"", ""SALES_ANALYTICS""]",INTENT_SPECIFIC,"[""Distinguish this intent from other Midea air-conditioner queries.""]","[""Do not invent product, price, stock, promotion, ranking or specification."", ""Use only verified backend/system data for factual commerce claims.""]",,
CONTRAST_MIDEA_03-03,CONTRAST_MIDEA_03,validation,slang,dieu hoa midea nào rẻ nhất?,PRICE_RANKING,,"{""brand"": ""Midea"", ""category"": ""AIR_CONDITIONER""}",SORT_BY_CURRENT_PRICE,"[""PRODUCT_DB"", ""PRICE_SERVICE"", ""INVENTORY_SERVICE"", ""SALES_ANALYTICS""]",INTENT_SPECIFIC,"[""Distinguish this intent from other Midea air-conditioner queries.""]","[""Do not invent product, price, stock, promotion, ranking or specification."", ""Use only verified backend/system data for factual commerce claims.""]",,
CONTRAST_MIDEA_04-01,CONTRAST_MIDEA_04,test,natural,Điều hòa Midea nào tiết kiệm điện nhất?,FEATURE_RANKING,,"{""brand"": ""Midea"", ""category"": ""AIR_CONDITIONER"", ""feature"": ""energy_efficiency""}",SORT_BY_VERIFIED_FEATURE,"[""PRODUCT_DB"", ""PRICE_SERVICE"", ""INVENTORY_SERVICE"", ""SALES_ANALYTICS""]",INTENT_SPECIFIC,"[""Distinguish this intent from other Midea air-conditioner queries.""]","[""Do not invent product, price, stock, promotion, ranking or specification."", ""Use only verified backend/system data for factual commerce claims.""]",,
CONTRAST_MIDEA_04-02,CONTRAST_MIDEA_04,test,no_accent,Dieu hoa Midea nao tiet kiem dien nhat?,FEATURE_RANKING,,"{""brand"": ""Midea"", ""category"": ""AIR_CONDITIONER"", ""feature"": ""energy_efficiency""}",SORT_BY_VERIFIED_FEATURE,"[""PRODUCT_DB"", ""PRICE_SERVICE"", ""INVENTORY_SERVICE"", ""SALES_ANALYTICS""]",INTENT_SPECIFIC,"[""Distinguish this intent from other Midea air-conditioner queries.""]","[""Do not invent product, price, stock, promotion, ranking or specification."", ""Use only verified backend/system data for factual commerce claims.""]",,
CONTRAST_MIDEA_04-03,CONTRAST_MIDEA_04,test,slang,dieu hoa midea nào tiết kiệm điện nhất?,FEATURE_RANKING,,"{""brand"": ""Midea"", ""category"": ""AIR_CONDITIONER"", ""feature"": ""energy_efficiency""}",SORT_BY_VERIFIED_FEATURE,"[""PRODUCT_DB"", ""PRICE_SERVICE"", ""INVENTORY_SERVICE"", ""SALES_ANALYTICS""]",INTENT_SPECIFIC,"[""Distinguish this intent from other Midea air-conditioner queries.""]","[""Do not invent product, price, stock, promotion, ranking or specification."", ""Use only verified backend/system data for factual commerce claims.""]",,
CONTRAST_MIDEA_05-01,CONTRAST_MIDEA_05,validation,natural,Điều hòa Midea nào đang còn hàng?,PRODUCT_STOCK,,"{""brand"": ""Midea"", ""category"": ""AIR_CONDITIONER""}",FILTER_IN_STOCK,"[""PRODUCT_DB"", ""PRICE_SERVICE"", ""INVENTORY_SERVICE"", ""SALES_ANALYTICS""]",INTENT_SPECIFIC,"[""Distinguish this intent from other Midea air-conditioner queries.""]","[""Do not invent product, price, stock, promotion, ranking or specification."", ""Use only verified backend/system data for factual commerce claims.""]",,
CONTRAST_MIDEA_05-02,CONTRAST_MIDEA_05,validation,no_accent,Dieu hoa Midea nao dang con hang?,PRODUCT_STOCK,,"{""brand"": ""Midea"", ""category"": ""AIR_CONDITIONER""}",FILTER_IN_STOCK,"[""PRODUCT_DB"", ""PRICE_SERVICE"", ""INVENTORY_SERVICE"", ""SALES_ANALYTICS""]",INTENT_SPECIFIC,"[""Distinguish this intent from other Midea air-conditioner queries.""]","[""Do not invent product, price, stock, promotion, ranking or specification."", ""Use only verified backend/system data for factual commerce claims.""]",,
CONTRAST_MIDEA_05-03,CONTRAST_MIDEA_05,validation,slang,dieu hoa midea nào đang con hang?,PRODUCT_STOCK,,"{""brand"": ""Midea"", ""category"": ""AIR_CONDITIONER""}",FILTER_IN_STOCK,"[""PRODUCT_DB"", ""PRICE_SERVICE"", ""INVENTORY_SERVICE"", ""SALES_ANALYTICS""]",INTENT_SPECIFIC,"[""Distinguish this intent from other Midea air-conditioner queries.""]","[""Do not invent product, price, stock, promotion, ranking or specification."", ""Use only verified backend/system data for factual commerce claims.""]",,
CONTRAST_MIDEA_06-01,CONTRAST_MIDEA_06,train,natural,Cho xem điều hòa Midea,BRAND_SEARCH,,"{""brand"": ""Midea"", ""category"": ""AIR_CONDITIONER""}",FILTER_BY_BRAND_CATEGORY,"[""PRODUCT_DB"", ""PRICE_SERVICE"", ""INVENTORY_SERVICE"", ""SALES_ANALYTICS""]",INTENT_SPECIFIC,"[""Distinguish this intent from other Midea air-conditioner queries.""]","[""Do not invent product, price, stock, promotion, ranking or specification."", ""Use only verified backend/system data for factual commerce claims.""]",,
CONTRAST_MIDEA_06-02,CONTRAST_MIDEA_06,train,no_accent,Cho xem dieu hoa Midea,BRAND_SEARCH,,"{""brand"": ""Midea"", ""category"": ""AIR_CONDITIONER""}",FILTER_BY_BRAND_CATEGORY,"[""PRODUCT_DB"", ""PRICE_SERVICE"", ""INVENTORY_SERVICE"", ""SALES_ANALYTICS""]",INTENT_SPECIFIC,"[""Distinguish this intent from other Midea air-conditioner queries.""]","[""Do not invent product, price, stock, promotion, ranking or specification."", ""Use only verified backend/system data for factual commerce claims.""]",,
AC_SIZE_GEN_00-01,AC_SIZE_GEN_00,train,natural,Phòng ngủ khoảng 12m2 thì nên dùng điều hòa bao nhiêu BTU?,AIR_CONDITIONER_SIZING,AIR_CONDITIONER_SIZING,"{""area_m2"": 12, ""room_type"": ""BEDROOM_if_present""}",CALCULATE_THEN_SEARCH,"[""SKILL_RULES"", ""PRODUCT_DB""]",ADVICE_WITH_PRODUCTS,"[""Calculate sizing before product search.""]","[""Do not invent product, price, stock, promotion, ranking or specification."", ""Use only verified backend/system data for factual commerce claims.""]",,
AC_SIZE_GEN_00-02,AC_SIZE_GEN_00,train,no_accent,Phong ngu khoang 12m2 thi nen dung dieu hoa bao nhieu BTU?,AIR_CONDITIONER_SIZING,AIR_CONDITIONER_SIZING,"{""area_m2"": 12, ""room_type"": ""BEDROOM_if_present""}",CALCULATE_THEN_SEARCH,"[""SKILL_RULES"", ""PRODUCT_DB""]",ADVICE_WITH_PRODUCTS,"[""Calculate sizing before product search.""]","[""Do not invent product, price, stock, promotion, ranking or specification."", ""Use only verified backend/system data for factual commerce claims.""]",,
AC_SIZE_GEN_00-03,AC_SIZE_GEN_00,train,slang,phong ngủ khoảng 12m2 thì nên dùng dieu hoa bn btu?,AIR_CONDITIONER_SIZING,AIR_CONDITIONER_SIZING,"{""area_m2"": 12, ""room_type"": ""BEDROOM_if_present""}",CALCULATE_THEN_SEARCH,"[""SKILL_RULES"", ""PRODUCT_DB""]",ADVICE_WITH_PRODUCTS,"[""Calculate sizing before product search.""]","[""Do not invent product, price, stock, promotion, ranking or specification."", ""Use only verified backend/system data for factual commerce claims.""]",,
AC_SIZE_GEN_00-04,AC_SIZE_GEN_00,train,natural,Phòng 12 mét vuông dùng máy lạnh công suất nào hợp?,AIR_CONDITIONER_SIZING,AIR_CONDITIONER_SIZING,"{""area_m2"": 12, ""room_type"": ""BEDROOM_if_present""}",CALCULATE_THEN_SEARCH,"[""SKILL_RULES"", ""PRODUCT_DB""]",ADVICE_WITH_PRODUCTS,"[""Calculate sizing before product search.""]","[""Do not invent product, price, stock, promotion, ranking or specification."", ""Use only verified backend/system data for factual commerce claims.""]",,
AC_SIZE_GEN_00-05,AC_SIZE_GEN_00,train,no_accent,Phong 12 met vuong dung may lanh cong suat nao hop?,AIR_CONDITIONER_SIZING,AIR_CONDITIONER_SIZING,"{""area_m2"": 12, ""room_type"": ""BEDROOM_if_present""}",CALCULATE_THEN_SEARCH,"[""SKILL_RULES"", ""PRODUCT_DB""]",ADVICE_WITH_PRODUCTS,"[""Calculate sizing before product search.""]","[""Do not invent product, price, stock, promotion, ranking or specification."", ""Use only verified backend/system data for factual commerce claims.""]",,
AC_SIZE_GEN_00-06,AC_SIZE_GEN_00,train,slang,phong 12 m2 dùng may lanh công suất nào hợp?,AIR_CONDITIONER_SIZING,AIR_CONDITIONER_SIZING,"{""area_m2"": 12, ""room_type"": ""BEDROOM_if_present""}",CALCULATE_THEN_SEARCH,"[""SKILL_RULES"", ""PRODUCT_DB""]",ADVICE_WITH_PRODUCTS,"[""Calculate sizing before product search.""]","[""Do not invent product, price, stock, promotion, ranking or specification."", ""Use only verified backend/system data for factual commerce claims.""]",,
AC_SIZE_GEN_01-01,AC_SIZE_GEN_01,train,natural,Phòng ngủ khoảng 15m2 thì nên dùng điều hòa bao nhiêu BTU?,AIR_CONDITIONER_SIZING,AIR_CONDITIONER_SIZING,"{""area_m2"": 15, ""room_type"": ""BEDROOM_if_present""}",CALCULATE_THEN_SEARCH,"[""SKILL_RULES"", ""PRODUCT_DB""]",ADVICE_WITH_PRODUCTS,"[""Calculate sizing before product search.""]","[""Do not invent product, price, stock, promotion, ranking or specification."", ""Use only verified backend/system data for factual commerce claims.""]",,
AC_SIZE_GEN_01-02,AC_SIZE_GEN_01,train,no_accent,Phong ngu khoang 15m2 thi nen dung dieu hoa bao nhieu BTU?,AIR_CONDITIONER_SIZING,AIR_CONDITIONER_SIZING,"{""area_m2"": 15, ""room_type"": ""BEDROOM_if_present""}",CALCULATE_THEN_SEARCH,"[""SKILL_RULES"", ""PRODUCT_DB""]",ADVICE_WITH_PRODUCTS,"[""Calculate sizing before product search.""]","[""Do not invent product, price, stock, promotion, ranking or specification."", ""Use only verified backend/system data for factual commerce claims.""]",,
AC_SIZE_GEN_01-03,AC_SIZE_GEN_01,train,slang,phong ngủ khoảng 15m2 thì nên dùng dieu hoa bn btu?,AIR_CONDITIONER_SIZING,AIR_CONDITIONER_SIZING,"{""area_m2"": 15, ""room_type"": ""BEDROOM_if_present""}",CALCULATE_THEN_SEARCH,"[""SKILL_RULES"", ""PRODUCT_DB""]",ADVICE_WITH_PRODUCTS,"[""Calculate sizing before product search.""]","[""Do not invent product, price, stock, promotion, ranking or specification."", ""Use only verified backend/system data for factual commerce claims.""]",,
AC_SIZE_GEN_01-04,AC_SIZE_GEN_01,train,natural,Phòng 15 mét vuông dùng máy lạnh công suất nào hợp?,AIR_CONDITIONER_SIZING,AIR_CONDITIONER_SIZING,"{""area_m2"": 15, ""room_type"": ""BEDROOM_if_present""}",CALCULATE_THEN_SEARCH,"[""SKILL_RULES"", ""PRODUCT_DB""]",ADVICE_WITH_PRODUCTS,"[""Calculate sizing before product search.""]","[""Do not invent product, price, stock, promotion, ranking or specification."", ""Use only verified backend/system data for factual commerce claims.""]",,
AC_SIZE_GEN_01-05,AC_SIZE_GEN_01,train,no_accent,Phong 15 met vuong dung may lanh cong suat nao hop?,AIR_CONDITIONER_SIZING,AIR_CONDITIONER_SIZING,"{""area_m2"": 15, ""room_type"": ""BEDROOM_if_present""}",CALCULATE_THEN_SEARCH,"[""SKILL_RULES"", ""PRODUCT_DB""]",ADVICE_WITH_PRODUCTS,"[""Calculate sizing before product search.""]","[""Do not invent product, price, stock, promotion, ranking or specification."", ""Use only verified backend/system data for factual commerce claims.""]",,
AC_SIZE_GEN_01-06,AC_SIZE_GEN_01,train,slang,phong 15 m2 dùng may lanh công suất nào hợp?,AIR_CONDITIONER_SIZING,AIR_CONDITIONER_SIZING,"{""area_m2"": 15, ""room_type"": ""BEDROOM_if_present""}",CALCULATE_THEN_SEARCH,"[""SKILL_RULES"", ""PRODUCT_DB""]",ADVICE_WITH_PRODUCTS,"[""Calculate sizing before product search.""]","[""Do not invent product, price, stock, promotion, ranking or specification."", ""Use only verified backend/system data for factual commerce claims.""]",,
AC_SIZE_GEN_02-01,AC_SIZE_GEN_02,train,natural,Phòng ngủ khoảng 18m2 thì nên dùng điều hòa bao nhiêu BTU?,AIR_CONDITIONER_SIZING,AIR_CONDITIONER_SIZING,"{""area_m2"": 18, ""room_type"": ""BEDROOM_if_present""}",CALCULATE_THEN_SEARCH,"[""SKILL_RULES"", ""PRODUCT_DB""]",ADVICE_WITH_PRODUCTS,"[""Calculate sizing before product search.""]","[""Do not invent product, price, stock, promotion, ranking or specification."", ""Use only verified backend/system data for factual commerce claims.""]",,
AC_SIZE_GEN_02-02,AC_SIZE_GEN_02,train,no_accent,Phong ngu khoang 18m2 thi nen dung dieu hoa bao nhieu BTU?,AIR_CONDITIONER_SIZING,AIR_CONDITIONER_SIZING,"{""area_m2"": 18, ""room_type"": ""BEDROOM_if_present""}",CALCULATE_THEN_SEARCH,"[""SKILL_RULES"", ""PRODUCT_DB""]",ADVICE_WITH_PRODUCTS,"[""Calculate sizing before product search.""]","[""Do not invent product, price, stock, promotion, ranking or specification."", ""Use only verified backend/system data for factual commerce claims.""]",,
AC_SIZE_GEN_02-03,AC_SIZE_GEN_02,train,slang,phong ngủ khoảng 18m2 thì nên dùng dieu hoa bn btu?,AIR_CONDITIONER_SIZING,AIR_CONDITIONER_SIZING,"{""area_m2"": 18, ""room_type"": ""BEDROOM_if_present""}",CALCULATE_THEN_SEARCH,"[""SKILL_RULES"", ""PRODUCT_DB""]",ADVICE_WITH_PRODUCTS,"[""Calculate sizing before product search.""]","[""Do not invent product, price, stock, promotion, ranking or specification."", ""Use only verified backend/system data for factual commerce claims.""]",,
AC_SIZE_GEN_02-04,AC_SIZE_GEN_02,train,natural,Phòng 18 mét vuông dùng máy lạnh công suất nào hợp?,AIR_CONDITIONER_SIZING,AIR_CONDITIONER_SIZING,"{""area_m2"": 18, ""room_type"": ""BEDROOM_if_present""}",CALCULATE_THEN_SEARCH,"[""SKILL_RULES"", ""PRODUCT_DB""]",ADVICE_WITH_PRODUCTS,"[""Calculate sizing before product search.""]","[""Do not invent product, price, stock, promotion, ranking or specification."", ""Use only verified backend/system data for factual commerce claims.""]",,
AC_SIZE_GEN_02-05,AC_SIZE_GEN_02,train,no_accent,Phong 18 met vuong dung may lanh cong suat nao hop?,AIR_CONDITIONER_SIZING,AIR_CONDITIONER_SIZING,"{""area_m2"": 18, ""room_type"": ""BEDROOM_if_present""}",CALCULATE_THEN_SEARCH,"[""SKILL_RULES"", ""PRODUCT_DB""]",ADVICE_WITH_PRODUCTS,"[""Calculate sizing before product search.""]","[""Do not invent product, price, stock, promotion, ranking or specification."", ""Use only verified backend/system data for factual commerce claims.""]",,
AC_SIZE_GEN_02-06,AC_SIZE_GEN_02,train,slang,phong 18 m2 dùng may lanh công suất nào hợp?,AIR_CONDITIONER_SIZING,AIR_CONDITIONER_SIZING,"{""area_m2"": 18, ""room_type"": ""BEDROOM_if_present""}",CALCULATE_THEN_SEARCH,"[""SKILL_RULES"", ""PRODUCT_DB""]",ADVICE_WITH_PRODUCTS,"[""Calculate sizing before product search.""]","[""Do not invent product, price, stock, promotion, ranking or specification."", ""Use only verified backend/system data for factual commerce claims.""]",,
AC_SIZE_GEN_03-01,AC_SIZE_GEN_03,train,natural,Phòng ngủ khoảng 20m2 thì nên dùng điều hòa bao nhiêu BTU?,AIR_CONDITIONER_SIZING,AIR_CONDITIONER_SIZING,"{""area_m2"": 20, ""room_type"": ""BEDROOM_if_present""}",CALCULATE_THEN_SEARCH,"[""SKILL_RULES"", ""PRODUCT_DB""]",ADVICE_WITH_PRODUCTS,"[""Calculate sizing before product search.""]","[""Do not invent product, price, stock, promotion, ranking or specification."", ""Use only verified backend/system data for factual commerce claims.""]",,
AC_SIZE_GEN_03-02,AC_SIZE_GEN_03,train,no_accent,Phong ngu khoang 20m2 thi nen dung dieu hoa bao nhieu BTU?,AIR_CONDITIONER_SIZING,AIR_CONDITIONER_SIZING,"{""area_m2"": 20, ""room_type"": ""BEDROOM_if_present""}",CALCULATE_THEN_SEARCH,"[""SKILL_RULES"", ""PRODUCT_DB""]",ADVICE_WITH_PRODUCTS,"[""Calculate sizing before product search.""]","[""Do not invent product, price, stock, promotion, ranking or specification."", ""Use only verified backend/system data for factual commerce claims.""]",,
AC_SIZE_GEN_03-03,AC_SIZE_GEN_03,train,slang,phong ngủ khoảng 20m2 thì nên dùng dieu hoa bn btu?,AIR_CONDITIONER_SIZING,AIR_CONDITIONER_SIZING,"{""area_m2"": 20, ""room_type"": ""BEDROOM_if_present""}",CALCULATE_THEN_SEARCH,"[""SKILL_RULES"", ""PRODUCT_DB""]",ADVICE_WITH_PRODUCTS,"[""Calculate sizing before product search.""]","[""Do not invent product, price, stock, promotion, ranking or specification."", ""Use only verified backend/system data for factual commerce claims.""]",,
AC_SIZE_GEN_03-04,AC_SIZE_GEN_03,train,natural,Phòng 20 mét vuông dùng máy lạnh công suất nào hợp?,AIR_CONDITIONER_SIZING,AIR_CONDITIONER_SIZING,"{""area_m2"": 20, ""room_type"": ""BEDROOM_if_present""}",CALCULATE_THEN_SEARCH,"[""SKILL_RULES"", ""PRODUCT_DB""]",ADVICE_WITH_PRODUCTS,"[""Calculate sizing before product search.""]","[""Do not invent product, price, stock, promotion, ranking or specification."", ""Use only verified backend/system data for factual commerce claims.""]",,
AC_SIZE_GEN_03-05,AC_SIZE_GEN_03,train,no_accent,Phong 20 met vuong dung may lanh cong suat nao hop?,AIR_CONDITIONER_SIZING,AIR_CONDITIONER_SIZING,"{""area_m2"": 20, ""room_type"": ""BEDROOM_if_present""}",CALCULATE_THEN_SEARCH,"[""SKILL_RULES"", ""PRODUCT_DB""]",ADVICE_WITH_PRODUCTS,"[""Calculate sizing before product search.""]","[""Do not invent product, price, stock, promotion, ranking or specification."", ""Use only verified backend/system data for factual commerce claims.""]",,
AC_SIZE_GEN_03-06,AC_SIZE_GEN_03,train,slang,phong 20 m2 dùng may lanh công suất nào hợp?,AIR_CONDITIONER_SIZING,AIR_CONDITIONER_SIZING,"{""area_m2"": 20, ""room_type"": ""BEDROOM_if_present""}",CALCULATE_THEN_SEARCH,"[""SKILL_RULES"", ""PRODUCT_DB""]",ADVICE_WITH_PRODUCTS,"[""Calculate sizing before product search.""]","[""Do not invent product, price, stock, promotion, ranking or specification."", ""Use only verified backend/system data for factual commerce claims.""]",,
AC_SIZE_GEN_04-01,AC_SIZE_GEN_04,train,natural,Phòng ngủ khoảng 25m2 thì nên dùng điều hòa bao nhiêu BTU?,AIR_CONDITIONER_SIZING,AIR_CONDITIONER_SIZING,"{""area_m2"": 25, ""room_type"": ""BEDROOM_if_present""}",CALCULATE_THEN_SEARCH,"[""SKILL_RULES"", ""PRODUCT_DB""]",ADVICE_WITH_PRODUCTS,"[""Calculate sizing before product search.""]","[""Do not invent product, price, stock, promotion, ranking or specification."", ""Use only verified backend/system data for factual commerce claims.""]",,
AC_SIZE_GEN_04-02,AC_SIZE_GEN_04,train,no_accent,Phong ngu khoang 25m2 thi nen dung dieu hoa bao nhieu BTU?,AIR_CONDITIONER_SIZING,AIR_CONDITIONER_SIZING,"{""area_m2"": 25, ""room_type"": ""BEDROOM_if_present""}",CALCULATE_THEN_SEARCH,"[""SKILL_RULES"", ""PRODUCT_DB""]",ADVICE_WITH_PRODUCTS,"[""Calculate sizing before product search.""]","[""Do not invent product, price, stock, promotion, ranking or specification."", ""Use only verified backend/system data for factual commerce claims.""]",,
AC_SIZE_GEN_04-03,AC_SIZE_GEN_04,train,slang,phong ngủ khoảng 25m2 thì nên dùng dieu hoa bn btu?,AIR_CONDITIONER_SIZING,AIR_CONDITIONER_SIZING,"{""area_m2"": 25, ""room_type"": ""BEDROOM_if_present""}",CALCULATE_THEN_SEARCH,"[""SKILL_RULES"", ""PRODUCT_DB""]",ADVICE_WITH_PRODUCTS,"[""Calculate sizing before product search.""]","[""Do not invent product, price, stock, promotion, ranking or specification."", ""Use only verified backend/system data for factual commerce claims.""]",,
AC_SIZE_GEN_04-04,AC_SIZE_GEN_04,train,natural,Phòng 25 mét vuông dùng máy lạnh công suất nào hợp?,AIR_CONDITIONER_SIZING,AIR_CONDITIONER_SIZING,"{""area_m2"": 25, ""room_type"": ""BEDROOM_if_present""}",CALCULATE_THEN_SEARCH,"[""SKILL_RULES"", ""PRODUCT_DB""]",ADVICE_WITH_PRODUCTS,"[""Calculate sizing before product search.""]","[""Do not invent product, price, stock, promotion, ranking or specification."", ""Use only verified backend/system data for factual commerce claims.""]",,
AC_SIZE_GEN_04-05,AC_SIZE_GEN_04,train,no_accent,Phong 25 met vuong dung may lanh cong suat nao hop?,AIR_CONDITIONER_SIZING,AIR_CONDITIONER_SIZING,"{""area_m2"": 25, ""room_type"": ""BEDROOM_if_present""}",CALCULATE_THEN_SEARCH,"[""SKILL_RULES"", ""PRODUCT_DB""]",ADVICE_WITH_PRODUCTS,"[""Calculate sizing before product search.""]","[""Do not invent product, price, stock, promotion, ranking or specification."", ""Use only verified backend/system data for factual commerce claims.""]",,
AC_SIZE_GEN_04-06,AC_SIZE_GEN_04,train,slang,phong 25 m2 dùng may lanh công suất nào hợp?,AIR_CONDITIONER_SIZING,AIR_CONDITIONER_SIZING,"{""area_m2"": 25, ""room_type"": ""BEDROOM_if_present""}",CALCULATE_THEN_SEARCH,"[""SKILL_RULES"", ""PRODUCT_DB""]",ADVICE_WITH_PRODUCTS,"[""Calculate sizing before product search.""]","[""Do not invent product, price, stock, promotion, ranking or specification."", ""Use only verified backend/system data for factual commerce claims.""]",,
AC_SIZE_GEN_05-01,AC_SIZE_GEN_05,validation,natural,Phòng ngủ khoảng 30m2 thì nên dùng điều hòa bao nhiêu BTU?,AIR_CONDITIONER_SIZING,AIR_CONDITIONER_SIZING,"{""area_m2"": 30, ""room_type"": ""BEDROOM_if_present""}",CALCULATE_THEN_SEARCH,"[""SKILL_RULES"", ""PRODUCT_DB""]",ADVICE_WITH_PRODUCTS,"[""Calculate sizing before product search.""]","[""Do not invent product, price, stock, promotion, ranking or specification."", ""Use only verified backend/system data for factual commerce claims.""]",,
AC_SIZE_GEN_05-02,AC_SIZE_GEN_05,validation,no_accent,Phong ngu khoang 30m2 thi nen dung dieu hoa bao nhieu BTU?,AIR_CONDITIONER_SIZING,AIR_CONDITIONER_SIZING,"{""area_m2"": 30, ""room_type"": ""BEDROOM_if_present""}",CALCULATE_THEN_SEARCH,"[""SKILL_RULES"", ""PRODUCT_DB""]",ADVICE_WITH_PRODUCTS,"[""Calculate sizing before product search.""]","[""Do not invent product, price, stock, promotion, ranking or specification."", ""Use only verified backend/system data for factual commerce claims.""]",,
AC_SIZE_GEN_05-03,AC_SIZE_GEN_05,validation,slang,phong ngủ khoảng 30m2 thì nên dùng dieu hoa bn btu?,AIR_CONDITIONER_SIZING,AIR_CONDITIONER_SIZING,"{""area_m2"": 30, ""room_type"": ""BEDROOM_if_present""}",CALCULATE_THEN_SEARCH,"[""SKILL_RULES"", ""PRODUCT_DB""]",ADVICE_WITH_PRODUCTS,"[""Calculate sizing before product search.""]","[""Do not invent product, price, stock, promotion, ranking or specification."", ""Use only verified backend/system data for factual commerce claims.""]",,
AC_SIZE_GEN_05-04,AC_SIZE_GEN_05,validation,natural,Phòng 30 mét vuông dùng máy lạnh công suất nào hợp?,AIR_CONDITIONER_SIZING,AIR_CONDITIONER_SIZING,"{""area_m2"": 30, ""room_type"": ""BEDROOM_if_present""}",CALCULATE_THEN_SEARCH,"[""SKILL_RULES"", ""PRODUCT_DB""]",ADVICE_WITH_PRODUCTS,"[""Calculate sizing before product search.""]","[""Do not invent product, price, stock, promotion, ranking or specification."", ""Use only verified backend/system data for factual commerce claims.""]",,
AC_SIZE_GEN_05-05,AC_SIZE_GEN_05,validation,no_accent,Phong 30 met vuong dung may lanh cong suat nao hop?,AIR_CONDITIONER_SIZING,AIR_CONDITIONER_SIZING,"{""area_m2"": 30, ""room_type"": ""BEDROOM_if_present""}",CALCULATE_THEN_SEARCH,"[""SKILL_RULES"", ""PRODUCT_DB""]",ADVICE_WITH_PRODUCTS,"[""Calculate sizing before product search.""]","[""Do not invent product, price, stock, promotion, ranking or specification."", ""Use only verified backend/system data for factual commerce claims.""]",,
AC_SIZE_GEN_05-06,AC_SIZE_GEN_05,validation,slang,phong 30 m2 dùng may lanh công suất nào hợp?,AIR_CONDITIONER_SIZING,AIR_CONDITIONER_SIZING,"{""area_m2"": 30, ""room_type"": ""BEDROOM_if_present""}",CALCULATE_THEN_SEARCH,"[""SKILL_RULES"", ""PRODUCT_DB""]",ADVICE_WITH_PRODUCTS,"[""Calculate sizing before product search.""]","[""Do not invent product, price, stock, promotion, ranking or specification."", ""Use only verified backend/system data for factual commerce claims.""]",,
MULTI_BRAND_00-01,MULTI_BRAND_00,train,natural,Tìm điều hòa Daikin inverter dưới 8 triệu còn hàng,MULTI_CONSTRAINT_SEARCH,,"{""brand"": ""Daikin"", ""category"": ""AIR_CONDITIONER"", ""max_price"": 8000000, ""inverter"": true}",STRUCTURED_MULTI_FILTER_SEARCH,"[""PRODUCT_DB"", ""PRICE_SERVICE"", ""INVENTORY_SERVICE""]",PRODUCT_LIST,"[""Apply all explicit constraints.""]","[""Do not invent product, price, stock, promotion, ranking or specification."", ""Use only verified backend/system data for factual commerce claims.""]",,
MULTI_BRAND_00-02,MULTI_BRAND_00,train,no_accent,Tim dieu hoa Daikin inverter duoi 8 trieu con hang,MULTI_CONSTRAINT_SEARCH,,"{""brand"": ""Daikin"", ""category"": ""AIR_CONDITIONER"", ""max_price"": 8000000, ""inverter"": true}",STRUCTURED_MULTI_FILTER_SEARCH,"[""PRODUCT_DB"", ""PRICE_SERVICE"", ""INVENTORY_SERVICE""]",PRODUCT_LIST,"[""Apply all explicit constraints.""]","[""Do not invent product, price, stock, promotion, ranking or specification."", ""Use only verified backend/system data for factual commerce claims.""]",,
MULTI_BRAND_00-03,MULTI_BRAND_00,train,slang,tìm dieu hoa daikin inverter dưới 8 triệu con hang,MULTI_CONSTRAINT_SEARCH,,"{""brand"": ""Daikin"", ""category"": ""AIR_CONDITIONER"", ""max_price"": 8000000, ""inverter"": true}",STRUCTURED_MULTI_FILTER_SEARCH,"[""PRODUCT_DB"", ""PRICE_SERVICE"", ""INVENTORY_SERVICE""]",PRODUCT_LIST,"[""Apply all explicit constraints.""]","[""Do not invent product, price, stock, promotion, ranking or specification."", ""Use only verified backend/system data for factual commerce claims.""]",,
MULTI_BRAND_00-04,MULTI_BRAND_00,train,natural,"Cho mình máy lạnh Daikin giá dưới 8tr, ưu tiên inverter",MULTI_CONSTRAINT_SEARCH,,"{""brand"": ""Daikin"", ""category"": ""AIR_CONDITIONER"", ""max_price"": 8000000, ""inverter"": true}",STRUCTURED_MULTI_FILTER_SEARCH,"[""PRODUCT_DB"", ""PRICE_SERVICE"", ""INVENTORY_SERVICE""]",PRODUCT_LIST,"[""Apply all explicit constraints.""]","[""Do not invent product, price, stock, promotion, ranking or specification."", ""Use only verified backend/system data for factual commerce claims.""]",,
MULTI_BRAND_00-05,MULTI_BRAND_00,train,no_accent,"Cho minh may lanh Daikin gia duoi 8tr, uu tien inverter",MULTI_CONSTRAINT_SEARCH,,"{""brand"": ""Daikin"", ""category"": ""AIR_CONDITIONER"", ""max_price"": 8000000, ""inverter"": true}",STRUCTURED_MULTI_FILTER_SEARCH,"[""PRODUCT_DB"", ""PRICE_SERVICE"", ""INVENTORY_SERVICE""]",PRODUCT_LIST,"[""Apply all explicit constraints.""]","[""Do not invent product, price, stock, promotion, ranking or specification."", ""Use only verified backend/system data for factual commerce claims.""]",,
MULTI_BRAND_00-06,MULTI_BRAND_00,train,slang,"cho mình may lanh daikin gia dưới 8tr, ưu tiên inverter",MULTI_CONSTRAINT_SEARCH,,"{""brand"": ""Daikin"", ""category"": ""AIR_CONDITIONER"", ""max_price"": 8000000, ""inverter"": true}",STRUCTURED_MULTI_FILTER_SEARCH,"[""PRODUCT_DB"", ""PRICE_SERVICE"", ""INVENTORY_SERVICE""]",PRODUCT_LIST,"[""Apply all explicit constraints.""]","[""Do not invent product, price, stock, promotion, ranking or specification."", ""Use only verified backend/system data for factual commerce claims.""]",,
MULTI_BRAND_01-01,MULTI_BRAND_01,train,natural,Tìm điều hòa Panasonic inverter dưới 10 triệu còn hàng,MULTI_CONSTRAINT_SEARCH,,"{""brand"": ""Panasonic"", ""category"": ""AIR_CONDITIONER"", ""max_price"": 10000000, ""inverter"": true}",STRUCTURED_MULTI_FILTER_SEARCH,"[""PRODUCT_DB"", ""PRICE_SERVICE"", ""INVENTORY_SERVICE""]",PRODUCT_LIST,"[""Apply all explicit constraints.""]","[""Do not invent product, price, stock, promotion, ranking or specification."", ""Use only verified backend/system data for factual commerce claims.""]",,
MULTI_BRAND_01-02,MULTI_BRAND_01,train,no_accent,Tim dieu hoa Panasonic inverter duoi 10 trieu con hang,MULTI_CONSTRAINT_SEARCH,,"{""brand"": ""Panasonic"", ""category"": ""AIR_CONDITIONER"", ""max_price"": 10000000, ""inverter"": true}",STRUCTURED_MULTI_FILTER_SEARCH,"[""PRODUCT_DB"", ""PRICE_SERVICE"", ""INVENTORY_SERVICE""]",PRODUCT_LIST,"[""Apply all explicit constraints.""]","[""Do not invent product, price, stock, promotion, ranking or specification."", ""Use only verified backend/system data for factual commerce claims.""]",,
MULTI_BRAND_01-03,MULTI_BRAND_01,train,slang,tìm dieu hoa panasonic inverter dưới 10 triệu con hang,MULTI_CONSTRAINT_SEARCH,,"{""brand"": ""Panasonic"", ""category"": ""AIR_CONDITIONER"", ""max_price"": 10000000, ""inverter"": true}",STRUCTURED_MULTI_FILTER_SEARCH,"[""PRODUCT_DB"", ""PRICE_SERVICE"", ""INVENTORY_SERVICE""]",PRODUCT_LIST,"[""Apply all explicit constraints.""]","[""Do not invent product, price, stock, promotion, ranking or specification."", ""Use only verified backend/system data for factual commerce claims.""]",,
MULTI_BRAND_01-04,MULTI_BRAND_01,train,natural,"Cho mình máy lạnh Panasonic giá dưới 10tr, ưu tiên inverter",MULTI_CONSTRAINT_SEARCH,,"{""brand"": ""Panasonic"", ""category"": ""AIR_CONDITIONER"", ""max_price"": 10000000, ""inverter"": true}",STRUCTURED_MULTI_FILTER_SEARCH,"[""PRODUCT_DB"", ""PRICE_SERVICE"", ""INVENTORY_SERVICE""]",PRODUCT_LIST,"[""Apply all explicit constraints.""]","[""Do not invent product, price, stock, promotion, ranking or specification."", ""Use only verified backend/system data for factual commerce claims.""]",,
MULTI_BRAND_01-05,MULTI_BRAND_01,train,no_accent,"Cho minh may lanh Panasonic gia duoi 10tr, uu tien inverter",MULTI_CONSTRAINT_SEARCH,,"{""brand"": ""Panasonic"", ""category"": ""AIR_CONDITIONER"", ""max_price"": 10000000, ""inverter"": true}",STRUCTURED_MULTI_FILTER_SEARCH,"[""PRODUCT_DB"", ""PRICE_SERVICE"", ""INVENTORY_SERVICE""]",PRODUCT_LIST,"[""Apply all explicit constraints.""]","[""Do not invent product, price, stock, promotion, ranking or specification."", ""Use only verified backend/system data for factual commerce claims.""]",,
MULTI_BRAND_01-06,MULTI_BRAND_01,train,slang,"cho mình may lanh panasonic gia dưới 10tr, ưu tiên inverter",MULTI_CONSTRAINT_SEARCH,,"{""brand"": ""Panasonic"", ""category"": ""AIR_CONDITIONER"", ""max_price"": 10000000, ""inverter"": true}",STRUCTURED_MULTI_FILTER_SEARCH,"[""PRODUCT_DB"", ""PRICE_SERVICE"", ""INVENTORY_SERVICE""]",PRODUCT_LIST,"[""Apply all explicit constraints.""]","[""Do not invent product, price, stock, promotion, ranking or specification."", ""Use only verified backend/system data for factual commerce claims.""]",,
MULTI_BRAND_02-01,MULTI_BRAND_02,validation,natural,Tìm điều hòa Midea inverter dưới 12 triệu còn hàng,MULTI_CONSTRAINT_SEARCH,,"{""brand"": ""Midea"", ""category"": ""AIR_CONDITIONER"", ""max_price"": 12000000, ""inverter"": true}",STRUCTURED_MULTI_FILTER_SEARCH,"[""PRODUCT_DB"", ""PRICE_SERVICE"", ""INVENTORY_SERVICE""]",PRODUCT_LIST,"[""Apply all explicit constraints.""]","[""Do not invent product, price, stock, promotion, ranking or specification."", ""Use only verified backend/system data for factual commerce claims.""]",,
MULTI_BRAND_02-02,MULTI_BRAND_02,validation,no_accent,Tim dieu hoa Midea inverter duoi 12 trieu con hang,MULTI_CONSTRAINT_SEARCH,,"{""brand"": ""Midea"", ""category"": ""AIR_CONDITIONER"", ""max_price"": 12000000, ""inverter"": true}",STRUCTURED_MULTI_FILTER_SEARCH,"[""PRODUCT_DB"", ""PRICE_SERVICE"", ""INVENTORY_SERVICE""]",PRODUCT_LIST,"[""Apply all explicit constraints.""]","[""Do not invent product, price, stock, promotion, ranking or specification."", ""Use only verified backend/system data for factual commerce claims.""]",,
MULTI_BRAND_02-03,MULTI_BRAND_02,validation,slang,tìm dieu hoa midea inverter dưới 12 triệu con hang,MULTI_CONSTRAINT_SEARCH,,"{""brand"": ""Midea"", ""category"": ""AIR_CONDITIONER"", ""max_price"": 12000000, ""inverter"": true}",STRUCTURED_MULTI_FILTER_SEARCH,"[""PRODUCT_DB"", ""PRICE_SERVICE"", ""INVENTORY_SERVICE""]",PRODUCT_LIST,"[""Apply all explicit constraints.""]","[""Do not invent product, price, stock, promotion, ranking or specification."", ""Use only verified backend/system data for factual commerce claims.""]",,
MULTI_BRAND_02-04,MULTI_BRAND_02,validation,natural,"Cho mình máy lạnh Midea giá dưới 12tr, ưu tiên inverter",MULTI_CONSTRAINT_SEARCH,,"{""brand"": ""Midea"", ""category"": ""AIR_CONDITIONER"", ""max_price"": 12000000, ""inverter"": true}",STRUCTURED_MULTI_FILTER_SEARCH,"[""PRODUCT_DB"", ""PRICE_SERVICE"", ""INVENTORY_SERVICE""]",PRODUCT_LIST,"[""Apply all explicit constraints.""]","[""Do not invent product, price, stock, promotion, ranking or specification."", ""Use only verified backend/system data for factual commerce claims.""]",,
MULTI_BRAND_02-05,MULTI_BRAND_02,validation,no_accent,"Cho minh may lanh Midea gia duoi 12tr, uu tien inverter",MULTI_CONSTRAINT_SEARCH,,"{""brand"": ""Midea"", ""category"": ""AIR_CONDITIONER"", ""max_price"": 12000000, ""inverter"": true}",STRUCTURED_MULTI_FILTER_SEARCH,"[""PRODUCT_DB"", ""PRICE_SERVICE"", ""INVENTORY_SERVICE""]",PRODUCT_LIST,"[""Apply all explicit constraints.""]","[""Do not invent product, price, stock, promotion, ranking or specification."", ""Use only verified backend/system data for factual commerce claims.""]",,
MULTI_BRAND_02-06,MULTI_BRAND_02,validation,slang,"cho mình may lanh midea gia dưới 12tr, ưu tiên inverter",MULTI_CONSTRAINT_SEARCH,,"{""brand"": ""Midea"", ""category"": ""AIR_CONDITIONER"", ""max_price"": 12000000, ""inverter"": true}",STRUCTURED_MULTI_FILTER_SEARCH,"[""PRODUCT_DB"", ""PRICE_SERVICE"", ""INVENTORY_SERVICE""]",PRODUCT_LIST,"[""Apply all explicit constraints.""]","[""Do not invent product, price, stock, promotion, ranking or specification."", ""Use only verified backend/system data for factual commerce claims.""]",,
MULTI_BRAND_03-01,MULTI_BRAND_03,test,natural,Tìm điều hòa Casper inverter dưới 15 triệu còn hàng,MULTI_CONSTRAINT_SEARCH,,"{""brand"": ""Casper"", ""category"": ""AIR_CONDITIONER"", ""max_price"": 15000000, ""inverter"": true}",STRUCTURED_MULTI_FILTER_SEARCH,"[""PRODUCT_DB"", ""PRICE_SERVICE"", ""INVENTORY_SERVICE""]",PRODUCT_LIST,"[""Apply all explicit constraints.""]","[""Do not invent product, price, stock, promotion, ranking or specification."", ""Use only verified backend/system data for factual commerce claims.""]",,
MULTI_BRAND_03-02,MULTI_BRAND_03,test,no_accent,Tim dieu hoa Casper inverter duoi 15 trieu con hang,MULTI_CONSTRAINT_SEARCH,,"{""brand"": ""Casper"", ""category"": ""AIR_CONDITIONER"", ""max_price"": 15000000, ""inverter"": true}",STRUCTURED_MULTI_FILTER_SEARCH,"[""PRODUCT_DB"", ""PRICE_SERVICE"", ""INVENTORY_SERVICE""]",PRODUCT_LIST,"[""Apply all explicit constraints.""]","[""Do not invent product, price, stock, promotion, ranking or specification."", ""Use only verified backend/system data for factual commerce claims.""]",,
MULTI_BRAND_03-03,MULTI_BRAND_03,test,slang,tìm dieu hoa casper inverter dưới 15 triệu con hang,MULTI_CONSTRAINT_SEARCH,,"{""brand"": ""Casper"", ""category"": ""AIR_CONDITIONER"", ""max_price"": 15000000, ""inverter"": true}",STRUCTURED_MULTI_FILTER_SEARCH,"[""PRODUCT_DB"", ""PRICE_SERVICE"", ""INVENTORY_SERVICE""]",PRODUCT_LIST,"[""Apply all explicit constraints.""]","[""Do not invent product, price, stock, promotion, ranking or specification."", ""Use only verified backend/system data for factual commerce claims.""]",,
MULTI_BRAND_03-04,MULTI_BRAND_03,test,natural,"Cho mình máy lạnh Casper giá dưới 15tr, ưu tiên inverter",MULTI_CONSTRAINT_SEARCH,,"{""brand"": ""Casper"", ""category"": ""AIR_CONDITIONER"", ""max_price"": 15000000, ""inverter"": true}",STRUCTURED_MULTI_FILTER_SEARCH,"[""PRODUCT_DB"", ""PRICE_SERVICE"", ""INVENTORY_SERVICE""]",PRODUCT_LIST,"[""Apply all explicit constraints.""]","[""Do not invent product, price, stock, promotion, ranking or specification."", ""Use only verified backend/system data for factual commerce claims.""]",,
MULTI_BRAND_03-05,MULTI_BRAND_03,test,no_accent,"Cho minh may lanh Casper gia duoi 15tr, uu tien inverter",MULTI_CONSTRAINT_SEARCH,,"{""brand"": ""Casper"", ""category"": ""AIR_CONDITIONER"", ""max_price"": 15000000, ""inverter"": true}",STRUCTURED_MULTI_FILTER_SEARCH,"[""PRODUCT_DB"", ""PRICE_SERVICE"", ""INVENTORY_SERVICE""]",PRODUCT_LIST,"[""Apply all explicit constraints.""]","[""Do not invent product, price, stock, promotion, ranking or specification."", ""Use only verified backend/system data for factual commerce claims.""]",,
MULTI_BRAND_03-06,MULTI_BRAND_03,test,slang,"cho mình may lanh casper gia dưới 15tr, ưu tiên inverter",MULTI_CONSTRAINT_SEARCH,,"{""brand"": ""Casper"", ""category"": ""AIR_CONDITIONER"", ""max_price"": 15000000, ""inverter"": true}",STRUCTURED_MULTI_FILTER_SEARCH,"[""PRODUCT_DB"", ""PRICE_SERVICE"", ""INVENTORY_SERVICE""]",PRODUCT_LIST,"[""Apply all explicit constraints.""]","[""Do not invent product, price, stock, promotion, ranking or specification."", ""Use only verified backend/system data for factual commerce claims.""]",,
MULTI_BRAND_04-01,MULTI_BRAND_04,train,natural,Tìm điều hòa LG inverter dưới 20 triệu còn hàng,MULTI_CONSTRAINT_SEARCH,,"{""brand"": ""LG"", ""category"": ""AIR_CONDITIONER"", ""max_price"": 20000000, ""inverter"": true}",STRUCTURED_MULTI_FILTER_SEARCH,"[""PRODUCT_DB"", ""PRICE_SERVICE"", ""INVENTORY_SERVICE""]",PRODUCT_LIST,"[""Apply all explicit constraints.""]","[""Do not invent product, price, stock, promotion, ranking or specification."", ""Use only verified backend/system data for factual commerce claims.""]",,
MULTI_BRAND_04-02,MULTI_BRAND_04,train,no_accent,Tim dieu hoa LG inverter duoi 20 trieu con hang,MULTI_CONSTRAINT_SEARCH,,"{""brand"": ""LG"", ""category"": ""AIR_CONDITIONER"", ""max_price"": 20000000, ""inverter"": true}",STRUCTURED_MULTI_FILTER_SEARCH,"[""PRODUCT_DB"", ""PRICE_SERVICE"", ""INVENTORY_SERVICE""]",PRODUCT_LIST,"[""Apply all explicit constraints.""]","[""Do not invent product, price, stock, promotion, ranking or specification."", ""Use only verified backend/system data for factual commerce claims.""]",,
MULTI_BRAND_04-03,MULTI_BRAND_04,train,slang,tìm dieu hoa lg inverter dưới 20 triệu con hang,MULTI_CONSTRAINT_SEARCH,,"{""brand"": ""LG"", ""category"": ""AIR_CONDITIONER"", ""max_price"": 20000000, ""inverter"": true}",STRUCTURED_MULTI_FILTER_SEARCH,"[""PRODUCT_DB"", ""PRICE_SERVICE"", ""INVENTORY_SERVICE""]",PRODUCT_LIST,"[""Apply all explicit constraints.""]","[""Do not invent product, price, stock, promotion, ranking or specification."", ""Use only verified backend/system data for factual commerce claims.""]",,
MULTI_BRAND_04-04,MULTI_BRAND_04,train,natural,"Cho mình máy lạnh LG giá dưới 20tr, ưu tiên inverter",MULTI_CONSTRAINT_SEARCH,,"{""brand"": ""LG"", ""category"": ""AIR_CONDITIONER"", ""max_price"": 20000000, ""inverter"": true}",STRUCTURED_MULTI_FILTER_SEARCH,"[""PRODUCT_DB"", ""PRICE_SERVICE"", ""INVENTORY_SERVICE""]",PRODUCT_LIST,"[""Apply all explicit constraints.""]","[""Do not invent product, price, stock, promotion, ranking or specification."", ""Use only verified backend/system data for factual commerce claims.""]",,
MULTI_BRAND_04-05,MULTI_BRAND_04,train,no_accent,"Cho minh may lanh LG gia duoi 20tr, uu tien inverter",MULTI_CONSTRAINT_SEARCH,,"{""brand"": ""LG"", ""category"": ""AIR_CONDITIONER"", ""max_price"": 20000000, ""inverter"": true}",STRUCTURED_MULTI_FILTER_SEARCH,"[""PRODUCT_DB"", ""PRICE_SERVICE"", ""INVENTORY_SERVICE""]",PRODUCT_LIST,"[""Apply all explicit constraints.""]","[""Do not invent product, price, stock, promotion, ranking or specification."", ""Use only verified backend/system data for factual commerce claims.""]",,
MULTI_BRAND_04-06,MULTI_BRAND_04,train,slang,"cho mình may lanh lg gia dưới 20tr, ưu tiên inverter",MULTI_CONSTRAINT_SEARCH,,"{""brand"": ""LG"", ""category"": ""AIR_CONDITIONER"", ""max_price"": 20000000, ""inverter"": true}",STRUCTURED_MULTI_FILTER_SEARCH,"[""PRODUCT_DB"", ""PRICE_SERVICE"", ""INVENTORY_SERVICE""]",PRODUCT_LIST,"[""Apply all explicit constraints.""]","[""Do not invent product, price, stock, promotion, ranking or specification."", ""Use only verified backend/system data for factual commerce claims.""]",,
MULTI_BRAND_05-01,MULTI_BRAND_05,train,natural,Tìm điều hòa Samsung inverter dưới 8 triệu còn hàng,MULTI_CONSTRAINT_SEARCH,,"{""brand"": ""Samsung"", ""category"": ""AIR_CONDITIONER"", ""max_price"": 8000000, ""inverter"": true}",STRUCTURED_MULTI_FILTER_SEARCH,"[""PRODUCT_DB"", ""PRICE_SERVICE"", ""INVENTORY_SERVICE""]",PRODUCT_LIST,"[""Apply all explicit constraints.""]","[""Do not invent product, price, stock, promotion, ranking or specification."", ""Use only verified backend/system data for factual commerce claims.""]",,
MULTI_BRAND_05-02,MULTI_BRAND_05,train,no_accent,Tim dieu hoa Samsung inverter duoi 8 trieu con hang,MULTI_CONSTRAINT_SEARCH,,"{""brand"": ""Samsung"", ""category"": ""AIR_CONDITIONER"", ""max_price"": 8000000, ""inverter"": true}",STRUCTURED_MULTI_FILTER_SEARCH,"[""PRODUCT_DB"", ""PRICE_SERVICE"", ""INVENTORY_SERVICE""]",PRODUCT_LIST,"[""Apply all explicit constraints.""]","[""Do not invent product, price, stock, promotion, ranking or specification."", ""Use only verified backend/system data for factual commerce claims.""]",,
MULTI_BRAND_05-03,MULTI_BRAND_05,train,slang,tìm dieu hoa samsung inverter dưới 8 triệu con hang,MULTI_CONSTRAINT_SEARCH,,"{""brand"": ""Samsung"", ""category"": ""AIR_CONDITIONER"", ""max_price"": 8000000, ""inverter"": true}",STRUCTURED_MULTI_FILTER_SEARCH,"[""PRODUCT_DB"", ""PRICE_SERVICE"", ""INVENTORY_SERVICE""]",PRODUCT_LIST,"[""Apply all explicit constraints.""]","[""Do not invent product, price, stock, promotion, ranking or specification."", ""Use only verified backend/system data for factual commerce claims.""]",,
MULTI_BRAND_05-04,MULTI_BRAND_05,train,natural,"Cho mình máy lạnh Samsung giá dưới 8tr, ưu tiên inverter",MULTI_CONSTRAINT_SEARCH,,"{""brand"": ""Samsung"", ""category"": ""AIR_CONDITIONER"", ""max_price"": 8000000, ""inverter"": true}",STRUCTURED_MULTI_FILTER_SEARCH,"[""PRODUCT_DB"", ""PRICE_SERVICE"", ""INVENTORY_SERVICE""]",PRODUCT_LIST,"[""Apply all explicit constraints.""]","[""Do not invent product, price, stock, promotion, ranking or specification."", ""Use only verified backend/system data for factual commerce claims.""]",,
MULTI_BRAND_05-05,MULTI_BRAND_05,train,no_accent,"Cho minh may lanh Samsung gia duoi 8tr, uu tien inverter",MULTI_CONSTRAINT_SEARCH,,"{""brand"": ""Samsung"", ""category"": ""AIR_CONDITIONER"", ""max_price"": 8000000, ""inverter"": true}",STRUCTURED_MULTI_FILTER_SEARCH,"[""PRODUCT_DB"", ""PRICE_SERVICE"", ""INVENTORY_SERVICE""]",PRODUCT_LIST,"[""Apply all explicit constraints.""]","[""Do not invent product, price, stock, promotion, ranking or specification."", ""Use only verified backend/system data for factual commerce claims.""]",,
MULTI_BRAND_05-06,MULTI_BRAND_05,train,slang,"cho mình may lanh samsung gia dưới 8tr, ưu tiên inverter",MULTI_CONSTRAINT_SEARCH,,"{""brand"": ""Samsung"", ""category"": ""AIR_CONDITIONER"", ""max_price"": 8000000, ""inverter"": true}",STRUCTURED_MULTI_FILTER_SEARCH,"[""PRODUCT_DB"", ""PRICE_SERVICE"", ""INVENTORY_SERVICE""]",PRODUCT_LIST,"[""Apply all explicit constraints.""]","[""Do not invent product, price, stock, promotion, ranking or specification."", ""Use only verified backend/system data for factual commerce claims.""]",,
NEED_AC_001-01,NEED_AC_001,train,natural,Phòng 20m2 ngân sách 12 triệu thích Daikin thì có mẫu nào?,PRODUCT_ADVICE,AIR_CONDITIONER_SIZING,"{""area_m2"": ""extract"", ""budget"": ""extract"", ""brand"": ""extract_if_present"", ""priorities"": ""extract_if_present"", ""direction"": ""extract_if_present""}",CALCULATE_THEN_STRUCTURED_SEARCH,"[""SKILL_RULES"", ""PRODUCT_DB"", ""PRICE_SERVICE"", ""INVENTORY_SERVICE""]",ADVICE_WITH_PRODUCTS,"[""First compute required capacity, then apply budget/brand/feature constraints.""]","[""Do not invent product, price, stock, promotion, ranking or specification."", ""Use only verified backend/system data for factual commerce claims.""]",,
NEED_AC_001-02,NEED_AC_001,train,no_accent,Phong 20m2 ngan sach 12 trieu thich Daikin thi co mau nao?,PRODUCT_ADVICE,AIR_CONDITIONER_SIZING,"{""area_m2"": ""extract"", ""budget"": ""extract"", ""brand"": ""extract_if_present"", ""priorities"": ""extract_if_present"", ""direction"": ""extract_if_present""}",CALCULATE_THEN_STRUCTURED_SEARCH,"[""SKILL_RULES"", ""PRODUCT_DB"", ""PRICE_SERVICE"", ""INVENTORY_SERVICE""]",ADVICE_WITH_PRODUCTS,"[""First compute required capacity, then apply budget/brand/feature constraints.""]","[""Do not invent product, price, stock, promotion, ranking or specification."", ""Use only verified backend/system data for factual commerce claims.""]",,
NEED_AC_001-03,NEED_AC_001,train,slang,phong 20m2 ngân sách 12 triệu thích daikin thì có mẫu nào?,PRODUCT_ADVICE,AIR_CONDITIONER_SIZING,"{""area_m2"": ""extract"", ""budget"": ""extract"", ""brand"": ""extract_if_present"", ""priorities"": ""extract_if_present"", ""direction"": ""extract_if_present""}",CALCULATE_THEN_STRUCTURED_SEARCH,"[""SKILL_RULES"", ""PRODUCT_DB"", ""PRICE_SERVICE"", ""INVENTORY_SERVICE""]",ADVICE_WITH_PRODUCTS,"[""First compute required capacity, then apply budget/brand/feature constraints.""]","[""Do not invent product, price, stock, promotion, ranking or specification."", ""Use only verified backend/system data for factual commerce claims.""]",,
NEED_AC_001-04,NEED_AC_001,train,natural,"Phòng ngủ 18m2, tầm 10 triệu, muốn Panasonic inverter",PRODUCT_ADVICE,AIR_CONDITIONER_SIZING,"{""area_m2"": ""extract"", ""budget"": ""extract"", ""brand"": ""extract_if_present"", ""priorities"": ""extract_if_present"", ""direction"": ""extract_if_present""}",CALCULATE_THEN_STRUCTURED_SEARCH,"[""SKILL_RULES"", ""PRODUCT_DB"", ""PRICE_SERVICE"", ""INVENTORY_SERVICE""]",ADVICE_WITH_PRODUCTS,"[""First compute required capacity, then apply budget/brand/feature constraints.""]","[""Do not invent product, price, stock, promotion, ranking or specification."", ""Use only verified backend/system data for factual commerce claims.""]",,
NEED_AC_001-05,NEED_AC_001,train,no_accent,"Phong ngu 18m2, tam 10 trieu, muon Panasonic inverter",PRODUCT_ADVICE,AIR_CONDITIONER_SIZING,"{""area_m2"": ""extract"", ""budget"": ""extract"", ""brand"": ""extract_if_present"", ""priorities"": ""extract_if_present"", ""direction"": ""extract_if_present""}",CALCULATE_THEN_STRUCTURED_SEARCH,"[""SKILL_RULES"", ""PRODUCT_DB"", ""PRICE_SERVICE"", ""INVENTORY_SERVICE""]",ADVICE_WITH_PRODUCTS,"[""First compute required capacity, then apply budget/brand/feature constraints.""]","[""Do not invent product, price, stock, promotion, ranking or specification."", ""Use only verified backend/system data for factual commerce claims.""]",,
NEED_AC_001-06,NEED_AC_001,train,slang,"phong ngủ 18m2, tầm 10 triệu, muốn panasonic inverter",PRODUCT_ADVICE,AIR_CONDITIONER_SIZING,"{""area_m2"": ""extract"", ""budget"": ""extract"", ""brand"": ""extract_if_present"", ""priorities"": ""extract_if_present"", ""direction"": ""extract_if_present""}",CALCULATE_THEN_STRUCTURED_SEARCH,"[""SKILL_RULES"", ""PRODUCT_DB"", ""PRICE_SERVICE"", ""INVENTORY_SERVICE""]",ADVICE_WITH_PRODUCTS,"[""First compute required capacity, then apply budget/brand/feature constraints.""]","[""Do not invent product, price, stock, promotion, ranking or specification."", ""Use only verified backend/system data for factual commerce claims.""]",,
NEED_AC_001-07,NEED_AC_001,train,natural,Phòng 25m2 dưới 15 triệu ưu tiên tiết kiệm điện,PRODUCT_ADVICE,AIR_CONDITIONER_SIZING,"{""area_m2"": ""extract"", ""budget"": ""extract"", ""brand"": ""extract_if_present"", ""priorities"": ""extract_if_present"", ""direction"": ""extract_if_present""}",CALCULATE_THEN_STRUCTURED_SEARCH,"[""SKILL_RULES"", ""PRODUCT_DB"", ""PRICE_SERVICE"", ""INVENTORY_SERVICE""]",ADVICE_WITH_PRODUCTS,"[""First compute required capacity, then apply budget/brand/feature constraints.""]","[""Do not invent product, price, stock, promotion, ranking or specification."", ""Use only verified backend/system data for factual commerce claims.""]",,
NEED_AC_001-08,NEED_AC_001,train,no_accent,Phong 25m2 duoi 15 trieu uu tien tiet kiem dien,PRODUCT_ADVICE,AIR_CONDITIONER_SIZING,"{""area_m2"": ""extract"", ""budget"": ""extract"", ""brand"": ""extract_if_present"", ""priorities"": ""extract_if_present"", ""direction"": ""extract_if_present""}",CALCULATE_THEN_STRUCTURED_SEARCH,"[""SKILL_RULES"", ""PRODUCT_DB"", ""PRICE_SERVICE"", ""INVENTORY_SERVICE""]",ADVICE_WITH_PRODUCTS,"[""First compute required capacity, then apply budget/brand/feature constraints.""]","[""Do not invent product, price, stock, promotion, ranking or specification."", ""Use only verified backend/system data for factual commerce claims.""]",,
NEED_AC_001-09,NEED_AC_001,train,slang,phong 25m2 dưới 15 triệu ưu tiên tiết kiệm điện,PRODUCT_ADVICE,AIR_CONDITIONER_SIZING,"{""area_m2"": ""extract"", ""budget"": ""extract"", ""brand"": ""extract_if_present"", ""priorities"": ""extract_if_present"", ""direction"": ""extract_if_present""}",CALCULATE_THEN_STRUCTURED_SEARCH,"[""SKILL_RULES"", ""PRODUCT_DB"", ""PRICE_SERVICE"", ""INVENTORY_SERVICE""]",ADVICE_WITH_PRODUCTS,"[""First compute required capacity, then apply budget/brand/feature constraints.""]","[""Do not invent product, price, stock, promotion, ranking or specification."", ""Use only verified backend/system data for factual commerce claims.""]",,
NEED_AC_001-10,NEED_AC_001,train,natural,Phòng 15m2 muốn Midea giá rẻ nhưng phải inverter,PRODUCT_ADVICE,AIR_CONDITIONER_SIZING,"{""area_m2"": ""extract"", ""budget"": ""extract"", ""brand"": ""extract_if_present"", ""priorities"": ""extract_if_present"", ""direction"": ""extract_if_present""}",CALCULATE_THEN_STRUCTURED_SEARCH,"[""SKILL_RULES"", ""PRODUCT_DB"", ""PRICE_SERVICE"", ""INVENTORY_SERVICE""]",ADVICE_WITH_PRODUCTS,"[""First compute required capacity, then apply budget/brand/feature constraints.""]","[""Do not invent product, price, stock, promotion, ranking or specification."", ""Use only verified backend/system data for factual commerce claims.""]",,
NEED_AC_001-11,NEED_AC_001,train,no_accent,Phong 15m2 muon Midea gia re nhung phai inverter,PRODUCT_ADVICE,AIR_CONDITIONER_SIZING,"{""area_m2"": ""extract"", ""budget"": ""extract"", ""brand"": ""extract_if_present"", ""priorities"": ""extract_if_present"", ""direction"": ""extract_if_present""}",CALCULATE_THEN_STRUCTURED_SEARCH,"[""SKILL_RULES"", ""PRODUCT_DB"", ""PRICE_SERVICE"", ""INVENTORY_SERVICE""]",ADVICE_WITH_PRODUCTS,"[""First compute required capacity, then apply budget/brand/feature constraints.""]","[""Do not invent product, price, stock, promotion, ranking or specification."", ""Use only verified backend/system data for factual commerce claims.""]",,
NEED_AC_001-12,NEED_AC_001,train,slang,phong 15m2 muốn midea gia rẻ nhưng phải inverter,PRODUCT_ADVICE,AIR_CONDITIONER_SIZING,"{""area_m2"": ""extract"", ""budget"": ""extract"", ""brand"": ""extract_if_present"", ""priorities"": ""extract_if_present"", ""direction"": ""extract_if_present""}",CALCULATE_THEN_STRUCTURED_SEARCH,"[""SKILL_RULES"", ""PRODUCT_DB"", ""PRICE_SERVICE"", ""INVENTORY_SERVICE""]",ADVICE_WITH_PRODUCTS,"[""First compute required capacity, then apply budget/brand/feature constraints.""]","[""Do not invent product, price, stock, promotion, ranking or specification."", ""Use only verified backend/system data for factual commerce claims.""]",,
NEED_AC_001-13,NEED_AC_001,train,natural,Phòng 30m2 hướng Tây ngân sách khoảng 20 triệu,PRODUCT_ADVICE,AIR_CONDITIONER_SIZING,"{""area_m2"": ""extract"", ""budget"": ""extract"", ""brand"": ""extract_if_present"", ""priorities"": ""extract_if_present"", ""direction"": ""extract_if_present""}",CALCULATE_THEN_STRUCTURED_SEARCH,"[""SKILL_RULES"", ""PRODUCT_DB"", ""PRICE_SERVICE"", ""INVENTORY_SERVICE""]",ADVICE_WITH_PRODUCTS,"[""First compute required capacity, then apply budget/brand/feature constraints.""]","[""Do not invent product, price, stock, promotion, ranking or specification."", ""Use only verified backend/system data for factual commerce claims.""]",,
NEED_AC_001-14,NEED_AC_001,train,no_accent,Phong 30m2 huong Tay ngan sach khoang 20 trieu,PRODUCT_ADVICE,AIR_CONDITIONER_SIZING,"{""area_m2"": ""extract"", ""budget"": ""extract"", ""brand"": ""extract_if_present"", ""priorities"": ""extract_if_present"", ""direction"": ""extract_if_present""}",CALCULATE_THEN_STRUCTURED_SEARCH,"[""SKILL_RULES"", ""PRODUCT_DB"", ""PRICE_SERVICE"", ""INVENTORY_SERVICE""]",ADVICE_WITH_PRODUCTS,"[""First compute required capacity, then apply budget/brand/feature constraints.""]","[""Do not invent product, price, stock, promotion, ranking or specification."", ""Use only verified backend/system data for factual commerce claims.""]",,
NEED_AC_001-15,NEED_AC_001,train,slang,phong 30m2 hướng tây ngân sách khoảng 20 triệu,PRODUCT_ADVICE,AIR_CONDITIONER_SIZING,"{""area_m2"": ""extract"", ""budget"": ""extract"", ""brand"": ""extract_if_present"", ""priorities"": ""extract_if_present"", ""direction"": ""extract_if_present""}",CALCULATE_THEN_STRUCTURED_SEARCH,"[""SKILL_RULES"", ""PRODUCT_DB"", ""PRICE_SERVICE"", ""INVENTORY_SERVICE""]",ADVICE_WITH_PRODUCTS,"[""First compute required capacity, then apply budget/brand/feature constraints.""]","[""Do not invent product, price, stock, promotion, ranking or specification."", ""Use only verified backend/system data for factual commerce claims.""]",,
BEST_QUAL_001-01,BEST_QUAL_001,train,natural,Điều hòa nào tốt nhất dưới 12 triệu?,BEST_BY_CRITERIA,,"{""category"": ""extract"", ""budget"": ""extract_if_present"", ""use_case"": ""extract_if_present""}",DEFINE_CRITERIA_THEN_RANK,"[""PRODUCT_DB"", ""PRICE_SERVICE"", ""KNOWLEDGE_DB""]",CRITERIA_BASED_RECOMMENDATION,"[""Translate 'best' into explicit criteria; if criteria are absent, use a small balanced set and explain the basis.""]","[""Do not invent product, price, stock, promotion, ranking or specification."", ""Use only verified backend/system data for factual commerce claims."", ""Do not claim universal superiority.""]",,
BEST_QUAL_001-02,BEST_QUAL_001,train,no_accent,Dieu hoa nao tot nhat duoi 12 trieu?,BEST_BY_CRITERIA,,"{""category"": ""extract"", ""budget"": ""extract_if_present"", ""use_case"": ""extract_if_present""}",DEFINE_CRITERIA_THEN_RANK,"[""PRODUCT_DB"", ""PRICE_SERVICE"", ""KNOWLEDGE_DB""]",CRITERIA_BASED_RECOMMENDATION,"[""Translate 'best' into explicit criteria; if criteria are absent, use a small balanced set and explain the basis.""]","[""Do not invent product, price, stock, promotion, ranking or specification."", ""Use only verified backend/system data for factual commerce claims."", ""Do not claim universal superiority.""]",,
BEST_QUAL_001-03,BEST_QUAL_001,train,slang,dieu hoa nào tốt nhất dưới 12 triệu?,BEST_BY_CRITERIA,,"{""category"": ""extract"", ""budget"": ""extract_if_present"", ""use_case"": ""extract_if_present""}",DEFINE_CRITERIA_THEN_RANK,"[""PRODUCT_DB"", ""PRICE_SERVICE"", ""KNOWLEDGE_DB""]",CRITERIA_BASED_RECOMMENDATION,"[""Translate 'best' into explicit criteria; if criteria are absent, use a small balanced set and explain the basis.""]","[""Do not invent product, price, stock, promotion, ranking or specification."", ""Use only verified backend/system data for factual commerce claims."", ""Do not claim universal superiority.""]",,
BEST_QUAL_001-04,BEST_QUAL_001,train,natural,Máy giặt nào đáng mua nhất tầm 10 triệu?,BEST_BY_CRITERIA,,"{""category"": ""extract"", ""budget"": ""extract_if_present"", ""use_case"": ""extract_if_present""}",DEFINE_CRITERIA_THEN_RANK,"[""PRODUCT_DB"", ""PRICE_SERVICE"", ""KNOWLEDGE_DB""]",CRITERIA_BASED_RECOMMENDATION,"[""Translate 'best' into explicit criteria; if criteria are absent, use a small balanced set and explain the basis.""]","[""Do not invent product, price, stock, promotion, ranking or specification."", ""Use only verified backend/system data for factual commerce claims."", ""Do not claim universal superiority.""]",,
BEST_QUAL_001-05,BEST_QUAL_001,train,no_accent,May giat nao dang mua nhat tam 10 trieu?,BEST_BY_CRITERIA,,"{""category"": ""extract"", ""budget"": ""extract_if_present"", ""use_case"": ""extract_if_present""}",DEFINE_CRITERIA_THEN_RANK,"[""PRODUCT_DB"", ""PRICE_SERVICE"", ""KNOWLEDGE_DB""]",CRITERIA_BASED_RECOMMENDATION,"[""Translate 'best' into explicit criteria; if criteria are absent, use a small balanced set and explain the basis.""]","[""Do not invent product, price, stock, promotion, ranking or specification."", ""Use only verified backend/system data for factual commerce claims."", ""Do not claim universal superiority.""]",,
BEST_QUAL_001-06,BEST_QUAL_001,train,slang,may giat nào đáng mua nhất tầm 10 triệu?,BEST_BY_CRITERIA,,"{""category"": ""extract"", ""budget"": ""extract_if_present"", ""use_case"": ""extract_if_present""}",DEFINE_CRITERIA_THEN_RANK,"[""PRODUCT_DB"", ""PRICE_SERVICE"", ""KNOWLEDGE_DB""]",CRITERIA_BASED_RECOMMENDATION,"[""Translate 'best' into explicit criteria; if criteria are absent, use a small balanced set and explain the basis.""]","[""Do not invent product, price, stock, promotion, ranking or specification."", ""Use only verified backend/system data for factual commerce claims."", ""Do not claim universal superiority.""]",,
BEST_QUAL_001-07,BEST_QUAL_001,train,natural,TV nào tốt nhất cho xem phim trong tầm 20 triệu?,BEST_BY_CRITERIA,,"{""category"": ""extract"", ""budget"": ""extract_if_present"", ""use_case"": ""extract_if_present""}",DEFINE_CRITERIA_THEN_RANK,"[""PRODUCT_DB"", ""PRICE_SERVICE"", ""KNOWLEDGE_DB""]",CRITERIA_BASED_RECOMMENDATION,"[""Translate 'best' into explicit criteria; if criteria are absent, use a small balanced set and explain the basis.""]","[""Do not invent product, price, stock, promotion, ranking or specification."", ""Use only verified backend/system data for factual commerce claims."", ""Do not claim universal superiority.""]",,
BEST_QUAL_001-08,BEST_QUAL_001,train,no_accent,TV nao tot nhat cho xem phim trong tam 20 trieu?,BEST_BY_CRITERIA,,"{""category"": ""extract"", ""budget"": ""extract_if_present"", ""use_case"": ""extract_if_present""}",DEFINE_CRITERIA_THEN_RANK,"[""PRODUCT_DB"", ""PRICE_SERVICE"", ""KNOWLEDGE_DB""]",CRITERIA_BASED_RECOMMENDATION,"[""Translate 'best' into explicit criteria; if criteria are absent, use a small balanced set and explain the basis.""]","[""Do not invent product, price, stock, promotion, ranking or specification."", ""Use only verified backend/system data for factual commerce claims."", ""Do not claim universal superiority.""]",,
BEST_QUAL_001-09,BEST_QUAL_001,train,natural,Tủ lạnh nào hợp lý nhất cho gia đình 4 người?,BEST_BY_CRITERIA,,"{""category"": ""extract"", ""budget"": ""extract_if_present"", ""use_case"": ""extract_if_present""}",DEFINE_CRITERIA_THEN_RANK,"[""PRODUCT_DB"", ""PRICE_SERVICE"", ""KNOWLEDGE_DB""]",CRITERIA_BASED_RECOMMENDATION,"[""Translate 'best' into explicit criteria; if criteria are absent, use a small balanced set and explain the basis.""]","[""Do not invent product, price, stock, promotion, ranking or specification."", ""Use only verified backend/system data for factual commerce claims."", ""Do not claim universal superiority.""]",,
BEST_QUAL_001-10,BEST_QUAL_001,train,no_accent,Tu lanh nao hop ly nhat cho gia dinh 4 nguoi?,BEST_BY_CRITERIA,,"{""category"": ""extract"", ""budget"": ""extract_if_present"", ""use_case"": ""extract_if_present""}",DEFINE_CRITERIA_THEN_RANK,"[""PRODUCT_DB"", ""PRICE_SERVICE"", ""KNOWLEDGE_DB""]",CRITERIA_BASED_RECOMMENDATION,"[""Translate 'best' into explicit criteria; if criteria are absent, use a small balanced set and explain the basis.""]","[""Do not invent product, price, stock, promotion, ranking or specification."", ""Use only verified backend/system data for factual commerce claims."", ""Do not claim universal superiority.""]",,
BEST_QUAL_001-11,BEST_QUAL_001,train,slang,tu lanh nào hợp lý nhất cho gia đình 4 người?,BEST_BY_CRITERIA,,"{""category"": ""extract"", ""budget"": ""extract_if_present"", ""use_case"": ""extract_if_present""}",DEFINE_CRITERIA_THEN_RANK,"[""PRODUCT_DB"", ""PRICE_SERVICE"", ""KNOWLEDGE_DB""]",CRITERIA_BASED_RECOMMENDATION,"[""Translate 'best' into explicit criteria; if criteria are absent, use a small balanced set and explain the basis.""]","[""Do not invent product, price, stock, promotion, ranking or specification."", ""Use only verified backend/system data for factual commerce claims."", ""Do not claim universal superiority.""]",,
BEST_QUAL_001-12,BEST_QUAL_001,train,natural,Máy sấy nào đáng tiền dưới 15 triệu?,BEST_BY_CRITERIA,,"{""category"": ""extract"", ""budget"": ""extract_if_present"", ""use_case"": ""extract_if_present""}",DEFINE_CRITERIA_THEN_RANK,"[""PRODUCT_DB"", ""PRICE_SERVICE"", ""KNOWLEDGE_DB""]",CRITERIA_BASED_RECOMMENDATION,"[""Translate 'best' into explicit criteria; if criteria are absent, use a small balanced set and explain the basis.""]","[""Do not invent product, price, stock, promotion, ranking or specification."", ""Use only verified backend/system data for factual commerce claims."", ""Do not claim universal superiority.""]",,
BEST_QUAL_001-13,BEST_QUAL_001,train,no_accent,May say nao dang tien duoi 15 trieu?,BEST_BY_CRITERIA,,"{""category"": ""extract"", ""budget"": ""extract_if_present"", ""use_case"": ""extract_if_present""}",DEFINE_CRITERIA_THEN_RANK,"[""PRODUCT_DB"", ""PRICE_SERVICE"", ""KNOWLEDGE_DB""]",CRITERIA_BASED_RECOMMENDATION,"[""Translate 'best' into explicit criteria; if criteria are absent, use a small balanced set and explain the basis.""]","[""Do not invent product, price, stock, promotion, ranking or specification."", ""Use only verified backend/system data for factual commerce claims."", ""Do not claim universal superiority.""]",,
USAGE_001-01,USAGE_001,train,natural,Điều hòa nên để bao nhiêu độ khi ngủ?,PRODUCT_USAGE_GUIDANCE,,"{""category"": ""extract"", ""topic"": ""extract""}",RETRIEVE_USAGE_GUIDANCE,"[""KNOWLEDGE_DB"", ""PRODUCT_MANUALS_IF_AVAILABLE""]",SAFE_USAGE_GUIDANCE,"[""Prefer model-specific manual when product model is known; otherwise clearly give general guidance.""]","[""Do not invent product, price, stock, promotion, ranking or specification."", ""Use only verified backend/system data for factual commerce claims.""]",,
USAGE_001-02,USAGE_001,train,no_accent,Dieu hoa nen de bao nhieu do khi ngu?,PRODUCT_USAGE_GUIDANCE,,"{""category"": ""extract"", ""topic"": ""extract""}",RETRIEVE_USAGE_GUIDANCE,"[""KNOWLEDGE_DB"", ""PRODUCT_MANUALS_IF_AVAILABLE""]",SAFE_USAGE_GUIDANCE,"[""Prefer model-specific manual when product model is known; otherwise clearly give general guidance.""]","[""Do not invent product, price, stock, promotion, ranking or specification."", ""Use only verified backend/system data for factual commerce claims.""]",,
USAGE_001-03,USAGE_001,train,slang,dieu hoa nên để bn độ khi ngủ?,PRODUCT_USAGE_GUIDANCE,,"{""category"": ""extract"", ""topic"": ""extract""}",RETRIEVE_USAGE_GUIDANCE,"[""KNOWLEDGE_DB"", ""PRODUCT_MANUALS_IF_AVAILABLE""]",SAFE_USAGE_GUIDANCE,"[""Prefer model-specific manual when product model is known; otherwise clearly give general guidance.""]","[""Do not invent product, price, stock, promotion, ranking or specification."", ""Use only verified backend/system data for factual commerce claims.""]",,
USAGE_001-04,USAGE_001,train,natural,Máy giặt nên dùng chế độ nào cho đồ trẻ em?,PRODUCT_USAGE_GUIDANCE,,"{""category"": ""extract"", ""topic"": ""extract""}",RETRIEVE_USAGE_GUIDANCE,"[""KNOWLEDGE_DB"", ""PRODUCT_MANUALS_IF_AVAILABLE""]",SAFE_USAGE_GUIDANCE,"[""Prefer model-specific manual when product model is known; otherwise clearly give general guidance.""]","[""Do not invent product, price, stock, promotion, ranking or specification."", ""Use only verified backend/system data for factual commerce claims.""]",,
USAGE_001-05,USAGE_001,train,no_accent,May giat nen dung che do nao cho do tre em?,PRODUCT_USAGE_GUIDANCE,,"{""category"": ""extract"", ""topic"": ""extract""}",RETRIEVE_USAGE_GUIDANCE,"[""KNOWLEDGE_DB"", ""PRODUCT_MANUALS_IF_AVAILABLE""]",SAFE_USAGE_GUIDANCE,"[""Prefer model-specific manual when product model is known; otherwise clearly give general guidance.""]","[""Do not invent product, price, stock, promotion, ranking or specification."", ""Use only verified backend/system data for factual commerce claims.""]",,
USAGE_001-06,USAGE_001,train,slang,may giat nên dùng chế độ nào cho đồ trẻ em?,PRODUCT_USAGE_GUIDANCE,,"{""category"": ""extract"", ""topic"": ""extract""}",RETRIEVE_USAGE_GUIDANCE,"[""KNOWLEDGE_DB"", ""PRODUCT_MANUALS_IF_AVAILABLE""]",SAFE_USAGE_GUIDANCE,"[""Prefer model-specific manual when product model is known; otherwise clearly give general guidance.""]","[""Do not invent product, price, stock, promotion, ranking or specification."", ""Use only verified backend/system data for factual commerce claims.""]",,
USAGE_001-07,USAGE_001,train,natural,Tủ lạnh mới mua bao lâu thì cắm điện?,PRODUCT_USAGE_GUIDANCE,,"{""category"": ""extract"", ""topic"": ""extract""}",RETRIEVE_USAGE_GUIDANCE,"[""KNOWLEDGE_DB"", ""PRODUCT_MANUALS_IF_AVAILABLE""]",SAFE_USAGE_GUIDANCE,"[""Prefer model-specific manual when product model is known; otherwise clearly give general guidance.""]","[""Do not invent product, price, stock, promotion, ranking or specification."", ""Use only verified backend/system data for factual commerce claims.""]",,
USAGE_001-08,USAGE_001,train,no_accent,Tu lanh moi mua bao lau thi cam dien?,PRODUCT_USAGE_GUIDANCE,,"{""category"": ""extract"", ""topic"": ""extract""}",RETRIEVE_USAGE_GUIDANCE,"[""KNOWLEDGE_DB"", ""PRODUCT_MANUALS_IF_AVAILABLE""]",SAFE_USAGE_GUIDANCE,"[""Prefer model-specific manual when product model is known; otherwise clearly give general guidance.""]","[""Do not invent product, price, stock, promotion, ranking or specification."", ""Use only verified backend/system data for factual commerce claims.""]",,
USAGE_001-09,USAGE_001,train,slang,tu lanh mới mua bao lâu thì cắm điện?,PRODUCT_USAGE_GUIDANCE,,"{""category"": ""extract"", ""topic"": ""extract""}",RETRIEVE_USAGE_GUIDANCE,"[""KNOWLEDGE_DB"", ""PRODUCT_MANUALS_IF_AVAILABLE""]",SAFE_USAGE_GUIDANCE,"[""Prefer model-specific manual when product model is known; otherwise clearly give general guidance.""]","[""Do not invent product, price, stock, promotion, ranking or specification."", ""Use only verified backend/system data for factual commerce claims.""]",,
USAGE_001-10,USAGE_001,train,natural,TV OLED cần lưu ý gì để dùng bền?,PRODUCT_USAGE_GUIDANCE,,"{""category"": ""extract"", ""topic"": ""extract""}",RETRIEVE_USAGE_GUIDANCE,"[""KNOWLEDGE_DB"", ""PRODUCT_MANUALS_IF_AVAILABLE""]",SAFE_USAGE_GUIDANCE,"[""Prefer model-specific manual when product model is known; otherwise clearly give general guidance.""]","[""Do not invent product, price, stock, promotion, ranking or specification."", ""Use only verified backend/system data for factual commerce claims.""]",,
USAGE_001-11,USAGE_001,train,no_accent,TV OLED can luu y gi de dung ben?,PRODUCT_USAGE_GUIDANCE,,"{""category"": ""extract"", ""topic"": ""extract""}",RETRIEVE_USAGE_GUIDANCE,"[""KNOWLEDGE_DB"", ""PRODUCT_MANUALS_IF_AVAILABLE""]",SAFE_USAGE_GUIDANCE,"[""Prefer model-specific manual when product model is known; otherwise clearly give general guidance.""]","[""Do not invent product, price, stock, promotion, ranking or specification."", ""Use only verified backend/system data for factual commerce claims.""]",,
USAGE_001-12,USAGE_001,train,natural,Máy sấy nên chọn chế độ nào cho quần áo cotton?,PRODUCT_USAGE_GUIDANCE,,"{""category"": ""extract"", ""topic"": ""extract""}",RETRIEVE_USAGE_GUIDANCE,"[""KNOWLEDGE_DB"", ""PRODUCT_MANUALS_IF_AVAILABLE""]",SAFE_USAGE_GUIDANCE,"[""Prefer model-specific manual when product model is known; otherwise clearly give general guidance.""]","[""Do not invent product, price, stock, promotion, ranking or specification."", ""Use only verified backend/system data for factual commerce claims.""]",,
USAGE_001-13,USAGE_001,train,no_accent,May say nen chon che do nao cho quan ao cotton?,PRODUCT_USAGE_GUIDANCE,,"{""category"": ""extract"", ""topic"": ""extract""}",RETRIEVE_USAGE_GUIDANCE,"[""KNOWLEDGE_DB"", ""PRODUCT_MANUALS_IF_AVAILABLE""]",SAFE_USAGE_GUIDANCE,"[""Prefer model-specific manual when product model is known; otherwise clearly give general guidance.""]","[""Do not invent product, price, stock, promotion, ranking or specification."", ""Use only verified backend/system data for factual commerce claims.""]",,
